mirna,gene,label,rnahybrid_score,cnn_score
hsa-let-7a-5p,RFX5,0,24.6,0.3872242867946625
hsa-let-7a-5p,PPIL4,0,,0.2728893756866455
hsa-let-7a-5p,TBKBP1,0,22.1,0.4959963262081146
hsa-let-7a-5p,RGS3,0,23.4,0.13159316778182983
hsa-let-7a-5p,NUP37,0,,0.3336333930492401
hsa-let-7a-5p,MAP3K2,0,,0.30028921365737915
hsa-let-7a-5p,VPS26B,0,,0.26534610986709595
hsa-let-7a-5p,IL13RA1,0,,0.23623207211494446
hsa-let-7a-5p,TRIP12,0,24.5,0.2915796637535095
hsa-let-7a-5p,DDX19B,0,,0.47702011466026306
hsa-let-7a-5p,AC144568.2,0,25.9,0.3324964642524719
hsa-let-7a-5p,CCND2,1,,0.2690935730934143
hsa-let-7a-5p,N4BP1,0,,0.11207442730665207
hsa-let-7a-5p,ZNF792,0,24.6,0.4826561212539673
hsa-let-7a-5p,PLXNC1,0,,0.3869263827800751
hsa-let-7a-5p,MMP1,0,22.8,0.44224998354911804
hsa-let-7a-5p,PRDM1,1,,0.24794867634773254
hsa-let-7a-5p,TTLL5,0,28.5,0.2510449290275574
hsa-let-7a-5p,HYKK,0,20.0,0.39598163962364197
hsa-let-7a-5p,OLR1,0,,0.33901727199554443
hsa-let-7a-5p,TMEM138,0,23.5,0.41175228357315063
hsa-let-7a-5p,ALS2,0,25.1,0.16858527064323425
hsa-let-7a-5p,ISLR,0,25.5,0.4512708783149719
hsa-let-7a-5p,FAM96A,0,22.1,0.38169872760772705
hsa-let-7a-5p,ZYG11A,0,,0.23339959979057312
hsa-let-7a-5p,DAZ1,0,22.7,0.3308863043785095
hsa-let-7a-5p,EZH2,1,23.1,0.37713706493377686
hsa-let-7a-5p,PGBD1,0,25.5,0.3683227002620697
hsa-let-7a-5p,HMGA2,1,25.6,0.4801466166973114
hsa-let-7a-5p,ANKRD39,0,20.3,0.4406570494174957
hsa-let-7a-5p,SRGN,0,23.8,0.4166189432144165
hsa-let-7a-5p,SLC25A10,0,24.6,0.28472664952278137
hsa-let-7a-5p,SP8,0,,0.41219890117645264
hsa-let-7a-5p,CASP3,1,23.8,0.5320472717285156
hsa-let-7a-5p,RAVER2,1,,0.3148464560508728
hsa-let-7a-5p,VTI1B,0,,0.2725902795791626
hsa-let-7a-5p,TRIM71,1,,0.5101038217544556
hsa-let-7a-5p,FUT4,0,,0.3149462938308716
hsa-let-7a-5p,AFF2,0,15.5,0.2981935143470764
hsa-let-7a-5p,CNOT6,0,,0.2842795252799988
hsa-let-7a-5p,CEP57,0,21.8,0.3756048083305359
hsa-let-7a-5p,NRAS,1,,0.3744696378707886
hsa-let-7a-5p,PAK1,1,23.4,0.24503107368946075
hsa-let-7a-5p,SHANK2,0,21.8,0.4309688210487366
hsa-let-7a-5p,ZNF557,0,,0.36287274956703186
hsa-let-7a-5p,AURKB,1,22.8,0.5445616245269775
hsa-let-7a-5p,ASXL1,0,29.5,0.41799798607826233
hsa-let-7a-5p,LIN28A,1,,0.38770827651023865
hsa-let-7a-5p,ITGB3,1,19.7,0.3031235337257385
hsa-let-7a-5p,STAU2,0,20.9,0.3688516318798065
hsa-let-7a-5p,PARM1,0,,0.4542286694049835
hsa-let-7a-5p,IL6,1,21.4,0.45718371868133545
hsa-let-7a-5p,E2F2,1,,0.2556191682815552
hsa-let-7a-5p,PROB1,0,23.5,0.3414168357849121
hsa-let-7a-5p,ABCB9,0,22.6,0.470710813999176
hsa-let-7a-5p,ENPP4,0,,0.20123149454593658
hsa-let-7a-5p,TNFSF8,0,,0.18265485763549805
hsa-let-7a-5p,FSTL4,0,,0.2469468116760254
hsa-let-7a-5p,CCR7,1,,0.4928721785545349
hsa-let-7a-5p,HMGA1,1,27.3,0.4769399166107178
hsa-let-7a-5p,KLK6,0,21.3,0.3948098123073578
hsa-let-7a-5p,NKIRAS2,1,26.3,0.2453560084104538
hsa-let-7a-5p,PIK3CG,0,,0.2757973372936249
hsa-let-7a-5p,TMEM236,0,23.3,0.33080923557281494
hsa-let-7a-5p,CARF,0,22.8,0.3167692720890045
hsa-let-7a-5p,RAB40C,1,25.6,0.23104414343833923
hsa-let-7a-5p,DICER1,1,,0.3543769419193268
hsa-let-7a-5p,C6orf211,0,,0.38278263807296753
hsa-let-7a-5p,RAB3GAP1,0,26.9,0.25604158639907837
hsa-let-7a-5p,B3GAT3,0,25.9,0.4172723591327667
hsa-let-7a-5p,YY1,0,,0.26104092597961426
hsa-let-7a-5p,WDR73,0,,0.3165915310382843
hsa-let-7a-5p,UHRF2,1,25.9,0.5392535328865051
hsa-let-7a-5p,NR1I2,1,25.2,0.4057556390762329
hsa-let-7a-5p,SLC16A10,0,,0.319579541683197
hsa-let-7a-5p,GRIK3,0,23.5,0.41769760847091675
hsa-let-7a-5p,SLC30A4,0,,0.31000009179115295
hsa-let-7a-5p,OR2M7,0,15.6,0.6360214352607727
hsa-let-7a-5p,AGO4,1,,0.3210030496120453
hsa-let-7a-5p,HAS2,1,,0.3015598654747009
hsa-let-7a-5p,XKR4,0,,0.27766329050064087
hsa-let-7a-5p,LAX1,0,,0.19578608870506287
hsa-let-7a-5p,AGO1,1,,0.2939192056655884
hsa-let-7a-5p,TOR1A,0,,0.2572058439254761
hsa-let-7a-5p,COL27A1,0,26.6,0.36574241518974304
hsa-let-7a-5p,CIAO1,0,,0.30363500118255615
hsa-miR-1-3p,DYNLT3,0,17.8,0.2454756647348404
hsa-miR-1-3p,FZD7,1,,0.2644832134246826
hsa-miR-1-3p,GOLGA6B,0,,0.2699262499809265
hsa-miR-1-3p,TNFSF12,0,20.2,0.14736276865005493
hsa-miR-1-3p,DCPS,0,,0.08396012336015701
hsa-miR-1-3p,DLC1,0,16.6,0.21856267750263214
hsa-miR-1-3p,ATP6V1B2,1,22.0,0.23816657066345215
hsa-miR-1-3p,NOTCH3,1,23.5,0.21035635471343994
hsa-miR-1-3p,IL17RA,0,,0.11960571259260178
hsa-miR-1-3p,RGPD1,0,23.7,0.1673763543367386
hsa-miR-1-3p,BRD4,0,17.7,0.14689603447914124
hsa-miR-1-3p,ZNF292,0,20.1,0.2121618688106537
hsa-miR-1-3p,CSF1,0,22.4,0.5168867111206055
hsa-miR-1-3p,SMAD4,0,18.3,0.31451696157455444
hsa-miR-1-3p,RNF126,0,,0.11254772543907166
hsa-miR-1-3p,FN1,1,19.3,0.5200713276863098
hsa-miR-1-3p,RPTN,0,19.8,0.2848030924797058
hsa-miR-1-3p,KCNJ15,0,,0.2041378915309906
hsa-miR-1-3p,RPL29,0,20.7,0.1525072455406189
hsa-miR-1-3p,ELMO1,0,,0.24815283715724945
hsa-miR-1-3p,FOXP1,1,10.8,0.2508895993232727
hsa-miR-1-3p,CYP11B2,0,19.1,0.2104412317276001
hsa-miR-1-3p,SH3BP5,0,,0.17537200450897217
hsa-miR-1-3p,ZNF620,0,,0.13079328835010529
hsa-miR-1-3p,GFRA3,0,20.6,0.23107050359249115
hsa-miR-1-3p,PDE6A,0,,0.23251952230930328
hsa-miR-1-3p,SAPCD2,0,,0.07602090388536453
hsa-miR-1-3p,MFSD9,0,,0.20156753063201904
hsa-miR-1-3p,PTMA,1,17.7,0.248403862118721
hsa-miR-1-3p,STAM,0,,0.2669622004032135
hsa-miR-1-3p,ORC6,0,,0.42210957407951355
hsa-miR-1-3p,PDS5A,0,18.8,0.5294531583786011
hsa-miR-1-3p,NOA1,0,,0.254983127117157
hsa-miR-1-3p,NINJ1,0,,0.11837035417556763
hsa-miR-1-3p,PAX3,1,19.7,0.3697693347930908
hsa-miR-1-3p,TRIM25,0,,0.10512281209230423
hsa-miR-1-3p,TTPAL,0,,0.11925174295902252
hsa-miR-1-3p,NAV1,0,,0.16772721707820892
hsa-miR-1-3p,ZNF107,0,,0.29018446803092957
hsa-miR-1-3p,RBM33,0,,0.13207662105560303
hsa-miR-1-3p,SHROOM3,0,,0.2577609419822693
hsa-miR-1-3p,SHCBP1,0,,0.26477956771850586
hsa-miR-1-3p,CNGB1,0,17.1,0.2176542580127716
hsa-miR-1-3p,PGM2,1,14.5,0.31555595993995667
hsa-miR-1-3p,SNAP29,0,,0.1368253380060196
hsa-miR-1-3p,DPYSL3,0,,0.20071515440940857
hsa-miR-1-3p,HDAC4,1,24.6,0.1598077416419983
hsa-miR-1-3p,FRS2,1,,0.3361608684062958
hsa-miR-1-3p,RGL2,0,18.7,0.3721611499786377
hsa-miR-1-3p,H3F3A,0,20.2,0.4602544903755188
hsa-miR-1-3p,FAM184B,0,,0.09925016760826111
hsa-miR-1-3p,MXRA7,0,17.7,0.17500516772270203
hsa-miR-1-3p,TOMM40L,0,19.8,0.34980538487434387
hsa-miR-1-3p,SVEP1,0,25.4,0.2176634669303894
hsa-miR-1-3p,MALSU1,0,,0.25116029381752014
hsa-miR-1-3p,PDGFA,0,,0.21838386356830597
hsa-miR-1-3p,CENPP,0,,0.09505800157785416
hsa-miR-1-3p,PIK3R3,0,,0.2697157859802246
hsa-miR-1-3p,PIM1,1,18.6,0.2366049885749817
hsa-miR-1-3p,ADAR,1,,0.31788554787635803
hsa-miR-1-3p,MET,1,20.5,0.2975955605506897
hsa-miR-1-3p,CNGA2,0,22.2,0.11124148219823837
hsa-miR-1-3p,API5,1,20.1,0.38240039348602295
hsa-miR-1-3p,PPP2R5A,1,17.8,0.2685242295265198
hsa-miR-1-3p,APOBEC3D,0,17.1,0.16914673149585724
hsa-miR-1-3p,HSPH1,0,,0.22730153799057007
hsa-miR-1-3p,POLR3G,0,20.7,0.2956457734107971
hsa-miR-1-3p,AMER2,0,,0.3634013533592224
hsa-miR-1-3p,SNAI2,1,18.6,0.20207594335079193
hsa-miR-1-3p,C6orf89,0,,0.1630076915025711
hsa-miR-1-3p,C18orf54,0,,0.23054566979408264
hsa-miR-1-3p,SP1,1,,0.09648364037275314
hsa-miR-1-3p,WIPF3,0,20.6,0.09203562140464783
hsa-miR-1-3p,ARPC4-TTLL3,0,19.8,0.21762195229530334
hsa-miR-1-3p,KIAA2022,0,,0.3473859131336212
hsa-miR-1-3p,TMEM237,0,,0.12867425382137299
hsa-miR-1-3p,SPRED1,1,,0.4691820442676544
hsa-miR-1-3p,ABI2,0,,0.1675046682357788
hsa-miR-1-3p,HAND2,1,18.1,0.3139399290084839
hsa-miR-1-3p,CDON,0,,0.15387463569641113
hsa-miR-1-3p,FBXO44,0,,0.1076326072216034
hsa-miR-1-3p,IQSEC2,0,18.7,0.048900116235017776
hsa-miR-1-3p,RASGEF1B,0,16.8,0.211502805352211
hsa-miR-1-3p,MAP3K13,0,19.8,0.4873664379119873
hsa-miR-1-3p,FASTKD2,0,,0.2828693091869354
hsa-miR-1-3p,TMEM232,0,20.7,0.42399096488952637
hsa-miR-1-3p,EDN1,1,19.5,0.4385572671890259
hsa-miR-1-3p,CHCHD4,0,,0.24874451756477356
hsa-miR-1-3p,AC004381.6,0,17.9,0.2569783329963684
hsa-miR-1-3p,NIN,0,20.9,0.3866207003593445
hsa-miR-1-3p,PLEKHA7,0,20.2,0.3003229796886444
hsa-miR-1-3p,GNB4,0,,0.08474668115377426
hsa-miR-1-3p,TRAF6,0,,0.20045316219329834
hsa-miR-1-3p,PGD,1,18.4,0.3901461958885193
hsa-miR-1-3p,AGO1,1,,0.11291377246379852
hsa-miR-1-3p,PRKCE,1,17.6,0.1909298151731491
hsa-miR-1-3p,SOX6,1,,0.21357938647270203
hsa-miR-1-3p,CDK6,0,,0.10026508569717407
hsa-miR-1-3p,XPO6,1,20.7,0.3711337149143219
hsa-miR-1-3p,STARD4,0,16.3,0.22421473264694214
hsa-miR-1-3p,ARTN,0,19.2,0.197212815284729
hsa-miR-1-3p,NETO2,1,,0.361114501953125
hsa-miR-1-3p,CNN3,1,18.1,0.37942400574684143
hsa-miR-1-3p,TGIF1,0,14.5,0.24174876511096954
hsa-miR-1-3p,LARP4,1,13.0,0.2644113302230835
hsa-miR-1-3p,PDHX,0,,0.22453127801418304
hsa-miR-1-3p,CRY2,0,,0.11472669243812561
hsa-miR-1-3p,NT5DC3,0,,0.12405772507190704
hsa-miR-1-3p,TAGLN2,1,21.5,0.29708394408226013
hsa-miR-1-3p,DOCK7,0,17.2,0.15218782424926758
hsa-miR-1-3p,CRISP1,0,21.8,0.20384499430656433
hsa-miR-1-3p,AC002472.13,0,,0.10457102209329605
hsa-miR-1-3p,RNF219,0,19.7,0.22231875360012054
hsa-miR-1-3p,RANBP2,0,19.1,0.13146278262138367
hsa-miR-1-3p,KIF2A,1,,0.24986381828784943
hsa-miR-1-3p,ALG10B,0,,0.15907639265060425
hsa-miR-1-3p,HSPD1,1,18.3,0.2720409631729126
hsa-miR-1-3p,PTPRE,0,17.5,0.12508581578731537
hsa-miR-1-3p,CAND1,1,,0.2107611894607544
hsa-miR-1-3p,TARSL2,0,20.9,0.42155587673187256
hsa-miR-1-3p,ARF1,0,19.3,0.13271281123161316
hsa-miR-1-3p,HS3ST3A1,0,,0.22621957957744598
hsa-miR-1-3p,N6AMT2,0,17.9,0.29073697328567505
hsa-miR-1-3p,TWF1,1,,0.36028462648391724
hsa-miR-1-3p,TMSB4X,1,21.9,0.5449496507644653
hsa-miR-1-3p,TRIM56,0,20.1,0.2373408079147339
hsa-miR-1-3p,TTBK2,0,17.5,0.1342540979385376
hsa-miR-1-3p,SLC8A1,1,,0.1757400929927826
hsa-miR-1-3p,PTPN14,0,,0.10844606906175613
hsa-miR-1-3p,RICTOR,0,,0.20752190053462982
hsa-miR-1-3p,NR4A3,0,20.0,0.209170401096344
hsa-miR-1-3p,PHEX,0,,0.2190508395433426
hsa-miR-1-3p,RP11-114H20.1,0,22.0,0.19813473522663116
hsa-miR-1-3p,RNF44,0,,0.20180357992649078
hsa-miR-1-3p,FANCD2,0,22.9,0.1831216961145401
hsa-miR-1-3p,NRAS,0,,0.17886362969875336
hsa-miR-1-3p,RPS12,0,18.9,0.31727537512779236
hsa-miR-1-3p,KCNJ2,1,,0.2404078096151352
hsa-miR-1-3p,LDLRAD3,0,,0.2512335181236267
hsa-miR-1-3p,COL4A3,0,,0.23127055168151855
hsa-miR-1-3p,SETD5,0,,0.2015322744846344
hsa-miR-1-3p,IL22RA2,0,19.0,0.24405834078788757
hsa-miR-1-3p,GAS2,0,18.3,0.16696807742118835
hsa-miR-1-3p,ANKRD52,0,,0.12016689777374268
hsa-miR-1-3p,MAT1A,0,,0.26387232542037964
hsa-miR-1-3p,CSTF2T,0,,0.26776033639907837
hsa-miR-1-3p,RBM26,0,21.5,0.19274327158927917
hsa-miR-1-3p,PPM1L,0,18.2,0.15162688493728638
hsa-miR-1-3p,ASPH,1,18.1,0.30279868841171265
hsa-miR-1-3p,ZNF354C,0,,0.16392210125923157
hsa-miR-1-3p,FAM212B,0,16.8,0.24767838418483734
hsa-miR-1-3p,NSF,0,18.9,0.31492340564727783
hsa-miR-1-3p,ZBTB38,0,,0.18035435676574707
hsa-miR-1-3p,SERP1,1,20.5,0.29659321904182434
hsa-miR-1-3p,G6PD,1,19.2,0.24098142981529236
hsa-miR-1-3p,TKT,1,20.8,0.18952353298664093
hsa-miR-1-3p,SOX9,1,,0.3024696707725525
hsa-miR-1-3p,KXD1,0,18.4,0.09718332439661026
hsa-miR-1-3p,ATF5,0,20.0,0.1902868151664734
hsa-miR-1-3p,KCNE1,1,,0.3347388803958893
hsa-miR-1-3p,KCTD3,0,,0.2690615653991699
hsa-miR-1-3p,GJA1,1,22.9,0.4913569986820221
hsa-miR-1-3p,MN1,0,,0.11656178534030914
hsa-miR-1-3p,NIPSNAP3B,0,,0.1597527265548706
hsa-miR-1-3p,CGRRF1,0,,0.20322532951831818
hsa-miR-1-3p,SRXN1,1,,0.33392152190208435
hsa-miR-1-3p,PDGFRA,0,19.5,0.23840536177158356
hsa-miR-1-3p,FAM69C,0,,0.24364851415157318
hsa-miR-1-3p,LASP1,1,,0.2765897810459137
hsa-miR-1-3p,BDNF,1,,0.2963206470012665
hsa-miR-1-3p,GXYLT1,0,,0.26266205310821533
hsa-miR-1-3p,ATP11C,0,15.5,0.26055195927619934
hsa-miR-1-3p,PNP,1,,0.22220754623413086
hsa-miR-1-3p,TOR1A,0,,0.13381293416023254
hsa-miR-1-3p,ETS1,1,,0.23591437935829163
hsa-miR-1-3p,POGK,1,,0.2362940013408661
hsa-miR-103a-3p,CLSPN,0,28.3,0.07612114399671555
hsa-miR-103a-3p,CCNE1,1,31.4,0.26712727546691895
hsa-miR-103a-3p,PTEN,1,,0.3810446560382843
hsa-miR-103a-3p,CHD1,0,,0.4740132987499237
hsa-miR-103a-3p,ABCG8,0,,0.1561361849308014
hsa-miR-103a-3p,EEF2K,0,,0.11065392196178436
hsa-miR-103a-3p,KCNMA1,0,21.4,0.15669837594032288
hsa-miR-103a-3p,KCNC1,0,28.4,0.12854163348674774
hsa-miR-103a-3p,SGOL1,0,19.7,0.35717281699180603
hsa-miR-103a-3p,SNCG,1,28.3,0.4468640387058258
hsa-miR-103a-3p,CYBA,0,26.8,0.20586153864860535
hsa-miR-103a-3p,CDRT4,0,26.5,0.19482022523880005
hsa-miR-103a-3p,TRIM72,0,,0.1567624807357788
hsa-miR-103a-3p,CAV1,1,26.1,0.18367202579975128
hsa-miR-103a-3p,TNIK,0,21.9,0.17823070287704468
hsa-miR-103a-3p,DICER1,1,,0.3329014480113983
hsa-miR-103a-3p,ACE,0,26.6,0.11794683337211609
hsa-miR-103a-3p,MEGF9,0,,0.11911633610725403
hsa-miR-103a-3p,CRADD,0,26.4,0.2768069803714752
hsa-miR-103a-3p,CREB1,1,24.6,0.23004184663295746
hsa-miR-103a-3p,PARVA,0,20.7,0.08920265734195709
hsa-miR-103a-3p,ISLR,0,27.6,0.29179370403289795
hsa-miR-103a-3p,MYB,1,30.1,0.2096661627292633
hsa-miR-103a-3p,POU3F1,0,27.3,0.13167868554592133
hsa-miR-103a-3p,SAMD13,0,27.9,0.481747031211853
hsa-miR-103a-3p,FMO3,0,23.2,0.26201093196868896
hsa-miR-103a-3p,AJUBA,0,27.0,0.4557313024997711
hsa-miR-103a-3p,EPB41L1,0,,0.14532887935638428
hsa-miR-103a-3p,KLRC4,0,,0.2332073599100113
hsa-miR-103a-3p,MAST4,0,25.9,0.1957400143146515
hsa-miR-103a-3p,DNAI2,0,23.6,0.32439956068992615
hsa-miR-103a-3p,DYNLT1,0,26.6,0.30480605363845825
hsa-miR-103a-3p,KLF4,1,25.1,0.2960834503173828
hsa-miR-103a-3p,AGO1,1,,0.2587814927101135
hsa-miR-106a-5p,SPHAR,0,,0.05500267446041107
hsa-miR-106a-5p,PREX1,0,26.7,0.093656525015831
hsa-miR-106a-5p,BMP2,1,,0.1946643888950348
hsa-miR-106a-5p,MYLIP,1,25.4,0.18664273619651794
hsa-miR-106a-5p,APP,1,,0.16814588010311127
hsa-miR-106a-5p,SLC11A1,0,25.6,0.24100205302238464
hsa-miR-106a-5p,RNF149,0,,0.1746690571308136
hsa-miR-106a-5p,MAPK9,1,21.4,0.1862928867340088
hsa-miR-106a-5p,OPN1SW,0,21.6,0.23406536877155304
hsa-miR-106a-5p,EP400NL,0,24.3,0.16781841218471527
hsa-miR-106a-5p,RB1,1,22.5,0.15131627023220062
hsa-miR-106a-5p,GPR144,0,24.3,0.060164064168930054
hsa-miR-106a-5p,PRR11,0,,0.1137799471616745
hsa-miR-106a-5p,FAS,1,,0.3870724141597748
hsa-miR-106a-5p,OR6C74,0,14.4,0.45176127552986145
hsa-miR-106a-5p,PDE4DIP,0,28.9,0.2739391624927521
hsa-miR-106a-5p,BCL10,1,,0.3738996982574463
hsa-miR-106a-5p,SIRPA,1,,0.21622052788734436
hsa-miR-106a-5p,DACH1,0,,0.2247658520936966
hsa-miR-106a-5p,MAG,0,23.9,0.2578575611114502
hsa-miR-106a-5p,RTP4,0,26.5,0.24297267198562622
hsa-miR-106a-5p,CCDC144A,0,22.7,0.21285352110862732
hsa-miR-106a-5p,IKZF4,0,,0.21879719197750092
hsa-miR-106a-5p,PRDM1,0,,0.1514185667037964
hsa-miR-106a-5p,ATM,1,,0.16496481001377106
hsa-miR-106a-5p,CTD-2545M3.6,0,,0.0639253482222557
hsa-miR-106a-5p,ADAT1,0,,0.061513736844062805
hsa-miR-106a-5p,RUNX1,1,22.7,0.0926908552646637
hsa-miR-106a-5p,DOCK11,0,,0.08258402347564697
hsa-miR-106a-5p,ROMO1,0,,0.06906189769506454
hsa-miR-106a-5p,NME9,0,26.1,0.190155029296875
hsa-miR-106a-5p,MSTO1,0,30.1,0.33223238587379456
hsa-miR-106a-5p,STAT3,1,,0.19092047214508057
hsa-miR-106a-5p,POTEM,0,,0.11045408248901367
hsa-miR-106a-5p,BFAR,0,,0.08996216207742691
hsa-miR-106a-5p,DDX5,0,22.5,0.22312216460704803
hsa-miR-106a-5p,MAD2L1,0,,0.0321081206202507
hsa-miR-106a-5p,KLHL12,0,26.7,0.18579132854938507
hsa-miR-106a-5p,RUNX3,1,,0.2156052142381668
hsa-miR-106a-5p,PRPF38A,0,,0.03558892011642456
hsa-miR-106a-5p,HCN1,0,,0.12087573111057281
hsa-miR-106a-5p,CDKN1A,1,29.8,0.17848044633865356
hsa-miR-106a-5p,BIRC5,0,32.2,0.24427714943885803
hsa-miR-106a-5p,THAP8,0,27.0,0.05678577348589897
hsa-miR-106a-5p,ARID4B,1,27.5,0.23824800550937653
hsa-miR-106a-5p,CASP7,1,23.2,0.15725308656692505
hsa-miR-106a-5p,ANKRD62,0,26.2,0.08616561442613602
hsa-miR-106a-5p,C12orf49,0,,0.10788328945636749
hsa-miR-106a-5p,GLIPR1,0,,0.07082558423280716
hsa-miR-106a-5p,WNT9B,0,26.4,0.14869089424610138
hsa-miR-106a-5p,TM9SF3,0,,0.2024063766002655
hsa-miR-106a-5p,SEC22A,0,,0.06718360632658005
hsa-miR-106a-5p,MEX3D,0,23.3,0.3132728934288025
hsa-miR-106a-5p,CDCA4,0,26.5,0.25713908672332764
hsa-miR-106a-5p,PTEN,1,,0.2028869092464447
hsa-miR-106a-5p,LIMK1,1,22.1,0.21383267641067505
hsa-miR-106a-5p,SLAIN2,0,,0.4519207775592804
hsa-miR-106a-5p,KIAA0355,0,,0.05088917165994644
hsa-miR-106a-5p,TGFBR2,1,,0.3483355939388275
hsa-miR-106a-5p,ARSG,0,,0.11892565339803696
hsa-miR-106a-5p,BAMBI,0,,0.27324342727661133
hsa-miR-106a-5p,CAMK4,0,,0.09855309128761292
hsa-miR-106a-5p,DYNLL2,0,,0.062381722033023834
hsa-miR-106a-5p,TIMP2,1,,0.2172154188156128
hsa-miR-106a-5p,ASB5,0,23.0,0.17455512285232544
hsa-miR-106a-5p,EP300,0,20.8,0.2657444179058075
hsa-miR-106a-5p,SYNE1,0,24.1,0.2513699531555176
hsa-miR-106a-5p,VEGFA,1,27.3,0.039000414311885834
hsa-miR-106a-5p,KCNK2,0,24.5,0.18974578380584717
hsa-miR-106a-5p,FKRP,0,,0.04811348021030426
hsa-miR-106a-5p,AC112693.2,0,26.4,0.16989269852638245
hsa-miR-106a-5p,ABCB5,0,24.8,0.3079965114593506
hsa-miR-106a-5p,JAK2,0,,0.1829957515001297
hsa-miR-106a-5p,NTRK2,0,,0.1583644300699234
hsa-miR-106a-5p,DSG2,0,25.1,0.06477270275354385
hsa-miR-106a-5p,EVI2A,0,27.4,0.18000119924545288
hsa-miR-106a-5p,IL10,1,26.4,0.08459068089723587
hsa-miR-106a-5p,TGFBR3,0,,0.1585048884153366
hsa-miR-106a-5p,C22orf26,0,23.5,0.0660928338766098
hsa-miR-106a-5p,TOMM6,0,24.2,0.14025914669036865
hsa-miR-106a-5p,PKHD1,0,23.9,0.13916133344173431
hsa-miR-106a-5p,CDC23,0,25.9,0.3400716781616211
hsa-miR-106a-5p,SOS1,0,19.0,0.2952727675437927
hsa-miR-106a-5p,ATP5J2-PTCD1,0,,0.10199734568595886
hsa-miR-106a-5p,CES2,0,26.6,0.15353180468082428
hsa-miR-106a-5p,CYP19A1,1,20.8,0.1510971337556839
hsa-miR-106a-5p,FASTK,1,30.8,0.3073984980583191
hsa-miR-106a-5p,CLVS2,0,,0.16550424695014954
hsa-miR-106a-5p,AC115618.1,0,27.8,0.09477007389068604
hsa-miR-106a-5p,NUMBL,0,26.4,0.08140171319246292
hsa-miR-106a-5p,TIFA,0,,0.1006004810333252
hsa-miR-106a-5p,C8orf4,0,23.7,0.3695305585861206
hsa-miR-106a-5p,E2F1,1,26.8,0.21823930740356445
hsa-miR-106a-5p,SLC30A5,0,23.2,0.20194849371910095
hsa-miR-106a-5p,PREPL,0,,0.0776078999042511
hsa-miR-106a-5p,SLC2A3,1,,0.06683450937271118
hsa-miR-106a-5p,FAM120A,0,23.2,0.30279096961021423
hsa-miR-106a-5p,TRPV2,0,,0.11761199682950974
hsa-miR-106a-5p,ATCAY,0,25.1,0.0603146031498909
hsa-miR-106a-5p,NEBL,0,18.9,0.12279285490512848
hsa-miR-106a-5p,STEAP4,0,21.8,0.12703955173492432
hsa-miR-106a-5p,MYZAP,0,22.3,0.2774767279624939
hsa-miR-106a-5p,STRN,0,,0.1673239767551422
hsa-miR-106b-5p,TCTEX1D1,0,21.8,0.24004967510700226
hsa-miR-106b-5p,AL117190.3,0,,0.20431923866271973
hsa-miR-106b-5p,CPD,0,,0.04244052246212959
hsa-miR-106b-5p,APP,1,,0.18149295449256897
hsa-miR-106b-5p,SZT2,0,22.2,0.19407165050506592
hsa-miR-106b-5p,GPATCH2L,0,22.4,0.17617583274841309
hsa-miR-106b-5p,TWIST1,1,,0.11854787170886993
hsa-miR-106b-5p,CCND1,1,18.8,0.2305825650691986
hsa-miR-106b-5p,PXDN,0,,0.20044398307800293
hsa-miR-106b-5p,JAM2,0,21.2,0.2014879286289215
hsa-miR-106b-5p,MAPK9,1,23.3,0.22021768987178802
hsa-miR-106b-5p,SLC16A3,0,,0.16410306096076965
hsa-miR-106b-5p,FXN,0,19.4,0.18437452614307404
hsa-miR-106b-5p,FAM43A,0,26.3,0.12371395528316498
hsa-miR-106b-5p,OPA3,0,25.2,0.23240981996059418
hsa-miR-106b-5p,RB1,1,22.0,0.14610493183135986
hsa-miR-106b-5p,NXF1,0,20.1,0.39238661527633667
hsa-miR-106b-5p,RBL1,1,25.3,0.2547008991241455
hsa-miR-106b-5p,RSPO4,0,25.8,0.18393200635910034
hsa-miR-106b-5p,NPAS3,0,24.7,0.227576345205307
hsa-miR-106b-5p,LPAR3,0,,0.05494257062673569
hsa-miR-106b-5p,CCND2,1,,0.18378238379955292
hsa-miR-106b-5p,WDR31,0,,0.13095936179161072
hsa-miR-106b-5p,ZKSCAN8,0,,0.11091922968626022
hsa-miR-106b-5p,ZNF726,0,24.2,0.250551700592041
hsa-miR-106b-5p,SMAD7,1,24.7,0.247920423746109
hsa-miR-106b-5p,PTBP2,0,24.7,0.14842383563518524
hsa-miR-106b-5p,ZXDA,0,,0.18697716295719147
hsa-miR-106b-5p,MSANTD3,0,21.5,0.23603379726409912
hsa-miR-106b-5p,SEC23B,0,,0.18187814950942993
hsa-miR-106b-5p,ZFP30,0,13.1,0.03771303594112396
hsa-miR-106b-5p,ZNF366,0,,0.10740216821432114
hsa-miR-106b-5p,BCL2L11,1,22.1,0.17045336961746216
hsa-miR-106b-5p,ADRB3,0,24.1,0.12669643759727478
hsa-miR-106b-5p,CCDC7,0,21.1,0.16927030682563782
hsa-miR-106b-5p,ORC1,0,,0.05515660345554352
hsa-miR-106b-5p,SLC25A26,0,20.6,0.06387846171855927
hsa-miR-106b-5p,PTPRT,0,,0.1965581774711609
hsa-miR-106b-5p,SLC31A2,0,23.5,0.1934160590171814
hsa-miR-106b-5p,NDEL1,0,25.9,0.2466852068901062
hsa-miR-106b-5p,PLCH1,0,20.5,0.17063498497009277
hsa-miR-106b-5p,FBXO36,0,,0.19161701202392578
hsa-miR-106b-5p,KAT2B,1,26.7,0.33847397565841675
hsa-miR-106b-5p,STAT3,1,,0.1893094778060913
hsa-miR-106b-5p,ABCA5,0,,0.19191940128803253
hsa-miR-106b-5p,PAPOLB,0,,0.27038007974624634
hsa-miR-106b-5p,RUNX3,1,,0.2547285258769989
hsa-miR-106b-5p,FPGS,0,24.9,0.060139816254377365
hsa-miR-106b-5p,GPR126,0,,0.18796485662460327
hsa-miR-106b-5p,CNNM3,0,,0.16481320559978485
hsa-miR-106b-5p,MFN2,1,23.8,0.3323327898979187
hsa-miR-106b-5p,LRRC57,0,21.5,0.143700510263443
hsa-miR-106b-5p,AC079602.1,0,,0.24761180579662323
hsa-miR-106b-5p,CDKN1A,1,22.8,0.17889027297496796
hsa-miR-106b-5p,KIF5A,0,,0.1853383183479309
hsa-miR-106b-5p,TMCO5A,0,21.7,0.17117555439472198
hsa-miR-106b-5p,CTD-3088G3.8,0,23.8,0.19734814763069153
hsa-miR-106b-5p,KLB,0,,0.06981053203344345
hsa-miR-106b-5p,MTHFR,0,,0.04220254346728325
hsa-miR-106b-5p,SMC1A,0,17.8,0.1766403317451477
hsa-miR-106b-5p,CALU,0,,0.1284562349319458
hsa-miR-106b-5p,BDH1,0,,0.22468310594558716
hsa-miR-106b-5p,TNFAIP8L3,0,,0.05728432536125183
hsa-miR-106b-5p,SON,0,23.7,0.27965009212493896
hsa-miR-106b-5p,PTEN,1,,0.2121676802635193
hsa-miR-106b-5p,E2F3,1,,0.11105117946863174
hsa-miR-106b-5p,VBP1,0,21.3,0.25254955887794495
hsa-miR-106b-5p,ARPP19,0,,0.11267532408237457
hsa-miR-106b-5p,WEE1,1,,0.16997407376766205
hsa-miR-106b-5p,XDH,0,21.8,0.13419102132320404
hsa-miR-106b-5p,PIK3R1,0,,0.13154828548431396
hsa-miR-106b-5p,DPY19L3,0,24.9,0.33098745346069336
hsa-miR-106b-5p,SIDT1,0,22.6,0.12567603588104248
hsa-miR-106b-5p,SLC30A3,0,26.7,0.10180912911891937
hsa-miR-106b-5p,ABCG2,0,,0.22618591785430908
hsa-miR-106b-5p,JAK1,1,22.7,0.2708011269569397
hsa-miR-106b-5p,GMCL1,0,,0.22696459293365479
hsa-miR-106b-5p,RASSF3,0,,0.14309841394424438
hsa-miR-106b-5p,FIGN,0,19.0,0.1168743297457695
hsa-miR-106b-5p,TCF7L1,0,26.8,0.26610803604125977
hsa-miR-106b-5p,MKKS,0,21.7,0.22590228915214539
hsa-miR-106b-5p,TRABD2A,0,20.4,0.16699719429016113
hsa-miR-106b-5p,MARVELD2,0,21.6,0.32813015580177307
hsa-miR-106b-5p,TMPRSS11B,0,25.3,0.16905814409255981
hsa-miR-106b-5p,STAC,0,24.2,0.21216145157814026
hsa-miR-106b-5p,C11orf70,0,26.8,0.07248884439468384
hsa-miR-106b-5p,RBL2,1,23.7,0.2412973940372467
hsa-miR-106b-5p,VEGFA,1,26.9,0.05469861626625061
hsa-miR-106b-5p,PAM,0,,0.31061190366744995
hsa-miR-106b-5p,APC,1,,0.11145414412021637
hsa-miR-106b-5p,NSMCE2,0,26.4,0.12331190705299377
hsa-miR-106b-5p,COCH,0,21.4,0.08977296948432922
hsa-miR-106b-5p,AGTR2,0,20.3,0.32296210527420044
hsa-miR-106b-5p,SGMS2,0,,0.1659044325351715
hsa-miR-106b-5p,DEAF1,0,22.3,0.2488953322172165
hsa-miR-106b-5p,CLCN5,0,11.9,0.06774185597896576
hsa-miR-106b-5p,CEP89,0,22.2,0.05338050797581673
hsa-miR-106b-5p,MT1A,0,,0.15535090863704681
hsa-miR-106b-5p,GFM1,0,18.1,0.041257344186306
hsa-miR-106b-5p,FAM106A,0,23.6,0.14116407930850983
hsa-miR-106b-5p,GRAP2,0,,0.040255699306726456
hsa-miR-106b-5p,E2F1,1,27.0,0.21428704261779785
hsa-miR-106b-5p,ZNF695,0,21.4,0.13318394124507904
hsa-miR-106b-5p,SLC22A24,0,19.4,0.23300977051258087
hsa-miR-106b-5p,ITCH,1,,0.21393775939941406
hsa-miR-106b-5p,ARHGAP18,0,,0.12512357532978058
hsa-miR-106b-5p,MRPL42,0,20.8,0.20437975227832794
hsa-miR-106b-5p,SLCO4C1,0,,0.17378133535385132
hsa-miR-106b-5p,RP11-597K23.2,0,23.1,0.341054767370224
hsa-miR-106b-5p,NCKIPSD,0,22.9,0.062230825424194336
hsa-miR-106b-5p,DGKE,0,22.3,0.2162969410419464
hsa-miR-106b-5p,CLK4,0,21.7,0.26386064291000366
hsa-miR-106b-5p,RASGEF1A,0,27.1,0.17733928561210632
hsa-miR-106b-5p,ZBTB4,1,,0.242984801530838
hsa-miR-106b-5p,DNAJC5,0,,0.10224848985671997
hsa-miR-107,ZBTB20,0,,0.1300356388092041
hsa-miR-107,AXIN2,1,25.0,0.33632171154022217
hsa-miR-107,CDK6,1,,0.14256517589092255
hsa-miR-107,AC174470.1,0,30.5,0.12314063310623169
hsa-miR-107,IARS,0,24.1,0.3399149179458618
hsa-miR-107,CDK8,1,25.6,0.33780473470687866
hsa-miR-107,ZNRF3,0,,0.2926054298877716
hsa-miR-107,PELI3,0,26.2,0.1561555415391922
hsa-miR-107,DHRS12,0,28.7,0.2727227210998535
hsa-miR-107,AC008948.1,0,21.9,0.3844909071922302
hsa-miR-107,SNCG,1,28.3,0.4471192955970764
hsa-miR-107,NOTCH2,1,,0.2979038953781128
hsa-miR-107,CLMN,0,,0.08133864402770996
hsa-miR-107,GID8,0,,0.17818483710289001
hsa-miR-107,CAV1,1,24.9,0.18453609943389893
hsa-miR-107,ROBO2,0,,0.3168383538722992
hsa-miR-107,ZNF333,0,28.9,0.16797497868537903
hsa-miR-107,PLAG1,1,,0.21129661798477173
hsa-miR-107,GATSL2,0,,0.08190403133630753
hsa-miR-107,CHRM1,1,24.5,0.23456765711307526
hsa-miR-107,MYB,1,29.3,0.2103632688522339
hsa-miR-107,ALDH8A1,0,27.6,0.6174391508102417
hsa-miR-107,NUDT1,0,28.9,0.1848711222410202
hsa-miR-107,MYCN,0,25.4,0.36277899146080017
hsa-miR-107,SAPCD2,0,,0.09099286794662476
hsa-miR-107,IL12RB2,0,30.4,0.1236206591129303
hsa-miR-107,FCGR1A,0,24.2,0.2553122043609619
hsa-miR-107,ARMC3,0,29.6,0.11758365482091904
hsa-miR-107,PLSCR4,0,,0.31727927923202515
hsa-miR-107,ARNT,1,,0.3752220571041107
hsa-miR-107,XXbac-BPG32J3.20,0,31.4,0.15889745950698853
hsa-miR-107,SIM1,0,,0.25597327947616577
hsa-miR-107,USP49,0,32.2,0.19572748243808746
hsa-miR-107,NFIA,1,,0.3155342936515808
hsa-miR-107,SLC6A4,0,,0.18563054502010345
hsa-miR-107,UBR1,0,,0.19708167016506195
hsa-miR-107,TRPM7,0,,0.1472487449645996
hsa-miR-107,MAPRE2,0,28.8,0.3142078220844269
hsa-miR-107,CLN8,0,,0.0763254165649414
hsa-miR-107,IL6,1,28.1,0.4700724482536316
hsa-miR-107,HEBP1,0,20.0,0.17192316055297852
hsa-miR-107,JAK1,1,29.9,0.2765433192253113
hsa-miR-107,FBXW7,1,26.1,0.2916243076324463
hsa-miR-107,GOSR1,0,,0.14320781826972961
hsa-miR-107,VEGFA,1,26.0,0.1985168755054474
hsa-miR-107,FOXK1,0,,0.011628717184066772
hsa-miR-107,DICER1,1,,0.3369538187980652
hsa-miR-107,PCSK7,0,27.1,0.1453341245651245
hsa-miR-107,VIL1,0,22.1,0.20980654656887054
hsa-miR-107,SLC2A14,0,26.1,0.2992110252380371
hsa-miR-107,KMT2D,0,,0.16009636223316193
hsa-miR-107,ANKRD23,0,28.6,0.20927807688713074
hsa-miR-107,LATS2,1,24.7,0.32262516021728516
hsa-miR-107,SEMA6D,0,22.3,0.2455993890762329
hsa-miR-107,SOS1,0,18.5,0.23221832513809204
hsa-miR-107,ZNF432,0,24.9,0.2806745767593384
hsa-miR-107,ZNF321P,0,,0.2106873095035553
hsa-miR-107,AJUBA,0,26.8,0.45715707540512085
hsa-miR-107,EPHA3,0,24.4,0.4788593649864197
hsa-miR-107,SPINT4,0,18.9,0.3820003569126129
hsa-miR-107,FBXL4,0,,0.17680439352989197
hsa-miR-107,PHYHIPL,0,,0.4277995824813843
hsa-miR-107,CASC10,0,,0.09580503404140472
hsa-miR-107,STAG1,0,25.9,0.22006772458553314
hsa-miR-107,KLF4,1,25.3,0.29728424549102783
hsa-miR-107,HLF,0,,0.21456743776798248
hsa-miR-107,LOXHD1,0,21.7,0.336742103099823
hsa-miR-107,STXBP6,0,,0.15626519918441772
hsa-miR-107,AGO1,1,,0.25694769620895386
hsa-miR-107,PRKCE,1,22.9,0.29419976472854614
hsa-miR-10b-5p,PPARA,1,23.6,0.184034064412117
hsa-miR-10b-5p,TFAP2C,1,24.5,0.5605390071868896
hsa-miR-10b-5p,C1GALT1C1,0,19.6,0.22482560575008392
hsa-miR-10b-5p,CDK6,0,,0.16752490401268005
hsa-miR-10b-5p,PTEN,1,,0.282876193523407
hsa-miR-10b-5p,PLA1A,0,20.9,0.6990346312522888
hsa-miR-10b-5p,ELP2,0,,0.08405634760856628
hsa-miR-10b-5p,PAX1,0,,0.27744680643081665
hsa-miR-10b-5p,TMEM184B,0,,0.14732834696769714
hsa-miR-10b-5p,MAPRE1,1,21.8,0.36873993277549744
hsa-miR-10b-5p,SEL1L,0,17.7,0.14399492740631104
hsa-miR-10b-5p,AC015987.2,0,20.6,0.33420929312705994
hsa-miR-10b-5p,NDST1,0,,0.0876825600862503
hsa-miR-10b-5p,CEP85,0,24.0,0.13664168119430542
hsa-miR-10b-5p,WASL,0,,0.2197028249502182
hsa-miR-10b-5p,AHCYL2,0,,0.12128223478794098
hsa-miR-10b-5p,NAA50,0,,0.0861281231045723
hsa-miR-10b-5p,NRP2,1,21.4,0.10890324413776398
hsa-miR-10b-5p,SDC1,1,25.6,0.33533769845962524
hsa-miR-10b-5p,PIK3R3,0,,0.17879602313041687
hsa-miR-10b-5p,TP53,1,20.7,0.24984362721443176
hsa-miR-10b-5p,RPS11,0,28.3,0.2830989956855774
hsa-miR-10b-5p,BCL2L11,1,21.2,0.3340269923210144
hsa-miR-10b-5p,USP46,0,,0.2235417366027832
hsa-miR-10b-5p,HOXD10,1,22.4,0.30462610721588135
hsa-miR-10b-5p,GBP5,0,26.4,0.06940431892871857
hsa-miR-10b-5p,TGFBR3,0,,0.24175292253494263
hsa-miR-10b-5p,LRIG2,0,,0.0862351581454277
hsa-miR-10b-5p,ATPAF1,0,,0.15443716943264008
hsa-miR-10b-5p,F7,0,23.8,0.23454856872558594
hsa-miR-10b-5p,SRSF1,1,,0.37568244338035583
hsa-miR-10b-5p,MAN1A2,0,,0.2042693793773651
hsa-miR-10b-5p,UBD,0,,0.09255751967430115
hsa-miR-10b-5p,ARL1,0,17.5,0.2745212912559509
hsa-miR-10b-5p,PGBD1,0,24.9,0.2046472281217575
hsa-miR-10b-5p,NF1,1,22.1,0.20278459787368774
hsa-miR-10b-5p,HSD11B1,0,,0.13599282503128052
hsa-miR-10b-5p,TIAL1,0,,0.13291209936141968
hsa-miR-10b-5p,INO80C,0,19.5,0.1898217797279358
hsa-miR-10b-5p,MAP7,0,,0.11306673288345337
hsa-miR-10b-5p,RAB37,0,22.3,0.1519995629787445
hsa-miR-10b-5p,ZNF280C,0,,0.18625733256340027
hsa-miR-10b-5p,NR4A3,1,18.1,0.2626083493232727
hsa-miR-10b-5p,TIAM1,1,22.5,0.4458291828632355
hsa-miR-10b-5p,KLF4,1,21.8,0.16929225623607635
hsa-miR-10b-5p,GGT6,0,21.0,0.2795390486717224
hsa-miR-10b-5p,TRIM71,0,,0.13500261306762695
hsa-miR-10b-5p,FAIM3,0,21.1,0.14893175661563873
hsa-miR-10b-5p,TRA2B,1,11.2,0.2102416455745697
hsa-miR-10b-5p,ZBTB41,0,,0.1967805027961731
hsa-miR-10b-5p,SMC1A,0,18.5,0.0780625119805336
hsa-miR-10b-5p,NLRP9,0,,0.09764282405376434
hsa-miR-122-5p,SLC24A2,0,,0.1617853045463562
hsa-miR-122-5p,FAM227A,0,,0.1514497697353363
hsa-miR-122-5p,TCEANC2,0,,0.12144313007593155
hsa-miR-122-5p,DUSP2,1,,0.15118403732776642
hsa-miR-122-5p,WDR45,0,23.0,0.2471124529838562
hsa-miR-122-5p,HNRNPL,0,23.4,0.142035573720932
hsa-miR-122-5p,MAL,0,25.4,0.1632479429244995
hsa-miR-122-5p,ELP2,0,,0.06730587780475616
hsa-miR-122-5p,BCL2L2,1,,0.15614774823188782
hsa-miR-122-5p,PAX5,0,,0.11305859684944153
hsa-miR-122-5p,RSPO4,0,24.5,0.16575172543525696
hsa-miR-122-5p,C12orf4,0,,0.19646233320236206
hsa-miR-122-5p,GABPB2,0,,0.12697859108448029
hsa-miR-122-5p,APTX,0,,0.08160634338855743
hsa-miR-122-5p,BNIP3,0,29.4,0.07074593007564545
hsa-miR-122-5p,ZNF726,0,23.1,0.06213150545954704
hsa-miR-122-5p,ALDOA,1,,0.2552407383918762
hsa-miR-122-5p,AACS,1,24.0,0.1294861137866974
hsa-miR-122-5p,KIAA1644,0,,0.03637353330850601
hsa-miR-122-5p,KREMEN1,0,28.2,0.3333064317703247
hsa-miR-122-5p,WNT1,1,28.8,0.19751329720020294
hsa-miR-122-5p,AKAP6,0,23.1,0.03089705854654312
hsa-miR-122-5p,TFCP2L1,0,,0.03762824088335037
hsa-miR-122-5p,MAPK11,1,27.7,0.17325496673583984
hsa-miR-122-5p,RIOK2,0,23.3,0.16231349110603333
hsa-miR-122-5p,FOXP1,1,9.0,0.17517249286174774
hsa-miR-122-5p,FUT8,1,23.6,0.181418776512146
hsa-miR-122-5p,OMP,0,22.6,0.1215297058224678
hsa-miR-122-5p,AKT3,1,22.7,0.3958970308303833
hsa-miR-122-5p,SHISA2,0,,0.12691432237625122
hsa-miR-122-5p,HERC6,0,24.6,0.1383761763572693
hsa-miR-122-5p,TBX19,1,25.1,0.10863090306520462
hsa-miR-122-5p,SRF,1,,0.1734410524368286
hsa-miR-122-5p,RAB11FIP1,1,,0.10216453671455383
hsa-miR-122-5p,FOXJ3,1,,0.2686942219734192
hsa-miR-122-5p,CD3E,0,26.6,0.21773661673069
hsa-miR-122-5p,C15orf40,0,20.9,0.08615659922361374
hsa-miR-122-5p,KHNYN,0,,0.06768292933702469
hsa-miR-122-5p,C12orf52,0,,0.04598753899335861
hsa-miR-122-5p,GALNT10,1,,0.1303536593914032
hsa-miR-122-5p,PTPN1,1,,0.22040513157844543
hsa-miR-122-5p,BRCA1,0,23.4,0.10103198140859604
hsa-miR-122-5p,GCAT,0,25.7,0.19404123723506927
hsa-miR-122-5p,FUNDC2,1,,0.2866465449333191
hsa-miR-122-5p,ARHGAP19-SLIT1,0,,0.07884746789932251
hsa-miR-122-5p,HSH2D,0,25.6,0.22707825899124146
hsa-miR-122-5p,FBLIM1,0,26.5,0.21629947423934937
hsa-miR-122-5p,RALGPS1,0,27.3,0.24042852222919464
hsa-miR-122-5p,LCAT,0,25.0,0.16191601753234863
hsa-miR-122-5p,SHISA4,0,25.1,0.1970141977071762
hsa-miR-122-5p,DENND5B,0,20.1,0.06173032149672508
hsa-miR-122-5p,ALDH5A1,0,,0.06012029945850372
hsa-miR-122-5p,GPR107,0,,0.11052589863538742
hsa-miR-122-5p,KIAA0355,0,,0.07599642872810364
hsa-miR-122-5p,COX16,0,28.7,0.3082326054573059
hsa-miR-122-5p,P4HA1,1,22.7,0.39208096265792847
hsa-miR-122-5p,CEP78,0,22.0,0.02282017469406128
hsa-miR-122-5p,GMCL1,0,,0.09069705009460449
hsa-miR-122-5p,NCAM1,1,23.6,0.21000832319259644
hsa-miR-122-5p,G6PC3,1,,0.270386666059494
hsa-miR-122-5p,ANXA11,1,,0.054037488996982574
hsa-miR-122-5p,CEP68,0,19.4,0.050659049302339554
hsa-miR-122-5p,ADAM10,1,,0.33479636907577515
hsa-miR-122-5p,GAN,0,,0.07474954426288605
hsa-miR-122-5p,PAM,0,,0.16735008358955383
hsa-miR-122-5p,SLC7A11,1,,0.04956876486539841
hsa-miR-122-5p,BCL11B,0,,0.1152021735906601
hsa-miR-122-5p,VWA5B2,0,25.1,0.23916015028953552
hsa-miR-122-5p,ACER3,0,,0.04314268380403519
hsa-miR-122-5p,TIFAB,0,,0.1615111082792282
hsa-miR-122-5p,ENTPD4,1,20.4,0.06716927140951157
hsa-miR-122-5p,EIF2AK4,0,27.8,0.1038946658372879
hsa-miR-122-5p,ANK2,1,,0.22564376890659332
hsa-miR-122-5p,DIDO1,0,23.4,0.14980337023735046
hsa-miR-122-5p,POU2F1,0,22.0,0.060410358011722565
hsa-miR-122-5p,NUDT16,0,25.9,0.06840241700410843
hsa-miR-122-5p,ABR,0,23.3,0.24420754611492157
hsa-miR-122-5p,SLC7A1,1,,0.23128382861614227
hsa-miR-122-5p,GTF2H3,0,,0.09221737831830978
hsa-miR-122-5p,NUMBL,1,30.6,0.2658650875091553
hsa-miR-122-5p,TADA2B,0,,0.15080663561820984
hsa-miR-122-5p,MECP2,1,19.9,0.07677111774682999
hsa-miR-122-5p,RP11-81K2.1,0,25.7,0.3139132261276245
hsa-miR-122-5p,CDK4,1,25.7,0.13584721088409424
hsa-miR-122-5p,ATP1A2,1,,0.23477411270141602
hsa-miR-122-5p,PIGP,0,,0.12662050127983093
hsa-miR-122-5p,STK32A,0,18.3,0.24681781232357025
hsa-miR-122-5p,TRUB2,0,,0.05165936425328255
hsa-miR-122-5p,CD226,0,,0.028965085744857788
hsa-miR-122-5p,DSTYK,1,,0.1808546781539917
hsa-miR-122-5p,ADAM17,1,26.2,0.16409163177013397
hsa-miR-122-5p,XPO6,1,30.7,0.2138160765171051
hsa-miR-122-5p,JMJD6,0,23.8,0.07145613431930542
hsa-miR-122-5p,KMT2E,0,22.9,0.08501490205526352
hsa-miR-122-5p,CD33,0,26.2,0.12706835567951202
hsa-miR-122-5p,NPEPL1,0,27.3,0.25166600942611694
hsa-miR-122-5p,CUX1,0,23.8,0.19483928382396698
hsa-miR-122-5p,ATP1B2,0,26.2,0.22415141761302948
hsa-miR-122-5p,BICD1,0,25.7,0.373649924993515
hsa-miR-122-5p,FNBP1,0,,0.09451648592948914
hsa-miR-122-5p,FBXL3,0,,0.389678418636322
hsa-miR-122-5p,LENG8,0,23.7,0.2289528101682663
hsa-miR-122-5p,PLAG1,0,,0.1814395785331726
hsa-miR-122-5p,BRWD3,0,,0.0560702309012413
hsa-miR-122-5p,ZNF223,0,20.0,0.07024124264717102
hsa-miR-122-5p,C18orf32,0,,0.283891499042511
hsa-miR-122-5p,POLR1C,0,28.4,0.19848160445690155
hsa-miR-122-5p,ASF1B,0,24.3,0.2327830195426941
hsa-miR-122-5p,PALM,0,26.3,0.10857012122869492
hsa-miR-122-5p,ZNF394,0,,0.08280174434185028
hsa-miR-122-5p,NFIB,0,18.6,0.06985016167163849
hsa-miR-122-5p,EGLN3,1,22.8,0.18246589601039886
hsa-miR-122-5p,PKM,1,23.3,0.44741132855415344
hsa-miR-122-5p,NAA20,0,23.2,0.10739881545305252
hsa-miR-122-5p,NFYB,0,,0.07801221311092377
hsa-miR-122-5p,BFAR,0,,0.07269293069839478
hsa-miR-122-5p,UBL4B,0,23.3,0.19995233416557312
hsa-miR-122-5p,FFAR2,0,25.0,0.1046590805053711
hsa-miR-122-5p,KIAA0368,0,21.9,0.23152472078800201
hsa-miR-122-5p,ETV5,0,,0.13340942561626434
hsa-miR-122-5p,ADAMTS2,0,22.2,0.15170593559741974
hsa-miR-122-5p,PPFIBP2,0,25.8,0.12614800035953522
hsa-miR-122-5p,INPP4A,0,18.8,0.12705360352993011
hsa-miR-122-5p,AP5S1,0,,0.11284782737493515
hsa-miR-122-5p,AP3M2,1,24.9,0.14177706837654114
hsa-miR-122-5p,MURC,0,,0.04190865159034729
hsa-miR-122-5p,C4orf19,0,25.9,0.32326945662498474
hsa-miR-122-5p,C9orf3,0,23.9,0.049065276980400085
hsa-miR-122-5p,PRKRA,1,24.3,0.5876784324645996
hsa-miR-122-5p,TPD52L2,1,29.9,0.17677590250968933
hsa-miR-122-5p,GABBR1,0,26.7,0.2550344169139862
hsa-miR-122-5p,MASP1,0,26.0,0.3144664168357849
hsa-miR-122-5p,KANK4,0,,0.09516055136919022
hsa-miR-122-5p,HEG1,0,,0.07011955976486206
hsa-miR-122-5p,SYNPO,0,,0.07514331489801407
hsa-miR-122-5p,FAM117B,1,,0.2573205828666687
hsa-miR-122-5p,CAMK4,0,,0.035337258130311966
hsa-miR-122-5p,REM2,0,25.2,0.1717657744884491
hsa-miR-122-5p,CHD7,0,21.7,0.2326914668083191
hsa-miR-122-5p,LARP4B,0,,0.17227141559123993
hsa-miR-122-5p,TMPRSS11B,0,25.7,0.0909862071275711
hsa-miR-122-5p,C14orf132,0,,0.09044264256954193
hsa-miR-122-5p,NT5C3A,1,25.9,0.33846747875213623
hsa-miR-122-5p,FECH,0,,0.05675213411450386
hsa-miR-122-5p,IGF1R,1,,0.131595641374588
hsa-miR-122-5p,CHMP1A,0,24.0,0.1325433850288391
hsa-miR-122-5p,NUGGC,0,,0.05947403609752655
hsa-miR-122-5p,CCNG1,1,,0.28076115250587463
hsa-miR-122-5p,GABRA5,0,21.6,0.23751577734947205
hsa-miR-122-5p,AC124890.1,0,25.6,0.20140288770198822
hsa-miR-122-5p,GEMIN8,0,,0.0990334153175354
hsa-miR-122-5p,FAM211A,0,,0.08908446878194809
hsa-miR-122-5p,ZNF384,0,,0.16763979196548462
hsa-miR-122-5p,RSAD2,0,,0.08126846700906754
hsa-miR-122-5p,ANGPTL3,0,,0.19892537593841553
hsa-miR-122-5p,SECTM1,0,26.4,0.1742992401123047
hsa-miR-122-5p,DSCAM,0,,0.22436344623565674
hsa-miR-122-5p,KCTD5,0,23.3,0.1544816792011261
hsa-miR-122-5p,PIWIL3,0,24.3,0.0716819167137146
hsa-miR-122-5p,SPECC1L,0,,0.08872804790735245
hsa-miR-122-5p,AMZ1,0,,0.15125566720962524
hsa-miR-122-5p,NFATC2IP,1,,0.17331549525260925
hsa-miR-122-5p,ZSCAN2,0,22.6,0.060519419610500336
hsa-miR-122-5p,KCNK15,0,24.7,0.11321039497852325
hsa-miR-122-5p,C9orf85,0,22.1,0.220775306224823
hsa-miR-122-5p,CSMD2,0,28.2,0.1714869737625122
hsa-miR-122-5p,CLMP,0,,0.08476009964942932
hsa-miR-122-5p,TMEM107,0,21.8,0.059929393231868744
hsa-miR-122-5p,PDGFRA,0,20.9,0.13209515810012817
hsa-miR-122-5p,TOMM40,0,22.4,0.06896074116230011
hsa-miR-122-5p,TRAK1,0,21.6,0.1848955601453781
hsa-miR-122-5p,LYPLA1,0,13.0,0.06207709386944771
hsa-miR-122-5p,ELMOD2,0,,0.1830487996339798
hsa-miR-122-5p,RAB6B,1,17.4,0.19420349597930908
hsa-miR-122-5p,MSI1,0,26.6,0.11552002280950546
hsa-miR-125b-5p,FZD7,0,,0.3669775724411011
hsa-miR-125b-5p,VCPIP1,0,,0.1872539222240448
hsa-miR-125b-5p,BAK1,1,,0.2769557535648346
hsa-miR-125b-5p,BCL2L2,1,,0.16156375408172607
hsa-miR-125b-5p,C16orf74,0,33.4,0.3582087457180023
hsa-miR-125b-5p,TNIP2,0,30.7,0.34744101762771606
hsa-miR-125b-5p,NOTCH3,0,28.1,0.3017074167728424
hsa-miR-125b-5p,ARL10,0,,0.15592537820339203
hsa-miR-125b-5p,SLC30A10,0,,0.2264847308397293
hsa-miR-125b-5p,TMEM194A,0,,0.2048104703426361
hsa-miR-125b-5p,ENPEP,1,,0.5622912049293518
hsa-miR-125b-5p,LIMK2,0,31.2,0.31113898754119873
hsa-miR-125b-5p,CBLL1,0,19.8,0.21310842037200928
hsa-miR-125b-5p,IQSEC3,0,11.1,0.175937682390213
hsa-miR-125b-5p,STK17B,0,,0.23140741884708405
hsa-miR-125b-5p,FRMPD4,0,,0.2304418981075287
hsa-miR-125b-5p,AACS,0,24.1,0.21206769347190857
hsa-miR-125b-5p,ERBB3,1,26.6,0.44515132904052734
hsa-miR-125b-5p,SMAD4,1,16.6,0.2081272304058075
hsa-miR-125b-5p,AC132186.1,0,29.6,0.10367591679096222
hsa-miR-125b-5p,IKZF4,1,,0.22990377247333527
hsa-miR-125b-5p,PRDM1,1,,0.2986641526222229
hsa-miR-125b-5p,GMPS,0,,0.23507994413375854
hsa-miR-125b-5p,DEFB125,0,21.9,0.3974185585975647
hsa-miR-125b-5p,IQCE,0,,0.22610458731651306
hsa-miR-125b-5p,MEGF9,1,,0.3572213649749756
hsa-miR-125b-5p,PLA2G4E,0,,0.18690581619739532
hsa-miR-125b-5p,TET3,0,,0.1484665721654892
hsa-miR-125b-5p,PPP1CA,1,25.7,0.16905465722084045
hsa-miR-125b-5p,HCN3,0,26.5,0.3754546642303467
hsa-miR-125b-5p,TTC19,0,23.2,0.5119438171386719
hsa-miR-125b-5p,BBC3,1,28.9,0.2121519148349762
hsa-miR-125b-5p,CD69,0,22.2,0.6119531989097595
hsa-miR-125b-5p,ARID3A,1,,0.31696975231170654
hsa-miR-125b-5p,FLVCR1,0,,0.15964612364768982
hsa-miR-125b-5p,ALG5,0,22.4,0.31445008516311646
hsa-miR-125b-5p,CSNK2A1,1,,0.33310890197753906
hsa-miR-125b-5p,PCTP,1,25.2,0.4693830907344818
hsa-miR-125b-5p,DNAJC19,0,22.6,0.3944295048713684
hsa-miR-125b-5p,TMEM223,0,24.2,0.21328255534172058
hsa-miR-125b-5p,HK2,1,,0.39211204648017883
hsa-miR-125b-5p,EPHB3,0,28.1,0.2283770740032196
hsa-miR-125b-5p,C5orf55,0,,0.16756510734558105
hsa-miR-125b-5p,IRF4,1,,0.4463651776313782
hsa-miR-125b-5p,TNFAIP8L1,0,,0.11382478475570679
hsa-miR-125b-5p,LAPTM4B,0,25.4,0.35150063037872314
hsa-miR-125b-5p,TTC31,0,26.3,0.15495146811008453
hsa-miR-125b-5p,SFT2D3,0,,0.5686416625976562
hsa-miR-125b-5p,SRRM3,0,29.2,0.2854132652282715
hsa-miR-125b-5p,SLC25A24,0,25.4,0.42276111245155334
hsa-miR-125b-5p,TBC1D1,1,31.3,0.3610675632953644
hsa-miR-125b-5p,TMEM181,0,,0.1801001876592636
hsa-miR-125b-5p,LYNX1,0,19.1,0.08748190104961395
hsa-miR-125b-5p,CD59,0,22.3,0.20873971283435822
hsa-miR-125b-5p,IFIT5,0,,0.33790940046310425
hsa-miR-125b-5p,ICAM2,1,20.0,0.3454784154891968
hsa-miR-125b-5p,PVRL2,0,29.0,0.14040188491344452
hsa-miR-125b-5p,BLVRA,0,,0.13224530220031738
hsa-miR-125b-5p,IKZF3,1,,0.546035647392273
hsa-miR-125b-5p,IL6R,1,,0.27690041065216064
hsa-miR-125b-5p,LIPA,1,21.6,0.4124854505062103
hsa-miR-125b-5p,UBA52,0,24.8,0.3429460823535919
hsa-miR-125b-5p,SGPL1,1,,0.31724977493286133
hsa-miR-125b-5p,GLIPR1,0,,0.25146961212158203
hsa-miR-125b-5p,MARK4,0,,0.1608266830444336
hsa-miR-125b-5p,SMO,1,25.9,0.1517910212278366
hsa-miR-125b-5p,ZNF691,0,29.2,0.524170994758606
hsa-miR-125b-5p,LIN28A,1,,0.2520729899406433
hsa-miR-125b-5p,E2F3,1,,0.16054227948188782
hsa-miR-125b-5p,GNB3,0,24.0,0.23782527446746826
hsa-miR-125b-5p,TREM1,0,26.6,0.1847032755613327
hsa-miR-125b-5p,LRRC14,0,,0.08363298326730728
hsa-miR-125b-5p,OTUB1,0,27.2,0.17559874057769775
hsa-miR-125b-5p,RBM7,0,10.9,0.33250826597213745
hsa-miR-125b-5p,ANXA11,0,,0.08542998880147934
hsa-miR-125b-5p,FANK1,0,22.6,0.3619205355644226
hsa-miR-125b-5p,MCL1,1,,0.4038906693458557
hsa-miR-125b-5p,CNTNAP3,0,25.7,0.34497588872909546
hsa-miR-125b-5p,COMT,0,31.2,0.1421602964401245
hsa-miR-125b-5p,NKIRAS2,1,26.5,0.29441627860069275
hsa-miR-125b-5p,CNNM1,0,,0.1946416199207306
hsa-miR-125b-5p,CYTH2,0,,0.24813663959503174
hsa-miR-125b-5p,OR9Q1,0,22.2,0.3046475052833557
hsa-miR-125b-5p,C4orf17,0,24.9,0.6276419162750244
hsa-miR-125b-5p,SH3RF2,0,,0.2430502474308014
hsa-miR-125b-5p,RPP40,0,,0.13806629180908203
hsa-miR-125b-5p,TIFAB,0,,0.2213297188282013
hsa-miR-125b-5p,RNF207,0,24.9,0.1905544102191925
hsa-miR-125b-5p,FRRS1,0,26.2,0.12523475289344788
hsa-miR-125b-5p,CREB1,0,24.2,0.2004944384098053
hsa-miR-125b-5p,GRIN2A,1,,0.172628715634346
hsa-miR-125b-5p,HDX,0,,0.20839498937129974
hsa-miR-125b-5p,KCNIP4,0,22.2,0.2664155066013336
hsa-miR-125b-5p,GPR65,0,,0.32601016759872437
hsa-miR-125b-5p,FGFR2,1,24.1,0.3909463882446289
hsa-miR-125b-5p,NDUFA5,0,,0.2512912154197693
hsa-miR-125b-5p,ARNT2,0,,0.17154932022094727
hsa-miR-125b-5p,GPR35,0,,0.192618265748024
hsa-miR-125b-5p,RASL10A,0,28.6,0.2795675992965698
hsa-miR-125b-5p,PTDSS1,0,,0.10572494566440582
hsa-miR-125b-5p,FAM92B,0,28.7,0.15308743715286255
hsa-miR-125b-5p,PARP11,0,,0.2062256932258606
hsa-miR-125b-5p,ARID3B,1,,0.32738232612609863
hsa-miR-125b-5p,ATG9B,0,28.1,0.15456075966358185
hsa-miR-125b-5p,CARD8,0,16.1,0.16168540716171265
hsa-miR-125b-5p,APLN,0,,0.19433468580245972
hsa-miR-125b-5p,GINS3,0,22.6,0.27013880014419556
hsa-miR-125b-5p,EDN1,0,26.4,0.2247270941734314
hsa-miR-125b-5p,MKNK1,0,23.3,0.21975798904895782
hsa-miR-125b-5p,CCNJ,1,26.0,0.6012325882911682
hsa-miR-125b-5p,ZNF254,0,16.0,0.3262847661972046
hsa-miR-125b-5p,KLRK1,0,26.6,0.1891937553882599
hsa-miR-125b-5p,CBFB,1,,0.2561086416244507
hsa-miR-125b-5p,MED29,0,,0.12503843009471893
hsa-miR-125b-5p,STK32A,0,20.8,0.30704471468925476
hsa-miR-125b-5p,SCRT2,0,,0.2679585814476013
hsa-miR-125b-5p,EIF4EBP1,1,,0.22564509510993958
hsa-miR-125b-5p,FURIN,0,28.8,0.2110593318939209
hsa-miR-125b-5p,APOA1,0,,0.17851150035858154
hsa-miR-125b-5p,CRTAM,0,26.7,0.30253148078918457
hsa-miR-125b-5p,MORC2,0,29.2,0.2587353587150574
hsa-miR-125b-5p,AC174470.1,0,26.3,0.11695004999637604
hsa-miR-125b-5p,CTPS1,0,27.5,0.1756141483783722
hsa-miR-125b-5p,SLX4IP,0,,0.23923878371715546
hsa-miR-125b-5p,ADCY1,0,17.1,0.09116441756486893
hsa-miR-125b-5p,SUV39H1,0,27.9,0.3492276668548584
hsa-miR-125b-5p,IMPG1,0,21.1,0.17730724811553955
hsa-miR-125b-5p,FPR2,0,24.3,0.3650396764278412
hsa-miR-125b-5p,CTU1,0,,0.33893245458602905
hsa-miR-125b-5p,FLJ45079,0,,0.22147662937641144
hsa-miR-125b-5p,PIK3C3,0,20.6,0.0826597660779953
hsa-miR-125b-5p,LUZP1,0,30.2,0.49655023217201233
hsa-miR-125b-5p,RC3H2,0,21.0,0.19204145669937134
hsa-miR-125b-5p,BAP1,0,27.5,0.33395159244537354
hsa-miR-125b-5p,MCTP1,0,16.0,0.2809448838233948
hsa-miR-125b-5p,STARD13,1,19.5,0.5255310535430908
hsa-miR-125b-5p,LIN28B,1,,0.3287634253501892
hsa-miR-125b-5p,XPO4,0,,0.22329609096050262
hsa-miR-125b-5p,KCTD13,0,18.8,0.37916621565818787
hsa-miR-125b-5p,PJA2,0,,0.1867217719554901
hsa-miR-125b-5p,ZNF417,0,,0.04804337024688721
hsa-miR-125b-5p,EIF5A2,1,,0.24419189989566803
hsa-miR-125b-5p,PNCK,0,30.4,0.1967480182647705
hsa-miR-125b-5p,ASF1B,0,26.4,0.13833114504814148
hsa-miR-125b-5p,VDR,1,,0.2564711272716522
hsa-miR-125b-5p,PPP2R1B,0,26.1,0.2591608166694641
hsa-miR-125b-5p,TP53INP1,1,,0.24078626930713654
hsa-miR-125b-5p,CNTN5,0,20.9,0.2896628975868225
hsa-miR-125b-5p,LGI3,0,28.5,0.11554282158613205
hsa-miR-125b-5p,SLCO5A1,0,22.5,0.1256369948387146
hsa-miR-125b-5p,SBNO1,0,,0.34975355863571167
hsa-miR-125b-5p,BMPR1B,1,9.3,0.24651296436786652
hsa-miR-125b-5p,ALPI,0,23.5,0.1540493667125702
hsa-miR-125b-5p,RPS6KA1,1,26.5,0.26407158374786377
hsa-miR-125b-5p,CCDC127,0,,0.1029171273112297
hsa-miR-125b-5p,FGF12,0,,0.20447781682014465
hsa-miR-125b-5p,TMEM115,0,25.6,0.4422980546951294
hsa-miR-125b-5p,ELAVL4,0,,0.3076097369194031
hsa-miR-125b-5p,HMGA2,1,24.8,0.2012682855129242
hsa-miR-125b-5p,PREX2,0,,0.12173350155353546
hsa-miR-125b-5p,LOXL3,0,25.2,0.25509941577911377
hsa-miR-125b-5p,ZNF106,0,,0.1879679262638092
hsa-miR-125b-5p,VANGL1,0,,0.21683140099048615
hsa-miR-125b-5p,RHOF,0,29.0,0.2724016606807709
hsa-miR-125b-5p,CNNM4,0,,0.20297957956790924
hsa-miR-125b-5p,NTRK3,1,32.2,0.14900356531143188
hsa-miR-125b-5p,RP11-114H20.1,0,27.9,0.33264660835266113
hsa-miR-125b-5p,PDK1,0,25.5,0.23008795082569122
hsa-miR-125b-5p,EXOC6B,0,,0.2721690833568573
hsa-miR-125b-5p,MLF2,0,33.8,0.39857017993927
hsa-miR-125b-5p,BMF,1,,0.1918109655380249
hsa-miR-125b-5p,SPAG11B,0,26.2,0.23572002351284027
hsa-miR-125b-5p,ATP5A1,0,,0.539081871509552
hsa-miR-125b-5p,CYP24A1,1,21.7,0.5967511534690857
hsa-miR-125b-5p,CTD-3074O7.11,0,28.0,0.21631139516830444
hsa-miR-125b-5p,PRKRA,1,21.8,0.2968560457229614
hsa-miR-125b-5p,GNPDA1,0,27.5,0.4461270868778229
hsa-miR-125b-5p,RBP1,0,25.8,0.18234869837760925
hsa-miR-125b-5p,E2F2,1,,0.23323944211006165
hsa-miR-125b-5p,PDXK,0,26.6,0.1860676109790802
hsa-miR-125b-5p,ATP6V1C1,0,,0.18693073093891144
hsa-miR-125b-5p,FSIP2,0,11.9,0.2748892307281494
hsa-miR-125b-5p,YPEL1,0,11.2,0.1511310487985611
hsa-miR-125b-5p,RGSL1,0,23.2,0.18855556845664978
hsa-miR-125b-5p,VPS4B,1,22.7,0.5617003440856934
hsa-miR-125b-5p,BCAT1,0,,0.19660934805870056
hsa-miR-125b-5p,DGAT1,1,25.5,0.2064080834388733
hsa-miR-125b-5p,NBPF24,0,26.4,0.41571953892707825
hsa-miR-125b-5p,TAF4B,0,27.5,0.28764188289642334
hsa-miR-125b-5p,MAPK14,1,,0.28945392370224
hsa-miR-125b-5p,KIAA1549,0,,0.08051294088363647
hsa-miR-125b-5p,NAA35,0,21.8,0.1452404260635376
hsa-miR-125b-5p,ERMAP,0,29.2,0.2602141499519348
hsa-miR-125b-5p,THBS2,0,,0.07136717438697815
hsa-miR-125b-5p,CERS1,0,31.1,0.16714972257614136
hsa-miR-125b-5p,TP53,1,27.3,0.32117021083831787
hsa-miR-125b-5p,ARHGEF6,0,,0.2045508325099945
hsa-miR-125b-5p,ZNF580,0,23.6,0.25969836115837097
hsa-miR-125b-5p,NCOR2,1,29.7,0.20995110273361206
hsa-miR-125b-5p,TBC1D3,0,23.9,0.26724743843078613
hsa-miR-125b-5p,HHLA1,0,23.0,0.1341405212879181
hsa-miR-125b-5p,WEE2,0,25.8,0.23725645244121552
hsa-miR-125b-5p,STMN1,0,32.0,0.2709429860115051
hsa-miR-125b-5p,DSG2,0,18.8,0.2401878386735916
hsa-miR-125b-5p,ZNF571,0,24.8,0.3041827082633972
hsa-miR-125b-5p,KCNQ3,0,,0.16813457012176514
hsa-miR-125b-5p,PPP1R3A,0,,0.22021548449993134
hsa-miR-125b-5p,CELF3,0,,0.15473157167434692
hsa-miR-125b-5p,PDIA3,0,,0.2762271761894226
hsa-miR-125b-5p,NBPF14,0,,0.39024531841278076
hsa-miR-125b-5p,CDKN2A,1,28.6,0.28484100103378296
hsa-miR-125b-5p,SLC6A20,0,23.8,0.19906139373779297
hsa-miR-125b-5p,NLE1,0,,0.17956124246120453
hsa-miR-125b-5p,BCL2,1,,0.3086150884628296
hsa-miR-125b-5p,ERBB2,1,31.0,0.3452736735343933
hsa-miR-125b-5p,RP4-539M6.19,0,25.2,0.5902535915374756
hsa-miR-125b-5p,GSS,1,24.2,0.24742043018341064
hsa-miR-125b-5p,ABTB1,1,28.4,0.48945295810699463
hsa-miR-125b-5p,ZSCAN18,0,27.8,0.35811617970466614
hsa-miR-125b-5p,NBPF20,0,26.4,0.45855778455734253
hsa-miR-125b-5p,PPDPF,0,,0.1343228816986084
hsa-miR-125b-5p,MRPL4,0,28.6,0.2040122151374817
hsa-miR-125b-5p,COBLL1,0,,0.25272053480148315
hsa-miR-125b-5p,MRPL19,0,27.7,0.2289922833442688
hsa-miR-125b-5p,SMCR8,0,,0.27691277861595154
hsa-miR-125b-5p,OR2C3,0,24.1,0.1597314476966858
hsa-miR-125b-5p,ANAPC15,0,34.6,0.5593738555908203
hsa-miR-125b-5p,SART3,0,21.9,0.2019633650779724
hsa-miR-125b-5p,IKZF2,1,18.7,0.11673235893249512
hsa-miR-125b-5p,KCTD21,0,,0.2652220129966736
hsa-miR-125b-5p,PIK3CD,1,22.5,0.18459971249103546
hsa-miR-125b-5p,AP5Z1,0,,0.3662188649177551
hsa-miR-125b-5p,SIT1,0,,0.18769995868206024
hsa-miR-125b-5p,SAMD14,0,,0.20392470061779022
hsa-miR-125b-5p,ETS1,1,,0.2986108660697937
hsa-miR-125b-5p,OGFOD2,0,28.2,0.2771332561969757
hsa-miR-128-3p,GJC1,0,,0.0893426239490509
hsa-miR-128-3p,MYLK4,0,,0.13142052292823792
hsa-miR-128-3p,BAX,1,24.8,0.36937618255615234
hsa-miR-128-3p,RAB3C,0,,0.11430028080940247
hsa-miR-128-3p,MYOCD,0,,0.15684956312179565
hsa-miR-128-3p,TXNRD3,0,22.5,0.14609943330287933
hsa-miR-128-3p,ARHGAP20,0,22.8,0.21125873923301697
hsa-miR-128-3p,DCX,1,,0.2195352166891098
hsa-miR-128-3p,E2F3,1,,0.1104871928691864
hsa-miR-128-3p,WEE1,1,,0.2583042085170746
hsa-miR-128-3p,RXRA,1,,0.05835724249482155
hsa-miR-128-3p,ABCG1,1,,0.15030275285243988
hsa-miR-128-3p,PATE2,0,,0.13481396436691284
hsa-miR-128-3p,EGFR,1,25.1,0.15527787804603577
hsa-miR-128-3p,FAM73B,0,27.4,0.14324814081192017
hsa-miR-128-3p,KALRN,0,25.8,0.06918428838253021
hsa-miR-128-3p,PDE4DIP,0,26.5,0.14822541177272797
hsa-miR-128-3p,PLEKHH1,0,,0.16768327355384827
hsa-miR-128-3p,RBM48,0,,0.10879376530647278
hsa-miR-128-3p,DIS3L2,0,24.4,0.08780790865421295
hsa-miR-128-3p,ZNF836,0,25.3,0.20553316175937653
hsa-miR-128-3p,FBXW7,1,21.8,0.2362148016691208
hsa-miR-128-3p,ANKFN1,0,24.7,0.24387937784194946
hsa-miR-128-3p,C10orf107,0,26.2,0.3741500675678253
hsa-miR-128-3p,GABRB1,0,,0.09407997131347656
hsa-miR-128-3p,TGFBR1,1,,0.12087708711624146
hsa-miR-128-3p,CSF1,1,19.4,0.24504266679286957
hsa-miR-128-3p,PNO1,0,,0.12255022674798965
hsa-miR-128-3p,SLC7A2,0,,0.15876010060310364
hsa-miR-128-3p,TMED3,0,24.0,0.13436344265937805
hsa-miR-128-3p,ZFP36,0,24.1,0.1145409569144249
hsa-miR-128-3p,ADI1,0,,0.15564346313476562
hsa-miR-128-3p,RIMBP3C,0,20.9,0.16367113590240479
hsa-miR-128-3p,NOL10,0,,0.11196912825107574
hsa-miR-128-3p,AKAP6,0,28.6,0.0781264528632164
hsa-miR-128-3p,FGFR1OP,0,,0.06280733644962311
hsa-miR-128-3p,RNASEL,0,23.5,0.16354644298553467
hsa-miR-128-3p,BMI1,1,,0.285205215215683
hsa-miR-128-3p,POLR1C,0,24.9,0.2425536960363388
hsa-miR-128-3p,NUP62CL,0,,0.18140685558319092
hsa-miR-128-3p,IRF6,0,,0.18076229095458984
hsa-miR-128-3p,SREBF2,1,26.0,0.27215027809143066
hsa-miR-128-3p,KRAS,0,16.6,0.19886040687561035
hsa-miR-128-3p,PPM1A,0,,0.16048455238342285
hsa-miR-128-3p,RBM38,0,24.2,0.12805481255054474
hsa-miR-128-3p,RIF1,0,20.7,0.07318955659866333
hsa-miR-128-3p,RELN,1,22.3,0.33814936876296997
hsa-miR-128-3p,LCA5,0,18.4,0.263649046421051
hsa-miR-128-3p,TRAT1,0,,0.15475432574748993
hsa-miR-128-3p,ISLR,0,23.8,0.20644961297512054
hsa-miR-128-3p,ARL11,0,,0.10254976153373718
hsa-miR-128-3p,LINC00346,0,,0.13089950382709503
hsa-miR-128-3p,CEND1,0,26.9,0.21146388351917267
hsa-miR-128-3p,MESDC2,0,,0.1730562150478363
hsa-miR-128-3p,GZMB,0,22.6,0.22874663770198822
hsa-miR-128-3p,KIF13A,0,26.8,0.1210751086473465
hsa-miR-128-3p,HTR4,0,24.2,0.19596827030181885
hsa-miR-128-3p,DSCR4,0,23.5,0.15661728382110596
hsa-miR-128-3p,SIPA1L1,0,,0.1973724067211151
hsa-miR-128-3p,WNT16,0,20.2,0.27031686902046204
hsa-miR-128-3p,ATG7,0,,0.07048816233873367
hsa-miR-128-3p,CIDEA,0,23.0,0.24781662225723267
hsa-miR-128-3p,SUZ12,1,,0.19182586669921875
hsa-miR-128-3p,SLC36A1,0,22.6,0.11864381283521652
hsa-miR-128-3p,SSH1,0,17.1,0.18971531093120575
hsa-miR-128-3p,PSMC4,0,,0.0943579450249672
hsa-miR-128-3p,HSPB11,0,23.2,0.20055058598518372
hsa-miR-128-3p,ACVR2A,0,,0.25468647480010986
hsa-miR-128-3p,HCN1,0,,0.06730122864246368
hsa-miR-128-3p,ZNF28,0,19.6,0.18588094413280487
hsa-miR-128-3p,ACAD10,0,25.3,0.26884546875953674
hsa-miR-128-3p,FAM101A,0,26.4,0.05708831921219826
hsa-miR-128-3p,NTRK3,1,24.6,0.13752052187919617
hsa-miR-128-3p,GPR63,0,,0.09461770951747894
hsa-miR-128-3p,LAT2,0,23.9,0.16638094186782837
hsa-miR-128-3p,ETV5,0,,0.10580526292324066
hsa-miR-128-3p,SIRT1,1,21.1,0.2107921689748764
hsa-miR-128-3p,KLF4,1,22.1,0.2064705640077591
hsa-miR-128-3p,ZNF891,0,,0.10007846355438232
hsa-miR-128-3p,FGF9,0,,0.08518566936254501
hsa-miR-128-3p,PRR26,0,25.4,0.0945013165473938
hsa-miR-128-3p,C21orf128,0,22.8,0.22421446442604065
hsa-miR-128-3p,ARIH2,0,,0.08840586245059967
hsa-miR-128-3p,ABCA1,1,21.3,0.2248900979757309
hsa-miR-128-3p,ENPP1,0,,0.1512679159641266
hsa-miR-128-3p,MAGIX,0,,0.11171789467334747
hsa-miR-128-3p,ITPKC,0,27.2,0.18192055821418762
hsa-miR-128-3p,GALNT7,0,20.2,0.2346036732196808
hsa-miR-128-3p,MSANTD3-TMEFF1,0,18.5,0.2963626980781555
hsa-miR-129-5p,RNF125,0,,0.0781627669930458
hsa-miR-129-5p,BDKRB2,1,,0.05123579502105713
hsa-miR-129-5p,RBM44,0,20.2,0.15591225028038025
hsa-miR-129-5p,UBE2F,1,,0.03180058300495148
hsa-miR-129-5p,EOMES,0,26.2,0.0752820372581482
hsa-miR-129-5p,ST7,0,25.7,0.1448216736316681
hsa-miR-129-5p,MGAT2,0,,0.03228147700428963
hsa-miR-129-5p,LRRC69,0,19.0,0.18438130617141724
hsa-miR-129-5p,PDE1A,0,21.2,0.08935019373893738
hsa-miR-129-5p,AGO3,1,27.3,0.09845361858606339
hsa-miR-129-5p,PRELID2,0,22.2,0.16568860411643982
hsa-miR-129-5p,ACP1,0,24.3,0.03786202147603035
hsa-miR-129-5p,STRIP1,0,,0.04138440638780594
hsa-miR-129-5p,RNF175,0,22.4,0.06858287006616592
hsa-miR-129-5p,TMOD2,0,,0.012157797813415527
hsa-miR-129-5p,TRIM65,0,25.7,0.037386391311883926
hsa-miR-129-5p,ABCG8,0,,0.05817278474569321
hsa-miR-129-5p,CC2D1B,0,,0.04447527229785919
hsa-miR-129-5p,ABCB1,1,22.2,0.08313393592834473
hsa-miR-129-5p,ABCG1,1,,0.030678220093250275
hsa-miR-129-5p,INSIG2,0,,0.19109666347503662
hsa-miR-129-5p,SOX4,1,,0.11364445835351944
hsa-miR-129-5p,COL11A2,0,26.6,0.1074996143579483
hsa-miR-129-5p,PCOLCE2,0,22.3,0.17507906258106232
hsa-miR-129-5p,SLC2A2,0,20.2,0.11611620336771011
hsa-miR-129-5p,KSR2,0,25.0,-0.0
hsa-miR-129-5p,BCAS1,0,24.8,0.05045193433761597
hsa-miR-129-5p,DHX36,0,,0.011505231261253357
hsa-miR-129-5p,RNGTT,0,27.6,0.13807055354118347
hsa-miR-129-5p,OTUD6B,0,,0.11594535410404205
hsa-miR-129-5p,FMR1,1,18.4,0.1296137124300003
hsa-miR-129-5p,SRP19,0,,0.0683247447013855
hsa-miR-129-5p,MIOX,0,29.7,0.15876832604408264
hsa-miR-129-5p,SPATA5L1,0,19.1,0.16246114671230316
hsa-miR-129-5p,LONP2,0,,0.030482962727546692
hsa-miR-129-5p,ABCC5,1,27.3,0.05215245112776756
hsa-miR-129-5p,CAMTA1,1,24.0,0.054995790123939514
hsa-miR-129-5p,MYH9,0,13.1,0.016766995191574097
hsa-miR-129-5p,MRPL42,0,21.6,0.03280780836939812
hsa-miR-129-5p,ARGFX,0,,0.05042625591158867
hsa-miR-129-5p,NFATC1,0,26.8,0.09194488823413849
hsa-miR-129-5p,CNKSR2,0,25.2,0.0642295628786087
hsa-miR-129-5p,TXNDC2,0,25.4,0.09268374741077423
hsa-miR-129-5p,FANCM,0,19.9,0.04942570626735687
hsa-miR-129-5p,GTF3C4,0,22.3,0.06324291229248047
hsa-miR-129-5p,C9orf41,0,21.9,0.013082876801490784
hsa-miR-129-5p,KIR3DX1,0,,0.04550478979945183
hsa-miR-130a-3p,SELPLG,0,,0.05743999779224396
hsa-miR-130a-3p,TYW1,0,24.3,0.25304657220840454
hsa-miR-130a-3p,PTX4,0,25.6,0.19900748133659363
hsa-miR-130a-3p,IL18,1,21.3,0.20032668113708496
hsa-miR-130a-3p,MYO1D,0,21.2,0.0995204746723175
hsa-miR-130a-3p,ERO1L,0,,0.17130771279335022
hsa-miR-130a-3p,SOX7,0,21.9,0.09675214439630508
hsa-miR-130a-3p,ZNF738,0,22.9,0.07004405558109283
hsa-miR-130a-3p,CCDC59,0,,0.31024980545043945
hsa-miR-130a-3p,ZNF587B,0,21.8,0.19177839159965515
hsa-miR-130a-3p,BLZF1,0,23.9,0.36550888419151306
hsa-miR-130a-3p,DIS3L2,0,23.3,0.12520962953567505
hsa-miR-130a-3p,ZNF207,0,,0.05467931181192398
hsa-miR-130a-3p,PPP1R27,0,21.2,0.13767489790916443
hsa-miR-130a-3p,UPP2,0,23.3,0.2692162096500397
hsa-miR-130a-3p,CSF1,1,24.5,0.33426669239997864
hsa-miR-130a-3p,PTBP2,0,24.2,0.2688041627407074
hsa-miR-130a-3p,IFITM1,1,22.9,0.2667617201805115
hsa-miR-130a-3p,SMAD4,1,19.9,0.23501747846603394
hsa-miR-130a-3p,TAC1,1,19.8,0.37063947319984436
hsa-miR-130a-3p,IKZF4,0,,0.2140500247478485
hsa-miR-130a-3p,DICER1,1,,0.277704119682312
hsa-miR-130a-3p,RASAL1,0,29.2,0.09766462445259094
hsa-miR-130a-3p,MAFB,1,26.6,0.26100337505340576
hsa-miR-130a-3p,USP37,0,22.9,0.06475304812192917
hsa-miR-130a-3p,KAT7,0,,0.10323219746351242
hsa-miR-130a-3p,ESR1,1,,0.26561927795410156
hsa-miR-130a-3p,HIST3H2A,0,21.9,0.4312514364719391
hsa-miR-130a-3p,HOXA5,1,25.0,0.2476346492767334
hsa-miR-130a-3p,MEOX2,1,24.0,0.22557055950164795
hsa-miR-130a-3p,SAP30L,0,,0.13308726251125336
hsa-miR-130a-3p,ATXN1,1,,0.2442672699689865
hsa-miR-130a-3p,GORASP1,0,28.2,0.13217386603355408
hsa-miR-130a-3p,PPARG,1,22.1,0.5386300086975098
hsa-miR-130a-3p,SDC4,0,23.8,0.2866744101047516
hsa-miR-130a-3p,GADD45A,0,20.6,0.3657379746437073
hsa-miR-130a-3p,ZFPM2,0,20.5,0.30288049578666687
hsa-miR-130a-3p,RPL34,0,22.1,0.06179453805088997
hsa-miR-130a-3p,PARP8,0,21.3,0.16504114866256714
hsa-miR-130a-3p,MAGI2,0,19.7,0.18382373452186584
hsa-miR-130a-3p,GJA1,1,20.6,0.3302474617958069
hsa-miR-130a-3p,HHEX,0,19.6,0.45838817954063416
hsa-miR-130a-3p,TRAM2,0,,0.24247677624225616
hsa-miR-130a-3p,RUNX3,1,,0.20388665795326233
hsa-miR-130a-3p,CBLN3,0,22.3,0.2041345238685608
hsa-miR-130a-3p,EFR3A,0,,0.26765453815460205
hsa-miR-130a-3p,SIM1,0,,0.09892696887254715
hsa-miR-130a-3p,ATG2B,1,,0.244495689868927
hsa-miR-130a-3p,HES1,0,18.2,0.35384002327919006
hsa-miR-130a-3p,SLC16A7,0,15.6,0.1539241075515747
hsa-miR-130a-3p,GYS2,0,21.8,0.3239098787307739
hsa-miR-130a-3p,TCF4,0,,0.19973424077033997
hsa-miR-130a-3p,MUC15,0,,0.17387735843658447
hsa-miR-130a-3p,TGFB1,1,23.1,0.25546714663505554
hsa-miR-130a-3p,ADAMTS2,0,22.9,0.15240654349327087
hsa-miR-130a-3p,PPM1B,0,22.0,0.19185423851013184
hsa-miR-130b-3p,TGFBRAP1,0,,0.17734208703041077
hsa-miR-130b-3p,ITPK1,0,23.8,0.07866989821195602
hsa-miR-130b-3p,PTEN,1,,0.2089625895023346
hsa-miR-130b-3p,FBN2,0,25.6,0.3322329521179199
hsa-miR-130b-3p,SCN8A,0,19.7,0.0972164049744606
hsa-miR-130b-3p,TPBG,0,,0.1403317153453827
hsa-miR-130b-3p,C10orf76,0,7.6,0.14902471005916595
hsa-miR-130b-3p,INTS6,0,21.8,0.24873872101306915
hsa-miR-130b-3p,ZNF704,0,,0.12469349801540375
hsa-miR-130b-3p,C16orf70,0,24.8,0.37404611706733704
hsa-miR-130b-3p,FMR1,1,19.2,0.2995598018169403
hsa-miR-130b-3p,CSF1,1,23.0,0.3470882773399353
hsa-miR-130b-3p,ITFG3,0,26.9,0.24891892075538635
hsa-miR-130b-3p,SMAD4,1,24.2,0.22693376243114471
hsa-miR-130b-3p,PPP1R14A,0,22.0,0.3086443245410919
hsa-miR-130b-3p,CARF,0,20.9,0.26790696382522583
hsa-miR-130b-3p,DICER1,1,,0.2617044150829315
hsa-miR-130b-3p,BHMT2,0,25.4,0.11061951518058777
hsa-miR-130b-3p,CBX6,0,,0.1915479600429535
hsa-miR-130b-3p,GSTK1,0,,0.14604146778583527
hsa-miR-130b-3p,TTC14,0,23.3,0.1644810289144516
hsa-miR-130b-3p,TP53INP1,1,,0.19893299043178558
hsa-miR-130b-3p,PPARG,1,23.8,0.5676023364067078
hsa-miR-130b-3p,ZEB1,1,,0.2567157745361328
hsa-miR-130b-3p,STAT3,1,,0.22875243425369263
hsa-miR-130b-3p,PDE1A,0,20.6,0.19057826697826385
hsa-miR-130b-3p,SHISA9,0,,0.0701787918806076
hsa-miR-130b-3p,FBXO47,0,,0.09695849567651749
hsa-miR-130b-3p,AC115618.1,0,25.1,0.14689549803733826
hsa-miR-130b-3p,KLHL42,0,,0.1252739280462265
hsa-miR-130b-3p,PDGFRA,1,23.3,0.24799782037734985
hsa-miR-130b-3p,C7orf60,0,,0.22848187386989594
hsa-miR-130b-3p,NUDT12,0,,0.19379295408725739
hsa-miR-130b-3p,GLTSCR2,0,26.5,0.11733034253120422
hsa-miR-130b-3p,GEMIN6,0,,0.21616604924201965
hsa-miR-130b-3p,RASGEF1A,0,21.7,0.2547982931137085
hsa-miR-130b-3p,ZBTB4,1,,0.23811447620391846
hsa-miR-130b-3p,NFYC,0,21.7,0.15183758735656738
hsa-miR-130b-3p,CEP57,0,20.3,0.09888595342636108
hsa-miR-133b,MS4A14,0,24.1,0.33690977096557617
hsa-miR-133b,CDK13,1,,0.37369877099990845
hsa-miR-133b,USP26,0,20.6,0.7984728217124939
hsa-miR-133b,BCL2L2,1,,0.2642103135585785
hsa-miR-133b,PIK3C3,0,20.2,0.31106746196746826
hsa-miR-133b,RHOA,1,21.8,0.35074469447135925
hsa-miR-133b,HCN2,1,29.0,0.2670518159866333
hsa-miR-133b,MFHAS1,0,,0.20726123452186584
hsa-miR-133b,TAGLN2,1,28.2,0.47927379608154297
hsa-miR-133b,PTBP2,1,24.9,0.4776344895362854
hsa-miR-133b,DIXDC1,0,25.1,0.2481895387172699
hsa-miR-133b,ZNF486,0,26.5,0.2044483721256256
hsa-miR-133b,RABAC1,0,,0.16770035028457642
hsa-miR-133b,FAIM,1,20.2,0.8761352300643921
hsa-miR-133b,CLPB,0,4.9,0.30853471159935
hsa-miR-133b,ARID3A,0,,0.39392319321632385
hsa-miR-133b,RASGRP1,0,,0.369850218296051
hsa-miR-133b,SRPX2,0,,0.2392895668745041
hsa-miR-133b,AFAP1L1,0,27.4,0.2725581228733063
hsa-miR-133b,PTPRK,1,26.9,0.6157020926475525
hsa-miR-133b,VPS13C,0,,0.299691379070282
hsa-miR-133b,PNMA5,0,33.0,0.2792181670665741
hsa-miR-133b,PTPRO,0,13.9,0.4876593351364136
hsa-miR-133b,TMEM213,0,22.6,0.38648003339767456
hsa-miR-133b,MAP4K2,0,,0.25390708446502686
hsa-miR-133b,FUS,0,,0.28966644406318665
hsa-miR-133b,FOXC1,0,29.0,0.45154517889022827
hsa-miR-133b,CPNE3,1,,0.3856659531593323
hsa-miR-133b,EGFR,1,24.0,0.7088589072227478
hsa-miR-133b,ZIC1,0,,0.15869127213954926
hsa-miR-133b,FSCN1,1,29.6,0.3047490119934082
hsa-miR-133b,PRKX,0,,0.2707379162311554
hsa-miR-133b,STX17,0,,0.2276374101638794
hsa-miR-133b,MCL1,1,,0.26944613456726074
hsa-miR-133b,PRDM16,1,,0.44199085235595703
hsa-miR-133b,AHCYL2,0,,0.2855004370212555
hsa-miR-133b,IGF1R,1,,0.1711774319410324
hsa-miR-133b,ELFN1,0,26.8,0.47830671072006226
hsa-miR-133b,MET,1,19.5,0.2403232306241989
hsa-miR-133b,ZPBP2,0,23.2,0.427553653717041
hsa-miR-133b,FRRS1,0,26.4,0.24675968289375305
hsa-miR-133b,AP4E1,0,,0.3420684337615967
hsa-miR-133b,CUX2,0,,0.32522180676460266
hsa-miR-133b,SP1,1,,0.31504422426223755
hsa-miR-133b,KIAA1614,0,,0.21401172876358032
hsa-miR-133b,BCL2,0,,0.2622153162956238
hsa-miR-133b,FGFR1,1,,0.22905388474464417
hsa-miR-133b,ANKRD9,0,,0.0897640734910965
hsa-miR-133b,TNFSF10,0,22.9,0.4204261898994446
hsa-miR-133b,FCRL4,0,22.0,0.3205062448978424
hsa-miR-133b,IMPAD1,0,,0.18619510531425476
hsa-miR-133b,RB1CC1,1,22.0,0.5155300498008728
hsa-miR-133b,KAZN,0,,0.2574807405471802
hsa-miR-133b,HOXD1,0,26.3,0.32130691409111023
hsa-miR-133b,WDR33,0,23.9,0.3871693015098572
hsa-miR-133b,PARPBP,0,20.6,0.34332484006881714
hsa-miR-133b,UGT2B4,0,24.0,0.1908402293920517
hsa-miR-133b,ZNF626,0,,0.1737549901008606
hsa-miR-137,AKT2,1,19.2,0.26145660877227783
hsa-miR-137,SEZ6L2,0,21.7,0.6029335260391235
hsa-miR-137,CDK6,1,,0.10716799646615982
hsa-miR-137,CRCP,0,,0.05103141441941261
hsa-miR-137,CDC42,1,18.5,0.24161678552627563
hsa-miR-137,RPRD1B,0,,0.29260319471359253
hsa-miR-137,ZFP28,0,,0.22710853815078735
hsa-miR-137,EFCAB14,0,7.7,0.37262609601020813
hsa-miR-137,KCNMA1,0,21.6,0.19664421677589417
hsa-miR-137,SLC30A10,0,,0.15713325142860413
hsa-miR-137,PSMD5,0,19.5,0.10144342482089996
hsa-miR-137,FUNDC1,1,22.1,0.4693140387535095
hsa-miR-137,RFX6,0,17.7,0.47064918279647827
hsa-miR-137,NCOA2,1,,0.3683162331581116
hsa-miR-137,KIT,1,,0.34928086400032043
hsa-miR-137,KDM1A,1,19.4,0.3110302984714508
hsa-miR-137,ZNF804A,1,18.3,0.4074874818325043
hsa-miR-137,PXN,1,18.9,0.28114616870880127
hsa-miR-137,NAP1L2,0,19.2,0.26463189721107483
hsa-miR-137,PTGS2,1,,0.3444937765598297
hsa-miR-137,GNAI3,0,,0.24724039435386658
hsa-miR-137,SLC7A6OS,0,,0.1638692021369934
hsa-miR-137,BMP3,0,,0.14418119192123413
hsa-miR-137,SERPINA3,1,,0.23770855367183685
hsa-miR-137,RNASEL,0,21.0,0.24855409562587738
hsa-miR-137,ACTL10,0,16.0,0.23259685933589935
hsa-miR-137,MET,1,19.2,0.2058708667755127
hsa-miR-137,TLR8,0,,0.20026516914367676
hsa-miR-137,ESRRA,1,20.5,0.38221150636672974
hsa-miR-137,ASPA,0,,0.24761243164539337
hsa-miR-137,MITF,1,,0.2868322730064392
hsa-miR-137,C16orf46,0,19.9,0.7176457047462463
hsa-miR-137,IL23R,0,18.2,0.3049236536026001
hsa-miR-137,POLR3G,0,17.4,0.21267256140708923
hsa-miR-137,AMER2,0,,0.09235444664955139
hsa-miR-137,AGGF1,0,18.6,0.23612765967845917
hsa-miR-137,CSE1L,1,,0.3850644826889038
hsa-miR-137,CLEC14A,0,,0.1918553113937378
hsa-miR-137,SLC6A20,0,18.8,0.16021031141281128
hsa-miR-137,ITGA9,0,13.4,0.10386138409376144
hsa-miR-137,GM2A,0,,0.25284039974212646
hsa-miR-137,HRK,0,,0.0401320680975914
hsa-miR-137,FMNL2,1,20.1,0.24506284296512604
hsa-miR-137,XRN1,0,16.3,0.35136252641677856
hsa-miR-137,CDKN2B,0,,0.15306919813156128
hsa-miR-137,GABRA1,0,,0.21461662650108337
hsa-miR-137,BNIP3L,1,,0.27628427743911743
hsa-miR-137,NRG3,0,,0.1611177921295166
hsa-miR-137,MBL2,0,,0.2950972318649292
hsa-miR-137,RORA,1,,0.16859036684036255
hsa-miR-137,E2F6,1,,0.3353809118270874
hsa-miR-137,IGSF22,0,16.8,0.3712281286716461
hsa-miR-137,TGFB2,1,,0.12518846988677979
hsa-miR-137,FAM229B,0,,0.1637442708015442
hsa-miR-137,MRO,0,,0.15240439772605896
hsa-miR-137,RWDD1,0,,0.1691780537366867
hsa-miR-137,ABCG4,0,17.8,0.11404068022966385
hsa-miR-137,YBX1,1,17.5,0.470409095287323
hsa-miR-137,FOXN1,0,19.5,0.17980214953422546
hsa-miR-137,MRI1,0,,0.28841444849967957
hsa-miR-137,KIAA1009,0,,0.21947996318340302
hsa-miR-137,CTBP1,1,22.0,0.19543296098709106
hsa-miR-137,GLIPR1,1,,0.30946555733680725
hsa-miR-138-5p,KCNK3,0,,0.23794704675674438
hsa-miR-138-5p,CAMK2N1,0,,0.24267320334911346
hsa-miR-138-5p,LIMD2,0,,0.1438547521829605
hsa-miR-138-5p,CCND1,1,24.8,0.140634685754776
hsa-miR-138-5p,ERLIN2,0,27.7,0.29691895842552185
hsa-miR-138-5p,ZEB2,1,,0.2057856023311615
hsa-miR-138-5p,ROCK2,1,,0.555758535861969
hsa-miR-138-5p,ITGA2,0,,0.32998719811439514
hsa-miR-138-5p,MRPL3,0,,0.182284414768219
hsa-miR-138-5p,CLIC6,0,27.6,0.18331098556518555
hsa-miR-138-5p,ZCCHC14,0,,0.2999996542930603
hsa-miR-138-5p,CTD-2207O23.12,0,34.4,0.15985262393951416
hsa-miR-138-5p,PIK3C3,0,21.2,0.323012113571167
hsa-miR-138-5p,DIP2B,0,,0.1866576373577118
hsa-miR-138-5p,BLZF1,0,28.4,0.3692498803138733
hsa-miR-138-5p,COMTD1,0,,0.3540233373641968
hsa-miR-138-5p,PTK2,1,25.0,0.4209643006324768
hsa-miR-138-5p,HIF1A,1,,0.3207424283027649
hsa-miR-138-5p,GATAD2A,0,,0.30300697684288025
hsa-miR-138-5p,SACM1L,0,29.6,0.3831517696380615
hsa-miR-138-5p,ZFP36L2,0,,0.3313271105289459
hsa-miR-138-5p,MCU,0,25.5,0.40419653058052063
hsa-miR-138-5p,GANC,0,27.9,0.3675670325756073
hsa-miR-138-5p,EPHB2,0,29.9,0.3003707528114319
hsa-miR-138-5p,IFIH1,0,17.1,0.3116403818130493
hsa-miR-138-5p,FOSL1,1,30.8,0.29360103607177734
hsa-miR-138-5p,C1orf141,0,23.8,0.3902464807033539
hsa-miR-138-5p,RP11-863K10.7,0,27.2,0.41666287183761597
hsa-miR-138-5p,RHOC,1,29.5,0.6159155964851379
hsa-miR-138-5p,RNF169,0,,0.14841023087501526
hsa-miR-138-5p,DUSP16,0,,0.23466108739376068
hsa-miR-138-5p,DENND1C,0,24.7,0.463164359331131
hsa-miR-138-5p,DUSP15,0,29.2,0.2994174361228943
hsa-miR-138-5p,PAX7,0,22.5,0.13766512274742126
hsa-miR-138-5p,EZH2,1,25.6,0.4333723485469818
hsa-miR-138-5p,CCND3,1,31.7,0.49736714363098145
hsa-miR-138-5p,RMND5A,1,,0.5590795278549194
hsa-miR-138-5p,CASP3,1,28.6,0.3111085593700409
hsa-miR-138-5p,C17orf75,0,,0.1736707091331482
hsa-miR-138-5p,ESYT3,0,32.0,0.2173227071762085
hsa-miR-138-5p,SIRT1,1,25.4,0.5819971561431885
hsa-miR-138-5p,GTDC1,0,,0.13008159399032593
hsa-miR-138-5p,TNR,0,,0.19808149337768555
hsa-miR-138-5p,ARHGEF3,1,30.2,0.4454272985458374
hsa-miR-138-5p,CD99L2,0,,0.12255558371543884
hsa-miR-138-5p,NHLRC2,0,,0.27993881702423096
hsa-miR-138-5p,TOLLIP,0,32.2,0.2605138421058655
hsa-miR-138-5p,CBX5,0,,0.18247774243354797
hsa-miR-138-5p,IPCEF1,0,,0.32184097170829773
hsa-miR-138-5p,SYNPO,0,,0.18536891043186188
hsa-miR-138-5p,MARCH8,0,,0.22948521375656128
hsa-miR-138-5p,AKR1C1,0,21.2,0.19977299869060516
hsa-miR-138-5p,ANXA8L2,0,29.1,0.25988051295280457
hsa-miR-138-5p,AVPR2,0,29.1,0.3439277410507202
hsa-miR-138-5p,CHRNG,0,28.5,0.2267386019229889
hsa-miR-138-5p,MAP2K7,0,,0.22703468799591064
hsa-miR-138-5p,RHOH,0,,0.21125726401805878
hsa-miR-138-5p,RAB27A,0,,0.3117504417896271
hsa-miR-138-5p,FKBP15,0,,0.1320369690656662
hsa-miR-138-5p,DLK1,0,12.9,0.2699378430843353
hsa-miR-138-5p,RELN,1,32.1,0.4481777846813202
hsa-miR-138-5p,NAA30,0,,0.3567616045475006
hsa-miR-138-5p,MEGF6,0,,0.26344332098960876
hsa-miR-138-5p,AMOTL1,0,,0.21923305094242096
hsa-miR-138-5p,COPS3,0,,0.20346692204475403
hsa-miR-138-5p,NKAIN1,0,,0.4027411937713623
hsa-miR-138-5p,SLC45A3,1,31.6,0.25711750984191895
hsa-miR-138-5p,ZNF317,0,,0.2525936961174011
hsa-miR-138-5p,SOX4,1,,0.325309693813324
hsa-miR-138-5p,MXD1,1,,0.20270013809204102
hsa-miR-138-5p,TERT,1,,0.3199862241744995
hsa-miR-138-5p,CACNA1A,0,32.4,0.20250877737998962
hsa-miR-138-5p,TINAGL1,0,34.6,0.4177922010421753
hsa-miR-138-5p,VIM,1,22.1,0.4738619327545166
hsa-miR-138-5p,S100A1,1,24.4,0.5441555976867676
hsa-miR-138-5p,EID1,1,,0.40797126293182373
hsa-miR-138-5p,GNG2,0,25.9,0.47283634543418884
hsa-miR-138-5p,MECP2,0,26.2,0.18566665053367615
hsa-miR-138-5p,LCN2,1,28.8,0.28749915957450867
hsa-miR-138-5p,XKR6,0,31.5,0.24606241285800934
hsa-miR-138-5p,TRIM47,0,28.9,0.6051984429359436
hsa-miR-138-5p,BLCAP,1,31.1,0.151664137840271
hsa-miR-140-5p,OSTM1,1,,0.19856709241867065
hsa-miR-140-5p,FAM129A,0,,0.21816129982471466
hsa-miR-140-5p,PXDNL,0,19.9,0.33528727293014526
hsa-miR-140-5p,SGSM1,0,,0.19136157631874084
hsa-miR-140-5p,HDAC4,1,24.8,0.27223312854766846
hsa-miR-140-5p,POLA2,0,23.0,0.11093901842832565
hsa-miR-140-5p,BAK1,0,,0.18249653279781342
hsa-miR-140-5p,LEF1,0,18.0,0.23504425585269928
hsa-miR-140-5p,FIP1L1,0,22.2,0.3137111961841583
hsa-miR-140-5p,C10orf32,0,20.4,0.2857367992401123
hsa-miR-140-5p,TGFBR1,1,,0.362275093793869
hsa-miR-140-5p,VEGFA,1,23.9,0.3325239419937134
hsa-miR-140-5p,SLC4A3,0,23.2,0.2358708381652832
hsa-miR-140-5p,MMD,1,22.1,0.43882009387016296
hsa-miR-140-5p,SCN4A,0,,0.15176737308502197
hsa-miR-140-5p,FRAS1,0,23.0,0.1989903450012207
hsa-miR-140-5p,PNPLA8,0,23.1,0.23850533366203308
hsa-miR-140-5p,ATP13A4,0,18.1,0.1012687012553215
hsa-miR-140-5p,ENO4,0,20.0,0.3374365568161011
hsa-miR-140-5p,PCSK1,0,,0.2369699627161026
hsa-miR-140-5p,IL10RA,0,,0.13132253289222717
hsa-miR-140-5p,P4HA2,0,,0.20250245928764343
hsa-miR-140-5p,TSHZ2,0,,0.2017170488834381
hsa-miR-140-5p,ATF6,0,,0.2075614333152771
hsa-miR-140-5p,CORO2A,0,,0.47714918851852417
hsa-miR-140-5p,TRAPPC3,0,24.0,0.45673638582229614
hsa-miR-140-5p,PDGFRA,1,21.9,0.3137111961841583
hsa-miR-140-5p,STXBP4,0,21.9,0.33731314539909363
hsa-miR-140-5p,FGF9,1,,0.48219090700149536
hsa-miR-140-5p,OSBPL6,0,12.8,0.19534540176391602
hsa-miR-140-5p,TCERG1,0,,0.2571679353713989
hsa-miR-140-5p,CD226,0,,0.26538705825805664
hsa-miR-140-5p,WDR72,0,,0.16707724332809448
hsa-miR-141-3p,TPH2,0,22.7,0.25949108600616455
hsa-miR-141-3p,AJAP1,0,21.5,0.1147570013999939
hsa-miR-141-3p,ZEB2,1,,0.2073328197002411
hsa-miR-141-3p,CHIC2,0,,0.17001178860664368
hsa-miR-141-3p,PTPRD,1,16.3,0.3645164668560028
hsa-miR-141-3p,BTLA,0,,0.08764804154634476
hsa-miR-141-3p,CDRT15,0,21.3,0.28265371918678284
hsa-miR-141-3p,TLX1,0,22.5,0.09931571781635284
hsa-miR-141-3p,RRP1,0,24.1,0.03509397432208061
hsa-miR-141-3p,AC026703.1,0,22.4,0.15047839283943176
hsa-miR-141-3p,KLF5,1,27.1,0.14624065160751343
hsa-miR-141-3p,BAP1,1,22.7,0.06711810827255249
hsa-miR-141-3p,FAM8A1,0,,0.15196046233177185
hsa-miR-141-3p,POLR1E,0,,0.1452317237854004
hsa-miR-141-3p,CPEB2,0,,0.1817672997713089
hsa-miR-141-3p,OSGIN2,0,17.7,0.17470866441726685
hsa-miR-141-3p,ZNF530,0,18.1,0.07330142706632614
hsa-miR-141-3p,SMAD4,0,19.3,0.04022343456745148
hsa-miR-141-3p,C6orf62,0,,0.2011907994747162
hsa-miR-141-3p,FGF13,0,18.5,0.08658625185489655
hsa-miR-141-3p,TBC1D9,0,,0.1283799111843109
hsa-miR-141-3p,GDPGP1,0,,0.07717149704694748
hsa-miR-141-3p,KCNJ13,0,,0.2302689105272293
hsa-miR-141-3p,RNF130,0,24.0,-0.0
hsa-miR-141-3p,RTKN2,0,22.8,0.21571975946426392
hsa-miR-141-3p,WDR5,0,23.6,0.05909283459186554
hsa-miR-141-3p,WTAP,0,23.0,0.3788710832595825
hsa-miR-141-3p,BMP7,0,14.9,0.06885930895805359
hsa-miR-141-3p,DCP2,0,,0.18128935992717743
hsa-miR-141-3p,WDR1,0,23.4,0.16118831932544708
hsa-miR-141-3p,FLRT2,0,,0.14990977942943573
hsa-miR-141-3p,STRN3,0,,0.09633565694093704
hsa-miR-141-3p,LRAT,0,,0.12892606854438782
hsa-miR-141-3p,CYB5R1,0,23.3,0.14030370116233826
hsa-miR-141-3p,NCOR1,0,,0.15259331464767456
hsa-miR-141-3p,AGMAT,0,,0.11201468110084534
hsa-miR-141-3p,PRRG1,0,21.8,0.38075146079063416
hsa-miR-141-3p,CHKA,0,24.8,0.169727623462677
hsa-miR-141-3p,STK16,0,20.6,0.09248091280460358
hsa-miR-141-3p,KIAA1671,0,,0.0418938510119915
hsa-miR-141-3p,C8orf37,0,,0.087226502597332
hsa-miR-141-3p,YAP1,1,,0.1433464139699936
hsa-miR-141-3p,FPGT-TNNI3K,0,20.9,0.10635915398597717
hsa-miR-141-3p,QSER1,0,17.1,0.18736818432807922
hsa-miR-141-3p,SLC4A5,0,,0.06857248395681381
hsa-miR-141-3p,HNRNPD,1,22.0,0.19652804732322693
hsa-miR-141-3p,ZDHHC3,0,,0.08090128004550934
hsa-miR-141-3p,C6orf120,0,,0.24814437329769135
hsa-miR-141-3p,ZIK1,0,,0.10494555532932281
hsa-miR-141-3p,CTBP2,1,,0.09164869040250778
hsa-miR-141-3p,SNAPC5,0,21.1,0.08847012370824814
hsa-miR-141-3p,TBC1D26,0,22.2,0.25235095620155334
hsa-miR-141-3p,TIGD6,0,,0.07490504533052444
hsa-miR-141-3p,TGFB2,1,,0.30403923988342285
hsa-miR-141-3p,RASSF2,1,,0.06356864422559738
hsa-miR-141-3p,VPS13C,0,,0.16273260116577148
hsa-miR-141-3p,CADM2,0,,0.07899072766304016
hsa-miR-141-3p,C3orf17,0,,0.1340211033821106
hsa-miR-141-3p,ESPL1,0,16.9,0.36969560384750366
hsa-miR-141-3p,FAM150B,0,24.9,0.45763683319091797
hsa-miR-141-3p,BRD3,1,22.2,0.26691603660583496
hsa-miR-141-3p,PHLPP1,1,22.3,0.13823245465755463
hsa-miR-141-3p,SLC1A7,0,21.8,0.3890816569328308
hsa-miR-141-3p,GCC1,0,,0.1532629132270813
hsa-miR-141-3p,SPRYD7,0,,0.09947539120912552
hsa-miR-141-3p,AP5S1,0,,0.017230205237865448
hsa-miR-141-3p,ESCO1,0,,0.09749771654605865
hsa-miR-141-3p,PPARA,1,24.1,0.14921818673610687
hsa-miR-141-3p,AGK,0,19.9,0.21198540925979614
hsa-miR-141-3p,BDH1,0,,0.07006553560495377
hsa-miR-141-3p,SLC10A7,0,25.2,0.21372437477111816
hsa-miR-141-3p,SIPA1L2,0,20.0,0.14013564586639404
hsa-miR-141-3p,NOM1,0,,0.09138145297765732
hsa-miR-141-3p,EPT1,0,,0.11592874675989151
hsa-miR-141-3p,CNOT2,0,,0.10508634150028229
hsa-miR-141-3p,NMNAT1,0,21.6,0.1355382353067398
hsa-miR-141-3p,PTEN,1,,0.1268993318080902
hsa-miR-141-3p,TNFAIP3,0,21.3,0.24859456717967987
hsa-miR-141-3p,FNBP1L,0,,0.16738902032375336
hsa-miR-141-3p,ZNF783,0,,0.032222870737314224
hsa-miR-141-3p,CUL3,0,,0.20772366225719452
hsa-miR-141-3p,ACVR2B,1,,0.043334782123565674
hsa-miR-141-3p,YWHAG,1,,0.15070407092571259
hsa-miR-141-3p,KIAA1430,0,24.3,0.1702042520046234
hsa-miR-141-3p,STK3,1,24.6,0.16760718822479248
hsa-miR-141-3p,EXOSC2,0,,0.1097629964351654
hsa-miR-141-3p,PHLPP2,1,,0.17347899079322815
hsa-miR-141-3p,MAPK14,1,,0.05754081532359123
hsa-miR-141-3p,GABPB1,0,20.5,0.27240562438964844
hsa-miR-141-3p,VAC14,1,27.1,0.03441735729575157
hsa-miR-141-3p,FHIT,0,21.1,0.3028082847595215
hsa-miR-141-3p,TAF9B,0,,0.2130308300256729
hsa-miR-141-3p,ZC3H15,0,21.8,0.08537570387125015
hsa-miR-141-3p,FHL5,0,,0.10279031842947006
hsa-miR-141-3p,DMTF1,0,21.5,0.18614688515663147
hsa-miR-141-3p,ONECUT1,0,,0.05465342104434967
hsa-miR-141-3p,ALDH3B2,0,22.5,0.14630770683288574
hsa-miR-141-3p,MMP24,0,,0.15807664394378662
hsa-miR-141-3p,VRTN,0,23.4,0.15154731273651123
hsa-miR-141-3p,NR0B2,1,21.1,0.13336870074272156
hsa-miR-141-3p,SLC35B4,0,,0.07203030586242676
hsa-miR-141-3p,RETSAT,0,,0.06412774324417114
hsa-miR-141-3p,SLC26A4,0,,0.12564198672771454
hsa-miR-141-3p,EIF4E,1,,0.07117965072393417
hsa-miR-141-3p,CCNE2,0,22.7,0.2563769817352295
hsa-miR-141-3p,WDR59,0,,0.1107708066701889
hsa-miR-141-3p,BHLHE41,0,,0.19557787477970123
hsa-miR-141-3p,BRD7,0,,0.19031625986099243
hsa-miR-141-3p,CLU,0,,0.1255025565624237
hsa-miR-141-3p,ZEB1,1,,0.16641348600387573
hsa-miR-141-3p,WASF3,0,,0.12003033608198166
hsa-miR-141-3p,ZFPM2,1,21.5,0.22913885116577148
hsa-miR-141-3p,PIP5K1A,0,26.6,0.1677834689617157
hsa-miR-141-3p,MOSPD2,0,23.2,0.1836949586868286
hsa-miR-141-3p,ALKBH8,0,25.9,0.14178581535816193
hsa-miR-141-3p,BCL2,0,,0.08438533544540405
hsa-miR-141-3p,GPR15,0,,0.17523914575576782
hsa-miR-141-3p,ZNF283,0,21.4,0.06643595546483994
hsa-miR-141-3p,HOXB5,1,23.6,0.13623908162117004
hsa-miR-141-3p,CLOCK,1,,0.12037993222475052
hsa-miR-141-3p,BDH2,0,,0.13459257781505585
hsa-miR-141-3p,CLCN6,0,23.8,0.05729490891098976
hsa-miR-141-3p,PITPNM2,0,17.4,0.030086182057857513
hsa-miR-141-3p,KLF11,1,,0.26248639822006226
hsa-miR-141-3p,ZNF180,0,24.3,0.17535072565078735
hsa-miR-141-3p,METTL21B,0,21.7,0.062322475016117096
hsa-miR-141-3p,CTC-432M15.3,0,,0.06040656939148903
hsa-miR-141-3p,SNED1,0,20.3,0.07521626353263855
hsa-miR-141-3p,TMOD1,0,,0.09263687580823898
hsa-miR-141-3p,KEAP1,1,26.9,0.2591119706630707
hsa-miR-141-3p,YLPM1,0,21.3,0.21750304102897644
hsa-miR-141-3p,UBAP1,1,24.4,0.17154166102409363
hsa-miR-141-3p,PWWP2A,0,,0.07457666844129562
hsa-miR-141-3p,THOC2,0,20.8,0.2905093729496002
hsa-miR-141-3p,STAT4,1,20.2,0.5981922745704651
hsa-miR-141-3p,CDC25A,1,21.7,0.08208520710468292
hsa-miR-141-3p,CARD6,0,20.7,0.18804854154586792
hsa-miR-141-3p,HDGF,1,21.3,0.10374395549297333
hsa-miR-141-3p,WRB,0,19.1,0.244497612118721
hsa-miR-141-3p,STAG1,0,18.6,0.26300048828125
hsa-miR-141-3p,TIAM1,1,20.1,0.15423429012298584
hsa-miR-141-3p,WDR37,1,20.8,0.2175237536430359
hsa-miR-141-3p,TMEM30B,0,20.9,0.07217678427696228
hsa-miR-141-3p,SFPQ,1,,0.1816934049129486
hsa-miR-141-3p,SPG11,0,20.3,0.5320298075675964
hsa-miR-141-3p,HCCS,0,20.8,0.15509018301963806
hsa-miR-141-3p,RP11-766F14.2,0,,0.13550640642642975
hsa-miR-141-3p,HIF3A,0,21.9,0.07144656777381897
hsa-miR-143-3p,SLC24A2,0,,0.06838580220937729
hsa-miR-143-3p,SERPINE1,1,23.4,0.1413547545671463
hsa-miR-143-3p,RABIF,0,,0.20375734567642212
hsa-miR-143-3p,PHYH,0,23.0,0.10463075339794159
hsa-miR-143-3p,KIAA1328,0,27.7,0.19633057713508606
hsa-miR-143-3p,TMEM40,0,24.9,0.11352884024381638
hsa-miR-143-3p,HIST1H4H,0,21.6,0.2028275728225708
hsa-miR-143-3p,MANEA,0,,0.14296042919158936
hsa-miR-143-3p,ZBTB16,0,,0.12773701548576355
hsa-miR-143-3p,KLF5,1,21.9,0.18992123007774353
hsa-miR-143-3p,SLC38A7,0,16.3,0.17317929863929749
hsa-miR-143-3p,CCNG2,0,18.6,0.08970106393098831
hsa-miR-143-3p,WDTC1,0,,0.10436905175447464
hsa-miR-143-3p,PML,0,21.2,0.04766911640763283
hsa-miR-143-3p,TSPAN31,0,,0.05123826488852501
hsa-miR-143-3p,HSDL2,0,,0.20619770884513855
hsa-miR-143-3p,C2orf71,0,,0.09391574561595917
hsa-miR-143-3p,PTGS2,1,,0.19292044639587402
hsa-miR-143-3p,KIAA0319L,0,24.3,0.17762282490730286
hsa-miR-143-3p,PRPF6,0,25.2,0.2088422179222107
hsa-miR-143-3p,KRAS,1,20.9,0.18837568163871765
hsa-miR-143-3p,FAM171B,0,,0.19260302186012268
hsa-miR-143-3p,SMNDC1,0,,0.2336340844631195
hsa-miR-143-3p,PRX,0,22.2,0.05478324368596077
hsa-miR-143-3p,FUT8,0,22.9,0.12156394124031067
hsa-miR-143-3p,DNMT3A,1,23.5,0.17793822288513184
hsa-miR-143-3p,GATC,0,,0.14121338725090027
hsa-miR-143-3p,TMEM88,0,20.2,0.2174847275018692
hsa-miR-143-3p,WDR75,0,,0.3163706958293915
hsa-miR-143-3p,AKT1,1,,0.09236545860767365
hsa-miR-143-3p,MAPK7,1,24.7,0.46830275654792786
hsa-miR-143-3p,SSTR2,0,20.9,0.1434544026851654
hsa-miR-143-3p,HK2,1,,0.14457502961158752
hsa-miR-143-3p,CD44,1,23.2,0.20860916376113892
hsa-miR-143-3p,RAB11FIP1,0,,0.0708293616771698
hsa-miR-143-3p,AK1,0,23.0,0.05682302638888359
hsa-miR-143-3p,RAB4A,0,,0.17962896823883057
hsa-miR-143-3p,SIX5,0,21.5,0.036988891661167145
hsa-miR-143-3p,ZBTB40,0,,0.07458101212978363
hsa-miR-143-3p,GNAO1,0,22.5,0.06202111765742302
hsa-miR-143-3p,ABCG4,0,22.2,0.07148072868585587
hsa-miR-143-3p,OTUD7B,0,,0.07762052863836288
hsa-miR-143-3p,MYO6,1,,0.2287561446428299
hsa-miR-143-3p,GLS,0,,0.17333993315696716
hsa-miR-143-3p,UBXN2B,0,,0.15504121780395508
hsa-miR-143-3p,JAG1,1,25.3,0.1198296919465065
hsa-miR-143-3p,MDM2,1,23.7,0.09905481338500977
hsa-miR-143-3p,TBC1D25,0,24.5,0.20455867052078247
hsa-miR-143-3p,WSB1,0,22.4,0.09386974573135376
hsa-miR-143-3p,GPR107,0,,0.08564267307519913
hsa-miR-143-3p,PIK3R1,0,,0.177345409989357
hsa-miR-143-3p,NCBP1,0,,0.29586178064346313
hsa-miR-143-3p,FSCN1,1,22.5,0.14040148258209229
hsa-miR-143-3p,KRTAP1-1,0,18.2,0.4483119249343872
hsa-miR-143-3p,TRABD2A,0,22.5,0.14026732742786407
hsa-miR-143-3p,PRR13,0,18.9,0.07368264347314835
hsa-miR-143-3p,FAM175A,0,23.7,0.21484920382499695
hsa-miR-143-3p,KRBOX4,0,21.2,0.0906413272023201
hsa-miR-143-3p,FHIT,1,26.3,0.5784914493560791
hsa-miR-143-3p,IGF1R,1,,0.08170681446790695
hsa-miR-143-3p,ADI1,0,,0.12982729077339172
hsa-miR-143-3p,CCDC134,0,24.7,0.10009390860795975
hsa-miR-143-3p,CKS1B,0,18.2,0.2130352258682251
hsa-miR-143-3p,FAM76A,0,22.3,0.4089174270629883
hsa-miR-143-3p,NR2C2,1,,0.05018708482384682
hsa-miR-143-3p,FNDC3B,1,23.2,0.5910344123840332
hsa-miR-143-3p,HOGA1,0,24.9,0.23773549497127533
hsa-miR-143-3p,ATP5J2-PTCD1,0,,0.07424988597631454
hsa-miR-143-3p,CLASP2,0,25.0,0.13698503375053406
hsa-miR-143-3p,BCL2,1,,0.16683098673820496
hsa-miR-143-3p,ZNF225,0,,0.16750726103782654
hsa-miR-143-3p,COL1A1,1,,0.2851758599281311
hsa-miR-143-3p,MAP3K1,0,,0.1411827653646469
hsa-miR-143-3p,STOML1,0,,0.08064593374729156
hsa-miR-143-3p,MED14,0,,0.14768588542938232
hsa-miR-143-3p,ME1,0,26.6,0.2279474139213562
hsa-miR-143-3p,HNF4A,1,,0.1309102177619934
hsa-miR-143-3p,ARHGAP25,0,21.7,0.1041317880153656
hsa-miR-143-3p,STEAP4,0,22.5,0.13166338205337524
hsa-miR-143-3p,DGKE,0,20.3,0.1350347250699997
hsa-miR-143-3p,RUNDC3A,0,20.4,0.15410345792770386
hsa-miR-143-3p,PGLYRP4,0,25.9,0.2562820017337799
hsa-miR-143-3p,EFCAB6,0,20.0,0.09688467532396317
hsa-miR-144-3p,CFTR,1,19.8,0.18935346603393555
hsa-miR-144-3p,CXADR,0,16.2,0.12341701239347458
hsa-miR-144-3p,PAICS,0,,0.12289375811815262
hsa-miR-144-3p,SSH2,0,18.5,0.14141160249710083
hsa-miR-144-3p,PTEN,1,,0.19644680619239807
hsa-miR-144-3p,DPH6,0,19.1,0.19340544939041138
hsa-miR-144-3p,MAGEF1,0,20.5,0.2605535387992859
hsa-miR-144-3p,ZFX,1,,0.281011700630188
hsa-miR-144-3p,CNTN3,0,19.2,0.2636885643005371
hsa-miR-144-3p,NT5DC1,0,,0.4235684871673584
hsa-miR-144-3p,TMEM87B,0,,0.18937009572982788
hsa-miR-144-3p,MYO10,0,16.3,0.2297505885362625
hsa-miR-144-3p,GPC6,0,,0.10680226981639862
hsa-miR-144-3p,ASB5,0,24.4,0.20942267775535583
hsa-miR-144-3p,PDZD2,0,,0.14251203835010529
hsa-miR-144-3p,ZNF638,0,,0.1995495855808258
hsa-miR-144-3p,TRERF1,0,,0.1198948323726654
hsa-miR-144-3p,PLAG1,1,,0.17453178763389587
hsa-miR-144-3p,ADAM12,0,17.3,0.11177180707454681
hsa-miR-144-3p,FGB,1,,0.26139020919799805
hsa-miR-144-3p,NFE2L2,1,20.1,0.496271550655365
hsa-miR-144-3p,ZNF181,0,19.2,0.44105473160743713
hsa-miR-144-3p,TTN,1,19.9,0.2652178704738617
hsa-miR-144-3p,TWSG1,0,,0.10904812067747116
hsa-miR-144-3p,GPC4,0,,0.12271784991025925
hsa-miR-144-3p,EIF3F,0,,0.15863436460494995
hsa-miR-144-3p,ABCA5,0,,0.24502240121364594
hsa-miR-144-3p,CHAMP1,0,18.1,0.21740849316120148
hsa-miR-144-3p,USH2A,0,18.4,0.13036394119262695
hsa-miR-144-3p,CCDC38,0,11.6,0.25639069080352783
hsa-miR-144-3p,LPGAT1,0,,0.15541882812976837
hsa-miR-144-3p,CYP20A1,0,,0.022487737238407135
hsa-miR-144-3p,PROSER1,0,17.7,0.11782747507095337
hsa-miR-144-3p,C1orf109,0,23.1,0.17034031450748444
hsa-miR-144-3p,GABRA1,0,,0.4023769795894623
hsa-miR-144-3p,VSTM1,0,18.9,0.2749314308166504
hsa-miR-144-3p,EZH2,1,16.1,0.3131188750267029
hsa-miR-144-3p,SLFN5,0,11.5,0.07217186689376831
hsa-miR-144-3p,SRRD,0,,0.2580755054950714
hsa-miR-144-3p,KIAA1551,0,,0.0754675641655922
hsa-miR-144-3p,MTOR,1,17.4,0.20955894887447357
hsa-miR-144-3p,RAPGEF5,0,20.1,0.1273813545703888
hsa-miR-144-3p,SLCO1B3,0,16.4,0.18760192394256592
hsa-miR-144-3p,FBXL4,0,,0.12063292413949966
hsa-miR-144-3p,MIEF1,0,,0.05568113550543785
hsa-miR-144-3p,FGA,1,16.2,0.16318686306476593
hsa-miR-144-3p,TGFB1,1,14.8,0.150420680642128
hsa-miR-144-3p,COPS2,0,,0.1236417293548584
hsa-miR-145-5p,FCAMR,0,23.2,0.16591544449329376
hsa-miR-145-5p,CFTR,1,26.8,0.3241431713104248
hsa-miR-145-5p,STAT1,1,25.6,0.07359784841537476
hsa-miR-145-5p,FAM129A,0,,0.06562820076942444
hsa-miR-145-5p,GINM1,0,,0.08091972768306732
hsa-miR-145-5p,FZD7,1,,0.07674460113048553
hsa-miR-145-5p,PPP3CA,1,,0.3802374601364136
hsa-miR-145-5p,RCN1,0,29.7,0.15394176542758942
hsa-miR-145-5p,ZKSCAN1,0,,0.1173284500837326
hsa-miR-145-5p,ORC2,0,,0.11645518243312836
hsa-miR-145-5p,GJA5,0,29.3,0.1457367241382599
hsa-miR-145-5p,PRR20B,0,26.3,0.10264266282320023
hsa-miR-145-5p,ZNF830,0,29.1,0.18483033776283264
hsa-miR-145-5p,SRGAP1,1,,0.2036329060792923
hsa-miR-145-5p,NHP2,0,30.1,0.2533162832260132
hsa-miR-145-5p,TDRD15,0,22.0,0.28274840116500854
hsa-miR-145-5p,MFRP,0,,0.031751036643981934
hsa-miR-145-5p,BNIP3,1,28.5,0.22626428306102753
hsa-miR-145-5p,C10orf107,0,18.3,0.12430281192064285
hsa-miR-145-5p,MYO5A,1,,0.18271349370479584
hsa-miR-145-5p,GMFB,1,,0.2742769122123718
hsa-miR-145-5p,KIAA1644,0,,0.008151747286319733
hsa-miR-145-5p,ZSCAN30,0,23.4,0.07911808043718338
hsa-miR-145-5p,AC145676.2,0,26.1,0.11266866326332092
hsa-miR-145-5p,CHRM1,0,29.4,0.08435602486133575
hsa-miR-145-5p,SH3BGRL,0,23.7,0.123182013630867
hsa-miR-145-5p,SCLT1,0,25.6,0.17730264365673065
hsa-miR-145-5p,MTMR4,0,,0.12130583822727203
hsa-miR-145-5p,CEP44,0,,0.2243342101573944
hsa-miR-145-5p,AP000889.3,0,26.4,0.14515605568885803
hsa-miR-145-5p,BRCA2,0,23.4,0.24957825243473053
hsa-miR-145-5p,SRSF1,0,,0.05163732171058655
hsa-miR-145-5p,ARL6IP5,1,24.5,0.34345370531082153
hsa-miR-145-5p,RAPGEF3,0,,0.27151015400886536
hsa-miR-145-5p,GUCY1A2,0,,0.11940258741378784
hsa-miR-145-5p,GOLM1,1,,0.45767882466316223
hsa-miR-145-5p,PTP4A2,1,26.4,0.1959362030029297
hsa-miR-145-5p,CDR1,0,,0.1856938600540161
hsa-miR-145-5p,HSBP1,0,25.4,0.1737557351589203
hsa-miR-145-5p,NDUFB5,0,,0.20518377423286438
hsa-miR-145-5p,C5AR1,0,28.1,0.37864723801612854
hsa-miR-145-5p,ARID4B,0,26.3,0.13050606846809387
hsa-miR-145-5p,PCDHB15,0,,0.0686391294002533
hsa-miR-145-5p,ABRACL,1,25.3,0.3550875186920166
hsa-miR-145-5p,POTEG,0,,0.20285044610500336
hsa-miR-145-5p,MYO6,1,,0.12047365307807922
hsa-miR-145-5p,CDY1B,0,22.7,0.4953339695930481
hsa-miR-145-5p,CEP19,1,27.2,0.19407808780670166
hsa-miR-145-5p,FZD5,0,,0.10091385245323181
hsa-miR-145-5p,MDM2,1,26.5,0.2728792130947113
hsa-miR-145-5p,WEE1,0,,0.0606662854552269
hsa-miR-145-5p,EP400,0,,0.0892414003610611
hsa-miR-145-5p,MCHR2,0,,0.11080857366323471
hsa-miR-145-5p,NDST3,0,12.4,0.13316087424755096
hsa-miR-145-5p,CLEC5A,0,13.3,0.0619213730096817
hsa-miR-145-5p,TMEM168,0,,0.14000141620635986
hsa-miR-145-5p,ROGDI,0,28.9,0.11319004744291306
hsa-miR-145-5p,ASCL4,0,26.3,0.24429355561733246
hsa-miR-145-5p,PPP1R1A,0,29.2,0.08001887053251266
hsa-miR-145-5p,SLAMF8,0,,0.09104091674089432
hsa-miR-145-5p,FHL2,0,,0.14357420802116394
hsa-miR-145-5p,APH1A,1,32.2,0.14126135408878326
hsa-miR-145-5p,ESR1,1,,0.06578957289457321
hsa-miR-145-5p,TACR2,0,29.8,0.12502425909042358
hsa-miR-145-5p,CDH2,1,,0.17957141995429993
hsa-miR-145-5p,TMEM156,0,29.8,0.17271549999713898
hsa-miR-145-5p,XCR1,0,,0.0980350449681282
hsa-miR-145-5p,SEMA6D,0,21.0,0.10060808062553406
hsa-miR-145-5p,SRC,0,,0.29080045223236084
hsa-miR-145-5p,MLTK,0,,0.04553074389696121
hsa-miR-145-5p,BAG2,0,,0.07512404024600983
hsa-miR-145-5p,BACH2,0,,0.2060544192790985
hsa-miR-145-5p,TMEM189-UBE2V1,0,25.3,0.21463070809841156
hsa-miR-145-5p,KLF11,0,,0.1524595320224762
hsa-miR-145-5p,CPEB4,1,15.4,0.17571401596069336
hsa-miR-145-5p,METTL21B,0,27.3,0.07112210988998413
hsa-miR-145-5p,SLITRK1,0,,0.06737827509641647
hsa-miR-145-5p,PCGF3,0,28.8,0.03056272864341736
hsa-miR-145-5p,LRP11,0,29.7,0.1012672707438469
hsa-miR-145-5p,CHM,0,,0.17744483053684235
hsa-miR-145-5p,FAM3C,1,,0.18252545595169067
hsa-miR-145-5p,CDK4,1,26.8,0.16915801167488098
hsa-miR-145-5p,DDX17,1,,0.18752196431159973
hsa-miR-145-5p,PIGF,1,27.1,0.25359833240509033
hsa-miR-145-5p,UTP14C,0,,0.07255800068378448
hsa-miR-145-5p,F11R,1,,0.1395076960325241
hsa-miR-145-5p,ANKRD54,0,23.6,0.0666823759675026
hsa-miR-145-5p,ING1,0,,0.12621524930000305
hsa-miR-145-5p,IRS2,1,,0.15889248251914978
hsa-miR-145-5p,GIT1,0,36.6,0.12358485162258148
hsa-miR-145-5p,SLC1A4,0,,0.22478553652763367
hsa-miR-145-5p,MORC2,0,31.3,0.08650188148021698
hsa-miR-145-5p,PDLIM2,0,26.7,0.018578603863716125
hsa-miR-145-5p,SERPINE1,1,32.4,0.1228698268532753
hsa-miR-145-5p,SEMA5A,0,,0.06460491567850113
hsa-miR-145-5p,RERGL,0,27.0,0.24592582881450653
hsa-miR-145-5p,NUDT3,0,,0.10271000862121582
hsa-miR-145-5p,FOXD4L1,0,25.0,0.32832711935043335
hsa-miR-145-5p,PKN2,0,20.4,0.10133323073387146
hsa-miR-145-5p,HMGB3,0,,0.15806038677692413
hsa-miR-145-5p,FRYL,0,18.3,0.1162516325712204
hsa-miR-145-5p,RASAL2,0,,0.07889649271965027
hsa-miR-145-5p,MAGT1,0,26.2,0.20123815536499023
hsa-miR-145-5p,FUT9,0,,0.057727038860321045
hsa-miR-145-5p,CENPF,0,,0.03734730929136276
hsa-miR-145-5p,PKHD1L1,0,,0.06685510277748108
hsa-miR-145-5p,DNAH14,0,20.1,0.2398405820131302
hsa-miR-145-5p,RP11-315D16.2,0,,0.07204994559288025
hsa-miR-145-5p,C17orf104,0,28.9,0.13192112743854523
hsa-miR-145-5p,CDCA3,0,32.5,0.1880432665348053
hsa-miR-145-5p,AP1G1,1,,0.10162779688835144
hsa-miR-145-5p,AGL,0,,0.18620258569717407
hsa-miR-145-5p,COX4I1,0,27.9,0.19377988576889038
hsa-miR-145-5p,C2orf15,0,,0.08802355825901031
hsa-miR-145-5p,RBM47,0,,0.15134015679359436
hsa-miR-145-5p,LMNA,0,31.2,0.12756605446338654
hsa-miR-145-5p,SYTL4,0,,0.07515782117843628
hsa-miR-145-5p,ZNF599,0,23.9,0.08617925643920898
hsa-miR-145-5p,ZDHHC3,0,,0.021214336156845093
hsa-miR-145-5p,ADRBK2,0,,0.0789077952504158
hsa-miR-145-5p,CPSF6,0,,0.27638792991638184
hsa-miR-145-5p,PRPF38A,0,,0.13786150515079498
hsa-miR-145-5p,RINT1,0,21.3,0.6691922545433044
hsa-miR-145-5p,PALM2,0,,0.19631630182266235
hsa-miR-145-5p,SRSF10,0,,0.2168586552143097
hsa-miR-145-5p,NRAS,1,,0.2943311631679535
hsa-miR-145-5p,SWAP70,1,,0.18120452761650085
hsa-miR-145-5p,STAR,0,28.8,0.11459187418222427
hsa-miR-145-5p,NHLRC2,0,,0.06638732552528381
hsa-miR-145-5p,EPB41,0,15.4,0.03280400484800339
hsa-miR-145-5p,C5orf15,0,27.2,0.26685264706611633
hsa-miR-145-5p,CCDC9,0,,0.06005493551492691
hsa-miR-145-5p,WDR20,0,29.1,0.46250712871551514
hsa-miR-145-5p,KIAA1468,0,,0.06599204242229462
hsa-miR-145-5p,TMEM161B,0,24.8,0.16323813796043396
hsa-miR-145-5p,STAT6,0,31.2,0.08476236462593079
hsa-miR-145-5p,RAD51L3-RFFL,0,,0.1087399423122406
hsa-miR-145-5p,SPC24,0,24.6,0.10552165657281876
hsa-miR-145-5p,SH3BGRL2,0,,0.11609908938407898
hsa-miR-145-5p,ITGB8,1,,0.3989703059196472
hsa-miR-145-5p,MAPK14,0,,0.0480668805539608
hsa-miR-145-5p,SH3KBP1,0,30.0,0.07669325172901154
hsa-miR-145-5p,SIGLEC14,0,,0.14424267411231995
hsa-miR-145-5p,EIF5B,0,24.0,0.21473351120948792
hsa-miR-145-5p,IGF1R,1,,0.08071637153625488
hsa-miR-145-5p,RTKN,1,35.8,0.39768725633621216
hsa-miR-145-5p,LGALS3BP,0,26.4,0.15067824721336365
hsa-miR-145-5p,SOCS7,1,,0.1300320327281952
hsa-miR-145-5p,KIF6,0,21.3,0.03687460348010063
hsa-miR-145-5p,NUP62CL,0,,0.269208163022995
hsa-miR-145-5p,NEDD9,1,27.9,0.36665117740631104
hsa-miR-145-5p,CENPBD1,0,29.2,0.08008496463298798
hsa-miR-145-5p,NRCAM,0,,0.2784675359725952
hsa-miR-145-5p,COX19,0,,0.0648803561925888
hsa-miR-145-5p,ZNF398,0,,0.3028140664100647
hsa-miR-145-5p,MUC1,1,31.4,0.24594013392925262
hsa-miR-145-5p,KIAA1598,0,20.2,0.11195118725299835
hsa-miR-145-5p,CC2D2B,0,24.0,0.34931063652038574
hsa-miR-145-5p,SOX9,1,,0.21452760696411133
hsa-miR-145-5p,CHST1,0,33.6,0.08265584707260132
hsa-miR-145-5p,EML4,0,,0.11298161745071411
hsa-miR-145-5p,AKR7A2,0,,0.03271482512354851
hsa-miR-145-5p,PAPD5,0,,0.13676539063453674
hsa-miR-145-5p,ATP10D,0,24.6,0.1384510099887848
hsa-miR-145-5p,KCNK15,0,28.0,0.20074227452278137
hsa-miR-145-5p,NDUFA4,1,26.2,0.44565656781196594
hsa-miR-145-5p,PPDPF,0,,0.09395119547843933
hsa-miR-145-5p,MAPKAPK5,0,21.2,0.10005220770835876
hsa-miR-145-5p,FAHD1,0,26.2,0.1735374629497528
hsa-miR-145-5p,KLF4,1,25.2,0.1452551782131195
hsa-miR-145-5p,KIAA0226,0,29.1,0.25000447034835815
hsa-miR-145-5p,IRS1,1,,0.16268935799598694
hsa-miR-145-5p,LARP1B,0,25.8,0.18747234344482422
hsa-miR-145-5p,TMOD3,1,,0.19346070289611816
hsa-miR-145-5p,SLC23A2,0,,0.053464923053979874
hsa-miR-145-5p,TGFBRAP1,0,,0.09911366552114487
hsa-miR-145-5p,NR2F6,0,,0.07340497523546219
hsa-miR-145-5p,SCAF4,0,26.8,0.3056446313858032
hsa-miR-145-5p,C12orf79,0,27.1,0.14483705163002014
hsa-miR-145-5p,KLF5,1,27.4,0.4027623236179352
hsa-miR-145-5p,CCDC152,0,,0.14320719242095947
hsa-miR-145-5p,IER3IP1,0,,0.11978589743375778
hsa-miR-145-5p,HILPDA,0,28.0,0.1129956841468811
hsa-miR-145-5p,UBXN7,0,,0.07364596426486969
hsa-miR-145-5p,SYNE3,0,23.8,0.12597043812274933
hsa-miR-145-5p,GPR50,0,26.9,0.17713026702404022
hsa-miR-145-5p,CDKAL1,0,26.1,0.2991533875465393
hsa-miR-145-5p,MED31,0,25.4,0.25289103388786316
hsa-miR-145-5p,C15orf38-AP3S2,0,,0.03485780954360962
hsa-miR-145-5p,BCLAF1,0,,0.04633238911628723
hsa-miR-145-5p,IQCE,0,,0.13713109493255615
hsa-miR-145-5p,DTD1,1,26.1,0.2077558934688568
hsa-miR-145-5p,EDEM1,0,27.3,0.050901129841804504
hsa-miR-145-5p,SLC16A4,0,25.5,0.136160746216774
hsa-miR-145-5p,ARHGEF5,0,,0.09998436272144318
hsa-miR-145-5p,PPFIA3,0,30.0,0.15476647019386292
hsa-miR-145-5p,PRR20E,0,26.3,0.10264266282320023
hsa-miR-145-5p,RPS24,0,29.5,0.09689737856388092
hsa-miR-145-5p,TTC4,0,28.6,0.2801615297794342
hsa-miR-145-5p,MYRF,1,,0.1805446743965149
hsa-miR-145-5p,FOXO1,0,,0.1846379041671753
hsa-miR-145-5p,AKT3,0,19.8,0.21235859394073486
hsa-miR-145-5p,HDAC2,1,,0.07568977028131485
hsa-miR-145-5p,ACBD6,0,22.6,0.2497531622648239
hsa-miR-145-5p,CCDC169,0,26.6,0.2561207413673401
hsa-miR-145-5p,CDKN1A,1,28.8,0.08385254442691803
hsa-miR-145-5p,PLEKHA8,0,26.3,0.4323479235172272
hsa-miR-145-5p,ANXA13,0,20.0,0.20598310232162476
hsa-miR-145-5p,ILK,1,23.8,0.18658648431301117
hsa-miR-145-5p,STK25,0,,0.10258668661117554
hsa-miR-145-5p,UNK,0,33.2,0.07136060297489166
hsa-miR-145-5p,GSG1L,0,,0.07287651300430298
hsa-miR-145-5p,SLMAP,0,23.0,0.12165021896362305
hsa-miR-145-5p,MEST,1,22.9,0.3780263066291809
hsa-miR-145-5p,CTDSP2,0,,0.15527291595935822
hsa-miR-145-5p,PLXDC2,0,,0.07858648151159286
hsa-miR-145-5p,SMAD3,1,,0.1939467191696167
hsa-miR-145-5p,ZNF738,0,27.0,0.39167308807373047
hsa-miR-145-5p,FLI1,1,,0.2098480463027954
hsa-miR-145-5p,U2AF2,0,30.5,0.3857495188713074
hsa-miR-145-5p,ASPHD2,0,31.9,0.19024214148521423
hsa-miR-145-5p,ABHD17C,1,25.8,0.3522947430610657
hsa-miR-145-5p,KIRREL,0,,0.023883119225502014
hsa-miR-145-5p,FSCN1,1,32.6,0.31704312562942505
hsa-miR-145-5p,MXD4,0,,0.033483874052762985
hsa-miR-145-5p,ZFP2,0,21.5,0.12693475186824799
hsa-miR-145-5p,EDNRB,0,22.1,0.0929960384964943
hsa-miR-145-5p,PLRG1,0,,0.08411610126495361
hsa-miR-145-5p,QRSL1,0,27.0,0.12506389617919922
hsa-miR-145-5p,SUV39H2,0,,0.21115653216838837
hsa-miR-145-5p,PRRC1,0,22.7,0.12558214366436005
hsa-miR-145-5p,HLTF,1,25.0,0.22888806462287903
hsa-miR-145-5p,TRAT1,0,,0.12248176336288452
hsa-miR-145-5p,RAB14,0,,0.32000645995140076
hsa-miR-145-5p,IDH1,0,22.7,0.13448137044906616
hsa-miR-145-5p,WDFY1,0,,0.12936410307884216
hsa-miR-145-5p,SKAP2,0,,0.09315980970859528
hsa-miR-145-5p,GOLGA8B,0,,0.2007516324520111
hsa-miR-145-5p,SP1,1,,0.06252281367778778
hsa-miR-145-5p,ZMAT4,0,,0.12430412322282791
hsa-miR-145-5p,GRM5,0,,0.07156205922365189
hsa-miR-145-5p,TNFSF13,1,25.4,0.0978698804974556
hsa-miR-145-5p,UBE2D4,0,22.8,0.05816160887479782
hsa-miR-145-5p,FGFR1,0,,0.057960644364356995
hsa-miR-145-5p,NFATC2,0,,0.0556161031126976
hsa-miR-145-5p,VAPA,0,,0.07980376482009888
hsa-miR-145-5p,UBALD2,0,31.8,0.20446628332138062
hsa-miR-145-5p,EIF4E3,0,,0.05722859501838684
hsa-miR-145-5p,CTNND1,1,,0.17723624408245087
hsa-miR-145-5p,SKOR1,0,30.5,0.07491619139909744
hsa-miR-145-5p,TRAF6,0,,0.06252893805503845
hsa-miR-145-5p,TANGO2,0,,0.056980036199092865
hsa-miR-145-5p,NSL1,0,28.3,0.18283137679100037
hsa-miR-145-5p,CBFB,1,,0.12042392790317535
hsa-miR-145-5p,PEX26,0,,0.006068795919418335
hsa-miR-145-5p,BMPER,0,,0.20994894206523895
hsa-miR-145-5p,SLC39A10,0,,0.06470240652561188
hsa-miR-145-5p,SLA,0,,0.08857562392950058
hsa-miR-145-5p,ADAM17,1,27.1,0.3343580663204193
hsa-miR-145-5p,YES1,1,,0.33643287420272827
hsa-miR-145-5p,CDK6,1,,0.10110360383987427
hsa-miR-145-5p,NAT16,0,36.7,0.16692562401294708
hsa-miR-145-5p,PLA2G4A,0,26.5,0.1833004355430603
hsa-miR-145-5p,ANKRD50,0,,0.11969790607690811
hsa-miR-145-5p,DCTN4,0,,0.14191311597824097
hsa-miR-145-5p,SOX2,1,30.2,0.14269645512104034
hsa-miR-145-5p,HOXA9,1,,0.091287761926651
hsa-miR-145-5p,RAB9A,0,31.7,0.16079562902450562
hsa-miR-145-5p,BIK,0,24.3,0.17526763677597046
hsa-miR-145-5p,MAP3K19,0,25.0,0.4021149277687073
hsa-miR-145-5p,CD84,0,,0.04712734371423721
hsa-miR-145-5p,CYB5R4,0,20.0,0.040304794907569885
hsa-miR-145-5p,ROBO2,1,,0.06149956211447716
hsa-miR-145-5p,MICALCL,0,,0.06804797053337097
hsa-miR-145-5p,RXFP1,0,26.8,0.22970406711101532
hsa-miR-145-5p,NEO1,0,,0.10556584596633911
hsa-miR-145-5p,POC5,0,19.0,0.3269738554954529
hsa-miR-145-5p,HYKK,0,30.2,0.1047641932964325
hsa-miR-145-5p,PTPRE,0,27.5,0.16989979147911072
hsa-miR-145-5p,GPR89C,0,23.5,0.19667279720306396
hsa-miR-145-5p,CDS1,0,,0.10203510522842407
hsa-miR-145-5p,TBK1,0,22.6,0.14149512350559235
hsa-miR-145-5p,ZFYVE20,0,14.6,0.06014000624418259
hsa-miR-145-5p,PPP1R9A,0,,0.117470882833004
hsa-miR-145-5p,ZNF613,0,,0.0751299038529396
hsa-miR-145-5p,CLINT1,1,31.1,0.2376479059457779
hsa-miR-145-5p,CTDSPL,0,,0.08478342741727829
hsa-miR-145-5p,FANCA,0,30.3,0.0631246566772461
hsa-miR-145-5p,CD44,1,33.8,0.3251483142375946
hsa-miR-145-5p,HMGA2,1,23.9,0.1380840688943863
hsa-miR-145-5p,C15orf62,0,30.8,0.09463559836149216
hsa-miR-145-5p,ZNF28,0,18.3,0.15895353257656097
hsa-miR-145-5p,ZRANB3,0,,0.1589154750108719
hsa-miR-145-5p,ADD3,1,,0.34531834721565247
hsa-miR-145-5p,RPL24,0,24.7,0.06134200841188431
hsa-miR-145-5p,TMEM9B,1,32.8,0.378322958946228
hsa-miR-145-5p,TPM3,1,,0.330539345741272
hsa-miR-145-5p,CMBL,0,,0.0912955179810524
hsa-miR-145-5p,NOVA2,0,,0.0043021440505981445
hsa-miR-145-5p,MAP2K6,1,,0.03617718815803528
hsa-miR-145-5p,COMMD5,0,23.0,0.5945392847061157
hsa-miR-145-5p,OSTF1,0,,0.11663194000720978
hsa-miR-145-5p,ARRB1,0,,0.09171726554632187
hsa-miR-145-5p,PRR5L,0,,0.0708777904510498
hsa-miR-145-5p,AWAT2,0,28.5,0.1724894642829895
hsa-miR-145-5p,SLC27A4,0,,0.020723789930343628
hsa-miR-145-5p,PPM1D,1,,0.17149651050567627
hsa-miR-145-5p,TSPAN6,1,,0.12993529438972473
hsa-miR-145-5p,TGFBR2,1,,0.08429285138845444
hsa-miR-145-5p,MARCKS,0,,0.044228680431842804
hsa-miR-145-5p,SERINC5,1,23.7,0.10894735157489777
hsa-miR-145-5p,PTGR1,0,20.3,0.2202383577823639
hsa-miR-145-5p,HIST1H2BG,0,,0.06587682664394379
hsa-miR-145-5p,CCDC43,1,27.4,0.15650281310081482
hsa-miR-145-5p,TEX37,0,23.4,0.7284711003303528
hsa-miR-145-5p,PLEKHG7,0,14.7,0.2286146730184555
hsa-miR-145-5p,CSNK1E,0,30.0,0.19627724587917328
hsa-miR-145-5p,TMEM201,0,29.2,0.041801802814006805
hsa-miR-145-5p,IFNAR1,0,,0.06997241079807281
hsa-miR-145-5p,EIF4E,1,,0.0733780711889267
hsa-miR-145-5p,ELK3,0,,0.11734332144260406
hsa-miR-145-5p,EBF1,0,,0.2609137296676636
hsa-miR-145-5p,TMOD2,0,,0.07778282463550568
hsa-miR-145-5p,CEBPG,0,,0.045275118201971054
hsa-miR-145-5p,PODXL,1,,0.11728529632091522
hsa-miR-145-5p,GJB4,0,31.5,0.07815150916576385
hsa-miR-145-5p,SLC25A20,0,28.6,0.21136271953582764
hsa-miR-145-5p,KPNA3,0,,0.05937068536877632
hsa-miR-145-5p,SH2D1A,0,27.2,0.15072011947631836
hsa-miR-145-5p,ITGA3,0,30.2,0.09683544933795929
hsa-miR-145-5p,CHRNA5,0,27.3,0.1550811529159546
hsa-miR-145-5p,PTPN12,0,20.8,0.18251384794712067
hsa-miR-145-5p,UBE4A,0,,0.07306136935949326
hsa-miR-145-5p,PCDHB2,0,22.1,0.13746854662895203
hsa-miR-145-5p,PAK4,1,,0.02199423313140869
hsa-miR-145-5p,ITCH,0,,0.08897481113672256
hsa-miR-145-5p,TBC1D23,0,26.8,0.1758430153131485
hsa-miR-145-5p,PNKD,0,29.7,0.05972255393862724
hsa-miR-145-5p,ERG,1,22.6,0.22313594818115234
hsa-miR-145-5p,NUDT12,0,,0.1326865255832672
hsa-miR-145-5p,KLHDC10,0,,0.17851686477661133
hsa-miR-145-5p,ACSS1,0,31.7,0.038668133318424225
hsa-miR-145-5p,STRN,0,,0.049022749066352844
hsa-miR-145-5p,RNMTL1,0,,0.1110415905714035
hsa-miR-145-5p,ETS1,1,,0.09505012631416321
hsa-miR-146a-5p,ZFP69B,0,,0.05519278347492218
hsa-miR-146a-5p,FABP2,0,21.4,0.111822709441185
hsa-miR-146a-5p,PCBP4,0,24.2,0.3389902114868164
hsa-miR-146a-5p,DLC1,0,18.3,0.11810532212257385
hsa-miR-146a-5p,GOLGA6L6,0,20.5,0.10843417793512344
hsa-miR-146a-5p,UBXN7,0,,0.09705296903848648
hsa-miR-146a-5p,ZNF555,0,,0.08952432870864868
hsa-miR-146a-5p,SOBP,0,,0.1759606897830963
hsa-miR-146a-5p,SLC39A9,0,23.8,0.09868563711643219
hsa-miR-146a-5p,CD40LG,1,25.3,0.14811229705810547
hsa-miR-146a-5p,JMY,0,,0.06057708337903023
hsa-miR-146a-5p,PANK2,0,,0.04796432703733444
hsa-miR-146a-5p,SMAD4,1,16.8,0.18757016956806183
hsa-miR-146a-5p,PDK3,0,20.1,0.028407320380210876
hsa-miR-146a-5p,CELF2,0,,0.09078338742256165
hsa-miR-146a-5p,RP11-169F17.1,0,,0.1397891342639923
hsa-miR-146a-5p,SLC2A4,0,23.3,0.03923016041517258
hsa-miR-146a-5p,WASF2,1,,0.07933461666107178
hsa-miR-146a-5p,IRAK1,1,26.3,0.2734082043170929
hsa-miR-146a-5p,HEATR5A,0,7.6,0.09203067421913147
hsa-miR-146a-5p,SOX10,0,24.2,0.19887737929821014
hsa-miR-146a-5p,FAF1,1,,0.0402890183031559
hsa-miR-146a-5p,COPS8,1,,0.2597419023513794
hsa-miR-146a-5p,RPS6KA3,0,,0.0656292662024498
hsa-miR-146a-5p,ELAVL1,1,24.2,0.14879131317138672
hsa-miR-146a-5p,AGTRAP,0,,0.05530639737844467
hsa-miR-146a-5p,ZHX3,0,,0.2577452063560486
hsa-miR-146a-5p,TNFRSF1A,0,22.9,0.15066581964492798
hsa-miR-146a-5p,PKIA,0,,0.02736755460500717
hsa-miR-146a-5p,SEZ6,0,24.8,0.0976651981472969
hsa-miR-146a-5p,NOA1,0,,0.12246039509773254
hsa-miR-146a-5p,SENP8,0,,0.12479864805936813
hsa-miR-146a-5p,CCL5,1,24.4,0.5205655097961426
hsa-miR-146a-5p,HHAT,0,20.6,0.1860252022743225
hsa-miR-146a-5p,HEPACAM2,0,24.3,0.12134609371423721
hsa-miR-146a-5p,CHST15,0,25.6,0.1278536468744278
hsa-miR-146a-5p,SSBP2,0,,0.06721916794776917
hsa-miR-146a-5p,ZFYVE1,0,24.8,0.163720041513443
hsa-miR-146a-5p,BRCA1,1,25.4,0.24081659317016602
hsa-miR-146a-5p,GJC1,0,,0.17698174715042114
hsa-miR-146a-5p,PEX5L,0,,0.07417309284210205
hsa-miR-146a-5p,CADM1,0,,0.07161865383386612
hsa-miR-146a-5p,RALGPS1,0,25.1,0.04578697681427002
hsa-miR-146a-5p,ROCK1,1,,0.06064225733280182
hsa-miR-146a-5p,KLHL36,0,,0.06851062178611755
hsa-miR-146a-5p,CD3D,0,,0.07056707888841629
hsa-miR-146a-5p,WNT3,0,,0.11976981908082962
hsa-miR-146a-5p,EGFR,1,19.8,0.10153747349977493
hsa-miR-146a-5p,DIS3L2,0,25.2,0.03649356588721275
hsa-miR-146a-5p,ZNF253,0,24.9,0.5351279377937317
hsa-miR-146a-5p,ZNF540,0,21.0,0.6446071267127991
hsa-miR-146a-5p,RPL18A,0,28.6,0.10501262545585632
hsa-miR-146a-5p,TLR4,1,,0.19873882830142975
hsa-miR-146a-5p,SLAMF8,0,,0.0915779247879982
hsa-miR-146a-5p,CARD10,1,29.1,0.20683686435222626
hsa-miR-146a-5p,ZNF788,0,26.2,0.16246849298477173
hsa-miR-146a-5p,VWDE,0,,0.10300494730472565
hsa-miR-146a-5p,WHSC1L1,0,20.6,0.03322109580039978
hsa-miR-146a-5p,PATE4,0,21.3,0.1830938458442688
hsa-miR-146a-5p,RNF11,1,,0.04912899062037468
hsa-miR-146a-5p,ERLIN1,0,,0.22982265055179596
hsa-miR-146a-5p,ABCD2,0,,0.12477071583271027
hsa-miR-146a-5p,PLCG2,0,,0.019236505031585693
hsa-miR-146a-5p,METTL21A,0,21.4,0.13978613913059235
hsa-miR-146a-5p,RP11-830F9.6,0,14.4,0.33508116006851196
hsa-miR-146a-5p,C4orf33,0,17.8,0.06793246418237686
hsa-miR-146a-5p,TSPYL1,0,,0.14734022319316864
hsa-miR-146a-5p,PIP4K2C,0,23.4,0.18612436950206757
hsa-miR-146a-5p,ERBB4,1,,0.11062606424093246
hsa-miR-146a-5p,ZBTB37,0,22.3,0.04545217752456665
hsa-miR-146a-5p,MYBPC1,0,17.6,0.11407117545604706
hsa-miR-146a-5p,MCTP2,0,22.0,0.1559908390045166
hsa-miR-146a-5p,TRAF6,1,,0.2602713108062744
hsa-miR-146a-5p,BTBD2,0,24.1,0.05183355137705803
hsa-miR-146a-5p,SLC30A6,0,,0.1254388839006424
hsa-miR-146a-5p,FRMD4B,0,,0.14900317788124084
hsa-miR-148a-3p,SLC22A9,0,23.0,0.1648017317056656
hsa-miR-148a-3p,SERPINE1,1,24.5,0.23294438421726227
hsa-miR-148a-3p,IRAK3,0,20.3,0.11669433116912842
hsa-miR-148a-3p,JAM2,0,22.7,0.16890838742256165
hsa-miR-148a-3p,NSMF,0,23.8,0.10440964251756668
hsa-miR-148a-3p,TANC1,0,,0.4808262884616852
hsa-miR-148a-3p,CCKBR,1,23.7,0.5744014382362366
hsa-miR-148a-3p,PRKAG2,0,23.5,0.3364101052284241
hsa-miR-148a-3p,ZNF766,0,24.7,0.23642370104789734
hsa-miR-148a-3p,SMAD2,1,21.4,0.10406522452831268
hsa-miR-148a-3p,VAV2,1,,0.17447403073310852
hsa-miR-148a-3p,CEP44,0,,0.10308528691530228
hsa-miR-148a-3p,CDKN1B,1,23.3,0.2805396318435669
hsa-miR-148a-3p,EIF5,0,,0.15994885563850403
hsa-miR-148a-3p,C11orf54,0,,0.1665734201669693
hsa-miR-148a-3p,DNMT3B,1,22.7,0.24456903338432312
hsa-miR-148a-3p,PPIB,0,28.4,0.14064086973667145
hsa-miR-148a-3p,FYCO1,0,,0.18742677569389343
hsa-miR-148a-3p,MAP2K4,0,,0.10011012852191925
hsa-miR-148a-3p,IRF4,0,,0.20766443014144897
hsa-miR-148a-3p,TIGD2,0,,0.07649638503789902
hsa-miR-148a-3p,MRGBP,0,,0.07241703569889069
hsa-miR-148a-3p,INO80C,0,20.4,0.3978537321090698
hsa-miR-148a-3p,CPLX3,0,24.7,0.1250794529914856
hsa-miR-148a-3p,IKBIP,0,22.9,0.5023658275604248
hsa-miR-148a-3p,ACVR1,1,19.9,0.359739750623703
hsa-miR-148a-3p,WNT10B,1,24.8,0.30703723430633545
hsa-miR-148a-3p,GALNT5,0,,0.22388426959514618
hsa-miR-148a-3p,NKX2-4,0,21.1,0.3601272702217102
hsa-miR-148a-3p,DENND1A,0,24.7,0.09343662858009338
hsa-miR-148a-3p,RALGAPB,0,18.0,0.16263416409492493
hsa-miR-148a-3p,RNF212,0,21.0,0.10245201736688614
hsa-miR-148a-3p,TMEM97,0,22.1,0.25472140312194824
hsa-miR-148a-3p,SEP15,0,19.0,0.36392778158187866
hsa-miR-148a-3p,ROCK1,1,,0.3552391231060028
hsa-miR-148a-3p,EXOC7,0,16.0,0.19776782393455505
hsa-miR-148a-3p,RASGRP3,0,,0.13630515336990356
hsa-miR-148a-3p,ITGB8,1,,0.2481503188610077
hsa-miR-148a-3p,CCDC170,0,,0.5010977387428284
hsa-miR-148a-3p,POLR3D,0,,0.060853295028209686
hsa-miR-148a-3p,PDGFA,0,,0.11223403364419937
hsa-miR-148a-3p,ZNF263,0,23.6,0.7054011821746826
hsa-miR-148a-3p,KCNJ6,0,,0.17992906272411346
hsa-miR-148a-3p,ITGA5,1,25.9,0.3423326015472412
hsa-miR-148a-3p,TMED7,1,,0.29724305868148804
hsa-miR-148a-3p,MAFB,1,23.6,0.5370014905929565
hsa-miR-148a-3p,RPS6KA5,1,17.2,0.32814523577690125
hsa-miR-148a-3p,SPATA13,0,,0.24171775579452515
hsa-miR-148a-3p,MET,1,18.7,0.2285122573375702
hsa-miR-148a-3p,ZNF282,0,22.4,0.1988326460123062
hsa-miR-148a-3p,MBNL3,0,,0.10947029292583466
hsa-miR-148a-3p,EZH1,0,,0.15899594128131866
hsa-miR-148a-3p,PBXIP1,1,21.0,0.4469543695449829
hsa-miR-148a-3p,FAM21C,0,22.6,0.371515691280365
hsa-miR-148a-3p,SLFN13,0,,0.13068613409996033
hsa-miR-148a-3p,GPD1,0,21.9,0.21174456179141998
hsa-miR-148a-3p,NR1I2,1,23.9,0.33332324028015137
hsa-miR-148a-3p,C7orf65,0,,0.5127654075622559
hsa-miR-148a-3p,BCL2,1,,0.2070549726486206
hsa-miR-148a-3p,FSD1L,0,17.7,0.20196889340877533
hsa-miR-148a-3p,TGIF2,1,,0.19063222408294678
hsa-miR-148a-3p,DNMT1,1,19.7,0.6772173643112183
hsa-miR-148a-3p,DAAM1,0,21.9,0.2719101905822754
hsa-miR-148a-3p,AL353791.1,0,,0.49935898184776306
hsa-miR-148a-3p,AGO4,0,,0.392730712890625
hsa-miR-148a-3p,E2F1,0,26.7,0.20607434213161469
hsa-miR-148a-3p,NXPE3,0,,0.28692930936813354
hsa-miR-148a-3p,PPP1R12A,0,,0.275360107421875
hsa-miR-148a-3p,CALCOCO1,0,23.0,0.10424760729074478
hsa-miR-148a-3p,CDC25B,1,23.1,0.30335384607315063
hsa-miR-148a-3p,TTL,0,,0.15076787769794464
hsa-miR-148a-3p,CARKD,0,22.9,0.27491769194602966
hsa-miR-148a-3p,MAML3,0,,0.26156383752822876
hsa-miR-148a-3p,KIAA0226,0,21.4,0.3272671401500702
hsa-miR-148a-3p,IRS1,1,,0.34237271547317505
hsa-miR-148a-3p,PICALM,0,21.1,0.26876330375671387
hsa-miR-148a-3p,RFX3,0,18.2,0.26145440340042114
hsa-miR-150-5p,TM9SF3,0,,0.11701412498950958
hsa-miR-150-5p,NCR1,0,27.9,0.16916899383068085
hsa-miR-150-5p,NR2F6,0,,0.10288385301828384
hsa-miR-150-5p,TIMP4,0,,0.12909603118896484
hsa-miR-150-5p,SMURF1,0,,0.11343729496002197
hsa-miR-150-5p,CCND1,0,22.7,0.0762806162238121
hsa-miR-150-5p,ABHD11,0,25.1,0.17298763990402222
hsa-miR-150-5p,B3GALT1,0,,0.0998634323477745
hsa-miR-150-5p,PPFIA1,0,27.2,0.19027124345302582
hsa-miR-150-5p,NUBPL,0,,0.18631432950496674
hsa-miR-150-5p,P2RX7,1,,0.09197089076042175
hsa-miR-150-5p,C9orf3,0,26.1,0.06403420120477676
hsa-miR-150-5p,MELK,0,,0.06205647438764572
hsa-miR-150-5p,KCNAB1,0,,0.14870528876781464
hsa-miR-150-5p,CD33,0,28.0,0.12307067215442657
hsa-miR-150-5p,RPS23,0,24.2,0.1097944974899292
hsa-miR-150-5p,EGR2,1,26.7,0.2914709448814392
hsa-miR-150-5p,JAKMIP2,0,,0.0760292112827301
hsa-miR-150-5p,SLAIN2,0,,0.17482784390449524
hsa-miR-150-5p,NOTCH3,1,37.0,0.05477641522884369
hsa-miR-150-5p,HMGB2,0,,0.08734893798828125
hsa-miR-150-5p,AC091801.1,0,30.4,0.1886703073978424
hsa-miR-150-5p,SPIRE2,0,27.9,0.09921680390834808
hsa-miR-150-5p,POLK,0,21.6,0.06840741634368896
hsa-miR-150-5p,FIBCD1,0,,0.04179418832063675
hsa-miR-150-5p,AL079342.1,0,25.3,0.17133498191833496
hsa-miR-150-5p,MXRA7,0,28.5,0.06301844865083694
hsa-miR-150-5p,ESCO2,0,,0.12419193983078003
hsa-miR-150-5p,OLA1,0,19.4,0.07319973409175873
hsa-miR-150-5p,ZNF844,0,22.3,0.046404823660850525
hsa-miR-150-5p,B4GALNT3,0,,0.06831581145524979
hsa-miR-150-5p,DIO2,0,,0.15656335651874542
hsa-miR-150-5p,TCHP,0,,0.08009426295757294
hsa-miR-150-5p,EP300,1,26.3,0.24055153131484985
hsa-miR-150-5p,DCTN2,0,33.3,0.19021175801753998
hsa-miR-150-5p,VEGFA,1,27.5,0.11624275147914886
hsa-miR-150-5p,PGAP2,0,26.6,0.1066889613866806
hsa-miR-150-5p,GDPGP1,0,,0.05878688395023346
hsa-miR-150-5p,APC,0,,0.15446549654006958
hsa-miR-150-5p,TUBB,0,31.5,0.12684832513332367
hsa-miR-150-5p,TP53,1,27.7,0.4025995433330536
hsa-miR-150-5p,MUC4,1,27.2,0.3263261914253235
hsa-miR-150-5p,CISD1,0,,0.08855153620243073
hsa-miR-150-5p,BMS1,0,,0.06859390437602997
hsa-miR-150-5p,CBL,1,,0.11869072914123535
hsa-miR-150-5p,FAM178A,0,28.9,0.14748167991638184
hsa-miR-150-5p,IPO11,0,,0.09792253375053406
hsa-miR-150-5p,SNX13,0,,0.11660230159759521
hsa-miR-150-5p,DSP,0,18.0,0.22321000695228577
hsa-miR-150-5p,MYB,1,25.4,0.28113359212875366
hsa-miR-150-5p,GLCE,0,,0.14731286466121674
hsa-miR-150-5p,RPL13,0,,0.06128498539328575
hsa-miR-150-5p,ZEB1,1,,0.25101858377456665
hsa-miR-150-5p,R3HDML,0,26.4,0.2227928787469864
hsa-miR-150-5p,VMP1,0,,0.1756991446018219
hsa-miR-150-5p,SP1,1,,0.14584442973136902
hsa-miR-150-5p,ZBTB7C,0,,0.10941927134990692
hsa-miR-150-5p,SRCIN1,1,,0.0638023316860199
hsa-miR-150-5p,TMPRSS7,0,26.0,0.16681858897209167
hsa-miR-150-5p,COL4A4,1,,0.14273998141288757
hsa-miR-150-5p,THBS1,0,,0.09468884021043777
hsa-miR-150-5p,C2orf15,0,,0.1027936339378357
hsa-miR-150-5p,RASIP1,0,23.9,0.45528557896614075
hsa-miR-150-5p,ZNF799,0,17.1,0.1429828703403473
hsa-miR-150-5p,C3orf70,0,,0.1122124195098877
hsa-miR-150-5p,FAM27C,0,23.5,0.14100238680839539
hsa-miR-150-5p,SFT2D3,0,,0.08037621527910233
hsa-miR-150-5p,PHLDB1,0,31.0,0.1807314157485962
hsa-miR-150-5p,ZNF566,0,,0.18700605630874634
hsa-miR-150-5p,ARAP3,0,25.6,0.12740065157413483
hsa-miR-150-5p,MRPL4,0,28.0,0.13718542456626892
hsa-miR-150-5p,CISH,1,27.7,0.11070436239242554
hsa-miR-150-5p,FBXO38,0,26.5,0.15162086486816406
hsa-miR-150-5p,ST13,0,,0.05921150743961334
hsa-miR-150-5p,RBFOX1,0,30.2,0.2922743856906891
hsa-miR-150-5p,SLC9B2,0,21.3,0.10806630551815033
hsa-miR-150-5p,UGT1A10,0,20.7,0.15610560774803162
hsa-miR-150-5p,LPXN,0,21.1,0.24963003396987915
hsa-miR-150-5p,MTHFSD,0,30.1,0.05848686769604683
hsa-miR-150-5p,GALNT15,0,,0.07294882833957672
hsa-miR-150-5p,GPR85,0,,0.11799430102109909
hsa-miR-152-3p,HOXA13,0,,0.13410671055316925
hsa-miR-152-3p,UBA6,0,19.4,0.3497924208641052
hsa-miR-152-3p,AP000974.1,0,20.3,0.1824464201927185
hsa-miR-152-3p,ABCB10,0,21.0,0.3188766837120056
hsa-miR-152-3p,ARNT2,0,,0.10034313797950745
hsa-miR-152-3p,ZNF622,0,24.6,0.18177150189876556
hsa-miR-152-3p,NR3C2,0,,0.1822761595249176
hsa-miR-152-3p,PACS2,0,,0.06248542666435242
hsa-miR-152-3p,TGFA,1,,0.4401054084300995
hsa-miR-152-3p,BCL7C,0,14.4,0.09046634286642075
hsa-miR-152-3p,CD93,0,,0.2551313042640686
hsa-miR-152-3p,DNMT1,1,25.1,0.590377926826477
hsa-miR-152-3p,ANGPTL7,0,22.2,0.16628409922122955
hsa-miR-152-3p,DPCR1,0,22.0,0.36503589153289795
hsa-miR-152-3p,NPTXR,0,,0.12402059137821198
hsa-miR-152-3p,SMIM21,0,28.8,0.3785036504268646
hsa-miR-152-3p,CSF1,1,20.9,0.20923969149589539
hsa-miR-152-3p,FAXC,0,,0.10033677518367767
hsa-miR-152-3p,UGT1A5,0,21.9,0.4428330063819885
hsa-miR-152-3p,IGF1R,1,,0.06438262015581131
hsa-miR-152-3p,TREML2,0,,0.10275004804134369
hsa-miR-152-3p,ITGA5,1,26.6,0.35482949018478394
hsa-miR-152-3p,WDR36,0,14.8,0.22744570672512054
hsa-miR-152-3p,AHI1,0,19.1,0.16211622953414917
hsa-miR-152-3p,WNT1,1,26.2,0.4389546811580658
hsa-miR-152-3p,EPPIN,0,25.2,0.3088378310203552
hsa-miR-152-3p,GPR183,0,,0.12200521677732468
hsa-miR-152-3p,MS4A6A,0,19.5,0.23822525143623352
hsa-miR-152-3p,PLEKHG2,0,19.6,0.0924765095114708
hsa-miR-152-3p,COPZ1,0,24.0,0.1657765805721283
hsa-miR-152-3p,IRS1,1,,0.2795249819755554
hsa-miR-152-3p,CD151,1,23.9,0.14594806730747223
hsa-miR-152-3p,ADAM17,1,23.9,0.31334877014160156
hsa-miR-155-5p,CBR4,1,21.3,0.2146626114845276
hsa-miR-155-5p,SSX2IP,1,18.5,0.15996411442756653
hsa-miR-155-5p,TEX19,0,24.2,0.1994258165359497
hsa-miR-155-5p,NOS3,1,20.6,0.14083369076251984
hsa-miR-155-5p,SEPT11,0,23.6,0.21216420829296112
hsa-miR-155-5p,CARHSP1,1,25.4,0.18384873867034912
hsa-miR-155-5p,MYO1D,1,21.2,0.2765432596206665
hsa-miR-155-5p,CHD1,0,,0.23538537323474884
hsa-miR-155-5p,LRRC28,0,22.5,0.18852412700653076
hsa-miR-155-5p,CDX1,0,24.7,0.5424994230270386
hsa-miR-155-5p,FBLN1,0,26.0,0.22800946235656738
hsa-miR-155-5p,WBP1L,1,,0.2536229193210602
hsa-miR-155-5p,SPIRE1,0,,0.15251219272613525
hsa-miR-155-5p,RNF123,1,22.3,0.5159848928451538
hsa-miR-155-5p,ZNRF3,0,,0.20516574382781982
hsa-miR-155-5p,TAT,0,,0.17856433987617493
hsa-miR-155-5p,IGFBP7,0,21.5,0.28407394886016846
hsa-miR-155-5p,MRPL18,1,22.4,0.5954896211624146
hsa-miR-155-5p,JMY,0,,0.1316838562488556
hsa-miR-155-5p,TBCA,1,19.4,0.27905768156051636
hsa-miR-155-5p,CNP,0,23.8,0.09131500124931335
hsa-miR-155-5p,SENP5,0,,0.04445667564868927
hsa-miR-155-5p,SMARCA4,1,23.2,0.38924336433410645
hsa-miR-155-5p,GPATCH2,0,20.8,0.21651220321655273
hsa-miR-155-5p,NLRP8,0,20.9,0.2009216994047165
hsa-miR-155-5p,VMA21,0,,0.40143531560897827
hsa-miR-155-5p,ACSM5,0,26.5,0.36343109607696533
hsa-miR-155-5p,ARFIP1,1,,0.19426289200782776
hsa-miR-155-5p,ZIC3,1,18.6,0.2632308006286621
hsa-miR-155-5p,TM7SF3,0,,0.13894681632518768
hsa-miR-155-5p,MASTL,1,,0.34891992807388306
hsa-miR-155-5p,DUSP10,0,24.7,0.07450520247220993
hsa-miR-155-5p,TLE4,1,20.3,0.38466817140579224
hsa-miR-155-5p,POTEM,0,,0.14791521430015564
hsa-miR-155-5p,ARL6IP5,1,21.5,0.364236444234848
hsa-miR-155-5p,DCDC1,0,22.7,0.23333613574504852
hsa-miR-155-5p,DHX40,1,,0.25545427203178406
hsa-miR-155-5p,MARCH1,0,,0.23462121188640594
hsa-miR-155-5p,CTD-2140B24.4,0,,0.041316915303468704
hsa-miR-155-5p,PRKAR1A,1,18.0,0.45116502046585083
hsa-miR-155-5p,PHF17,0,,0.3507292568683624
hsa-miR-155-5p,WDR17,0,,0.1587296426296234
hsa-miR-155-5p,SENP8,0,,0.1450594961643219
hsa-miR-155-5p,GATS,0,24.2,0.2889139950275421
hsa-miR-155-5p,GNE,0,23.9,0.12050853669643402
hsa-miR-155-5p,GYG2,0,,0.22361738979816437
hsa-miR-155-5p,ACTR2,1,20.2,0.15151916444301605
hsa-miR-155-5p,ZNF561,1,,0.21744948625564575
hsa-miR-155-5p,MPI,0,22.8,0.09628038108348846
hsa-miR-155-5p,MRPS11,0,,0.13272736966609955
hsa-miR-155-5p,AC135178.1,0,,0.1718645691871643
hsa-miR-155-5p,POLE3,1,23.8,0.22576521337032318
hsa-miR-155-5p,SH3D19,0,,0.2034222036600113
hsa-miR-155-5p,CAB39,1,,0.24787968397140503
hsa-miR-155-5p,CLUAP1,1,,0.33325058221817017
hsa-miR-155-5p,RAB11FIP2,1,,0.23893946409225464
hsa-miR-155-5p,TENM3,0,,0.26308774948120117
hsa-miR-155-5p,PTPRC,0,19.7,0.20745772123336792
hsa-miR-155-5p,SHANK2,1,22.4,0.12190757691860199
hsa-miR-155-5p,RAB3C,0,,0.07012584060430527
hsa-miR-155-5p,METAP1,0,,0.03960869461297989
hsa-miR-155-5p,WEE1,1,,0.2958470582962036
hsa-miR-155-5p,CA8,0,,0.19293466210365295
hsa-miR-155-5p,CARD11,1,23.8,0.20234251022338867
hsa-miR-155-5p,SLC35F2,1,24.2,0.2560807764530182
hsa-miR-155-5p,GPR141,0,23.2,0.12958361208438873
hsa-miR-155-5p,CEP78,0,19.1,0.0810970664024353
hsa-miR-155-5p,PCDH7,0,21.6,0.13086895644664764
hsa-miR-155-5p,LRPPRC,0,21.5,0.18401478230953217
hsa-miR-155-5p,PSMD5,0,19.4,0.18965092301368713
hsa-miR-155-5p,GRIA3,0,16.1,0.19730812311172485
hsa-miR-155-5p,CEP68,0,20.4,0.2854112982749939
hsa-miR-155-5p,KIAA2018,0,20.9,0.10243848711252213
hsa-miR-155-5p,ARSK,0,24.6,0.255874365568161
hsa-miR-155-5p,SRSF3,0,21.8,0.141774982213974
hsa-miR-155-5p,FAM91A1,1,17.0,0.4579942524433136
hsa-miR-155-5p,ARID2,1,19.2,0.3220071792602539
hsa-miR-155-5p,KRBA2,0,,0.17600198090076447
hsa-miR-155-5p,THRB,1,,0.15928392112255096
hsa-miR-155-5p,APC,1,,0.20449237525463104
hsa-miR-155-5p,CCDC108,0,22.8,0.1093708798289299
hsa-miR-155-5p,ZW10,0,21.5,0.22683793306350708
hsa-miR-155-5p,DOCK1,1,22.3,0.33467382192611694
hsa-miR-155-5p,DMGDH,0,19.5,0.13048294186592102
hsa-miR-155-5p,CREB1,0,22.9,0.1911907196044922
hsa-miR-155-5p,HERC4,1,18.8,0.5363469123840332
hsa-miR-155-5p,HDX,0,,0.1564144492149353
hsa-miR-155-5p,AMOTL1,0,,0.09557343274354935
hsa-miR-155-5p,PLS1,1,21.1,0.18154053390026093
hsa-miR-155-5p,PKHD1,0,22.0,0.17694953083992004
hsa-miR-155-5p,ZNF829,0,,0.21216125786304474
hsa-miR-155-5p,MATR3,1,,0.11881420761346817
hsa-miR-155-5p,CHRM3,0,,0.09675545245409012
hsa-miR-155-5p,CHD9,1,,0.2297022044658661
hsa-miR-155-5p,USP30,0,,0.17806607484817505
hsa-miR-155-5p,SEMA6D,0,21.0,0.12739300727844238
hsa-miR-155-5p,KRCC1,1,20.9,0.31163179874420166
hsa-miR-155-5p,RP11-849H4.2,0,19.3,0.42174646258354187
hsa-miR-155-5p,CDON,0,,0.08010455965995789
hsa-miR-155-5p,ISCA2,0,,0.11806236207485199
hsa-miR-155-5p,SDCBP,1,20.0,0.350127637386322
hsa-miR-155-5p,SLC25A36,0,,0.19318172335624695
hsa-miR-155-5p,CTC-432M15.3,0,,0.09632205963134766
hsa-miR-155-5p,CGN,0,22.5,0.08909725397825241
hsa-miR-155-5p,DNAJC28,0,,0.22251372039318085
hsa-miR-155-5p,ZNF254,1,17.6,0.3706871271133423
hsa-miR-155-5p,MNAT1,0,22.1,0.22056761384010315
hsa-miR-155-5p,MECP2,1,23.5,0.03194617107510567
hsa-miR-155-5p,ZNF880,0,21.5,0.400444358587265
hsa-miR-155-5p,MLH1,1,21.2,0.10692383348941803
hsa-miR-155-5p,AC110619.2,0,24.7,0.08986575901508331
hsa-miR-155-5p,PSIP1,1,20.2,0.4717175364494324
hsa-miR-155-5p,AUTS2,0,25.7,0.22901764512062073
hsa-miR-155-5p,UBB,0,,0.08085796982049942
hsa-miR-155-5p,SOX6,1,,0.17656263709068298
hsa-miR-155-5p,NANOS1,0,,0.10533442348241806
hsa-miR-155-5p,JARID2,1,23.6,0.4429512619972229
hsa-miR-155-5p,ZNF248,1,,0.4701978266239166
hsa-miR-155-5p,KDM3A,1,,0.2525431513786316
hsa-miR-155-5p,DPP8,0,,0.06378424167633057
hsa-miR-155-5p,PARD3B,0,,0.14559334516525269
hsa-miR-155-5p,ENAH,0,,0.03790738806128502
hsa-miR-155-5p,MS4A7,0,22.4,0.30738431215286255
hsa-miR-155-5p,LRRC59,1,21.3,0.28017300367355347
hsa-miR-155-5p,APAF1,1,16.9,0.5173299312591553
hsa-miR-155-5p,ZMYND11,0,19.0,0.10601967573165894
hsa-miR-155-5p,CSNK1A1,1,21.2,0.22063672542572021
hsa-miR-155-5p,PKN2,1,22.2,0.1614605337381363
hsa-miR-155-5p,EIF5A2,0,,0.19560670852661133
hsa-miR-155-5p,UBTD2,1,,0.2412841022014618
hsa-miR-155-5p,PDHA1,0,17.9,0.2579149305820465
hsa-miR-155-5p,LRRTM2,0,21.8,0.268415629863739
hsa-miR-155-5p,UBQLN1,1,20.6,0.3476042151451111
hsa-miR-155-5p,CENPF,0,,0.08048748970031738
hsa-miR-155-5p,FANCF,0,,0.1978742778301239
hsa-miR-155-5p,TM6SF1,1,21.1,0.3636915385723114
hsa-miR-155-5p,GNG4,0,,0.10124234110116959
hsa-miR-155-5p,ZNF43,0,,0.1852845847606659
hsa-miR-155-5p,PAK2,1,,0.14186547696590424
hsa-miR-155-5p,LRRC58,0,,0.15451106429100037
hsa-miR-155-5p,FBXO21,0,,0.15246281027793884
hsa-miR-155-5p,YWHAZ,1,,0.14891532063484192
hsa-miR-155-5p,ZNF652,1,,0.2545315623283386
hsa-miR-155-5p,SP3,0,,0.14941303431987762
hsa-miR-155-5p,PKIA,1,,0.13672365248203278
hsa-miR-155-5p,CNTLN,0,21.2,0.16864123940467834
hsa-miR-155-5p,ZDHHC3,0,,0.01902712881565094
hsa-miR-155-5p,ADRBK2,0,,0.008606180548667908
hsa-miR-155-5p,C3orf18,1,23.4,0.30334317684173584
hsa-miR-155-5p,RBAK,1,,0.2516160309314728
hsa-miR-155-5p,ITGBL1,0,,0.24261122941970825
hsa-miR-155-5p,DESI2,0,,0.10011330246925354
hsa-miR-155-5p,GABRB2,0,,0.14445587992668152
hsa-miR-155-5p,NT5C1A,0,,0.022484272718429565
hsa-miR-155-5p,MPPED1,0,,0.13133570551872253
hsa-miR-155-5p,TFRC,0,,0.05985674262046814
hsa-miR-155-5p,KRT6A,0,24.7,0.220474973320961
hsa-miR-155-5p,MEF2A,1,,0.2240624725818634
hsa-miR-155-5p,RCAN1,0,20.5,0.19645920395851135
hsa-miR-155-5p,MMP16,1,,0.09866388142108917
hsa-miR-155-5p,PIK3R1,1,,0.06201169267296791
hsa-miR-155-5p,DCLRE1A,0,20.2,0.3694700002670288
hsa-miR-155-5p,FOXO3,1,,0.19188539683818817
hsa-miR-155-5p,ZFAND6,0,20.5,0.2666144371032715
hsa-miR-155-5p,RBP1,0,24.1,0.20929551124572754
hsa-miR-155-5p,ACTA1,0,20.6,0.5629046559333801
hsa-miR-155-5p,PRKX,0,,0.15495264530181885
hsa-miR-155-5p,CYP2U1,1,,0.22145715355873108
hsa-miR-155-5p,KIT,0,,0.3832217752933502
hsa-miR-155-5p,ST8SIA3,0,,0.15451404452323914
hsa-miR-155-5p,ARID4A,0,,0.09628084301948547
hsa-miR-155-5p,RBM18,0,,0.08906924724578857
hsa-miR-155-5p,MAFB,1,22.7,0.22106964886188507
hsa-miR-155-5p,TULP4,0,,0.09477373212575912
hsa-miR-155-5p,TTF1,1,22.2,0.4977734684944153
hsa-miR-155-5p,FCF1,0,,0.18215525150299072
hsa-miR-155-5p,HBS1L,0,20.6,0.18084903061389923
hsa-miR-155-5p,SPAST,0,,0.13513024151325226
hsa-miR-155-5p,DAW1,0,21.7,0.2334679663181305
hsa-miR-155-5p,LATS2,0,20.2,0.23931218683719635
hsa-miR-155-5p,GABARAPL1,1,24.8,0.3091640770435333
hsa-miR-155-5p,TBC1D14,1,,0.13644032180309296
hsa-miR-155-5p,CEP41,1,,0.22580955922603607
hsa-miR-155-5p,TMEM200C,0,,0.23691090941429138
hsa-miR-155-5p,ZNF317,0,,0.10730703920125961
hsa-miR-155-5p,PDE11A,0,22.2,0.05121704563498497
hsa-miR-155-5p,AGO4,1,,0.27785974740982056
hsa-miR-155-5p,KLHL5,1,24.0,0.3346388339996338
hsa-miR-155-5p,BEST2,0,24.9,0.25226128101348877
hsa-miR-155-5p,HAUS3,0,22.0,0.2164139747619629
hsa-miR-155-5p,TRAK1,1,23.7,0.11345957219600677
hsa-miR-155-5p,PLXNA3,0,,0.03238806873559952
hsa-miR-155-5p,MRPL42,0,21.2,0.19594356417655945
hsa-miR-155-5p,TSPAN14,1,,0.07820896804332733
hsa-miR-155-5p,MORC3,1,,0.2647988200187683
hsa-miR-155-5p,CKAP5,1,25.2,0.22193357348442078
hsa-miR-155-5p,CDC40,1,20.1,0.21279078722000122
hsa-miR-155-5p,PCDHA8,0,,0.30778151750564575
hsa-miR-155-5p,KBTBD2,1,20.1,0.22188831865787506
hsa-miR-155-5p,SMAD5,1,,0.24461033940315247
hsa-miR-155-5p,ZNF429,0,23.5,0.18402895331382751
hsa-miR-155-5p,MTHFD1,0,,0.0661856010556221
hsa-miR-155-5p,C17orf80,1,25.9,0.2483559101819992
hsa-miR-155-5p,LIN7C,1,,0.132132887840271
hsa-miR-155-5p,CCDC82,1,20.7,0.2461186945438385
hsa-miR-155-5p,PICALM,1,24.9,0.214690163731575
hsa-miR-155-5p,HIVEP2,1,21.5,0.34130027890205383
hsa-miR-155-5p,FAM199X,1,,0.4446272552013397
hsa-miR-155-5p,GPM6B,1,,0.27515363693237305
hsa-miR-155-5p,EXOC5,0,,0.24080076813697815
hsa-miR-155-5p,CCND1,1,22.4,0.07912508398294449
hsa-miR-155-5p,FOXD4L6,0,22.2,0.17294088006019592
hsa-miR-155-5p,GATM,1,22.2,0.4520028829574585
hsa-miR-155-5p,SYNRG,0,,0.16985933482646942
hsa-miR-155-5p,NOVA1,1,20.5,0.20518800616264343
hsa-miR-155-5p,C12orf39,0,20.6,0.4325459897518158
hsa-miR-155-5p,CEBPB,1,22.3,0.5464234352111816
hsa-miR-155-5p,IFT80,0,19.6,0.15119631588459015
hsa-miR-155-5p,INTS6,1,24.6,0.26286211609840393
hsa-miR-155-5p,HS6ST3,0,,0.09961552917957306
hsa-miR-155-5p,PALD1,1,25.8,0.36705106496810913
hsa-miR-155-5p,TSHZ3,1,25.1,0.3793690800666809
hsa-miR-155-5p,FAM135A,1,23.3,0.2712767720222473
hsa-miR-155-5p,SMAD2,1,18.8,0.08400008082389832
hsa-miR-155-5p,ZNF793,0,19.7,0.09161480516195297
hsa-miR-155-5p,TCF12,1,,0.16654223203659058
hsa-miR-155-5p,KRAS,1,19.6,0.2056344747543335
hsa-miR-155-5p,MSH6,1,,0.3044048547744751
hsa-miR-155-5p,HAUS6,0,22.5,0.2766195833683014
hsa-miR-155-5p,LYST,0,24.8,0.09553629159927368
hsa-miR-155-5p,MYO9A,0,24.7,0.05716712772846222
hsa-miR-155-5p,VGLL2,0,,0.09015744924545288
hsa-miR-155-5p,SAP30L,1,,0.3303520083427429
hsa-miR-155-5p,MITF,1,,0.1169523149728775
hsa-miR-155-5p,UPF2,1,20.5,0.3378801941871643
hsa-miR-155-5p,ZNF493,1,22.1,0.3011847138404846
hsa-miR-155-5p,BACH1,1,,0.3279331922531128
hsa-miR-155-5p,TAB2,1,,0.3577912151813507
hsa-miR-155-5p,SLC9A8,0,,0.08569198101758957
hsa-miR-155-5p,MARC1,0,,0.034806083887815475
hsa-miR-155-5p,IKBKE,1,22.0,0.1849280297756195
hsa-miR-155-5p,IMPA1,0,,0.11859848350286484
hsa-miR-155-5p,ANXA2,1,27.5,0.18092167377471924
hsa-miR-155-5p,CCNYL1,0,16.6,0.202134907245636
hsa-miR-155-5p,RPGRIP1L,0,22.0,0.0671238899230957
hsa-miR-155-5p,PBRM1,1,,0.1687319129705429
hsa-miR-155-5p,ZNF879,0,22.1,0.18742266297340393
hsa-miR-155-5p,CXorf61,0,18.2,0.2900768220424652
hsa-miR-155-5p,TBC1D1,0,25.6,0.17616429924964905
hsa-miR-155-5p,CCDC135,0,23.2,0.32209324836730957
hsa-miR-155-5p,TRPC4,0,,0.1684560477733612
hsa-miR-155-5p,RHEB,1,22.0,0.2746390998363495
hsa-miR-155-5p,HOXD3,0,21.3,0.13921530544757843
hsa-miR-155-5p,ZSCAN25,0,,0.21368178725242615
hsa-miR-155-5p,TRIP13,1,,0.24130985140800476
hsa-miR-155-5p,INPP5F,1,22.9,0.30382832884788513
hsa-miR-155-5p,ESCO1,0,,0.07872279733419418
hsa-miR-155-5p,MYLK4,0,,0.0796966701745987
hsa-miR-155-5p,COMMD6,0,28.1,0.14841535687446594
hsa-miR-155-5p,MTMR9,0,,0.08601290732622147
hsa-miR-155-5p,GBA2,0,19.2,0.22567622363567352
hsa-miR-155-5p,ZNF100,0,,0.14564280211925507
hsa-miR-155-5p,TAF1D,0,,0.09785310178995132
hsa-miR-155-5p,RGS18,0,,0.08946731686592102
hsa-miR-155-5p,USP44,0,22.4,0.22256110608577728
hsa-miR-155-5p,SH3PXD2A,1,18.1,0.0534023717045784
hsa-miR-155-5p,ENPP3,0,23.7,0.23647083342075348
hsa-miR-155-5p,ASB5,0,24.5,0.1776822805404663
hsa-miR-155-5p,HBP1,1,20.6,0.4796469509601593
hsa-miR-155-5p,PCDH9,1,21.6,0.28066760301589966
hsa-miR-155-5p,INPP5D,1,24.5,0.2066873013973236
hsa-miR-155-5p,TBC1D8B,1,22.4,0.23450681567192078
hsa-miR-155-5p,TIGD7,0,22.8,0.15946045517921448
hsa-miR-155-5p,MRPS27,1,23.3,0.23606684803962708
hsa-miR-155-5p,OR9Q1,0,21.0,0.14071524143218994
hsa-miR-155-5p,VWDE,0,,0.10644355416297913
hsa-miR-155-5p,MBNL3,1,,0.4364314079284668
hsa-miR-155-5p,BACE1,0,,0.06000673025846481
hsa-miR-155-5p,L3MBTL4,0,24.1,0.23632130026817322
hsa-miR-155-5p,PTK6,0,,0.18944582343101501
hsa-miR-155-5p,PHC2,1,25.8,0.18162831664085388
hsa-miR-155-5p,ADRB1,0,22.4,0.12637977302074432
hsa-miR-155-5p,BUB1,0,,0.1554877609014511
hsa-miR-155-5p,CYP3A5,0,16.5,0.21533453464508057
hsa-miR-155-5p,FGF14,0,,0.13594408333301544
hsa-miR-155-5p,EFCC1,0,25.5,0.165983185172081
hsa-miR-155-5p,SOS1,0,15.6,0.1584007740020752
hsa-miR-155-5p,TRIM44,0,,0.08298242092132568
hsa-miR-155-5p,KLF7,0,,0.1325676292181015
hsa-miR-155-5p,PHF14,1,13.7,0.23680715262889862
hsa-miR-155-5p,PCDHA3,0,,0.30778151750564575
hsa-miR-155-5p,PLEKHA1,0,,0.41017863154411316
hsa-miR-155-5p,MPP6,0,,0.06745965778827667
hsa-miR-155-5p,RAC1,1,22.4,0.2245374172925949
hsa-miR-155-5p,ENY2,0,,0.1784093677997589
hsa-miR-155-5p,SERPINA5,0,22.1,0.2636299133300781
hsa-miR-155-5p,ZSCAN31,0,21.0,0.16380780935287476
hsa-miR-155-5p,ECM2,0,21.1,0.18666455149650574
hsa-miR-155-5p,CNIH1,0,15.3,0.17523851990699768
hsa-miR-155-5p,MYBPC1,0,19.4,0.08993851393461227
hsa-miR-155-5p,MCM4,0,,0.3045119643211365
hsa-miR-155-5p,ARPC3,1,21.6,0.384952187538147
hsa-miR-155-5p,GNG2,0,21.2,0.15987616777420044
hsa-miR-155-5p,GOSR2,0,25.1,0.1368643045425415
hsa-miR-155-5p,TMEM41A,0,24.9,0.09364372491836548
hsa-miR-155-5p,TBC1D9B,0,22.1,0.07074306160211563
hsa-miR-155-5p,NSL1,0,21.7,0.11825188994407654
hsa-miR-155-5p,PRDM6,0,,0.10765562951564789
hsa-miR-155-5p,FMN1,0,22.3,0.11160426586866379
hsa-miR-155-5p,LCORL,1,20.9,0.6197665333747864
hsa-miR-155-5p,DET1,1,25.1,0.3512445390224457
hsa-miR-155-5p,EGF,0,,0.15298894047737122
hsa-miR-155-5p,MAP3K10,1,20.8,0.5631182193756104
hsa-miR-155-5p,VPS18,1,22.2,0.11695580184459686
hsa-miR-155-5p,C9orf116,0,21.2,0.26443758606910706
hsa-miR-155-5p,WDR77,0,,0.15136857330799103
hsa-miR-155-5p,ZKSCAN3,0,,0.24716392159461975
hsa-miR-155-5p,TNMD,0,21.9,0.2121444046497345
hsa-miR-155-5p,IL17RB,1,24.1,0.4583936333656311
hsa-miR-155-5p,FAM177A1,1,,0.2997981905937195
hsa-miR-155-5p,ARMC10,0,,0.19750821590423584
hsa-miR-155-5p,CSMD1,0,,0.15807612240314484
hsa-miR-155-5p,PIGN,0,,0.12630778551101685
hsa-miR-155-5p,KCTD7,0,,0.184554785490036
hsa-miR-155-5p,GCSAM,1,,0.18216094374656677
hsa-miR-155-5p,XPNPEP3,0,23.2,0.18320569396018982
hsa-miR-155-5p,MYO10,1,22.3,0.2501196563243866
hsa-miR-155-5p,SKI,1,,0.15435940027236938
hsa-miR-155-5p,FGF7,1,20.1,0.308721125125885
hsa-miR-155-5p,ZNF844,0,23.0,0.14818760752677917
hsa-miR-155-5p,FFAR1,0,26.9,0.19055643677711487
hsa-miR-155-5p,UNC13C,0,23.1,0.16014084219932556
hsa-miR-155-5p,VWA8,0,27.7,0.33112773299217224
hsa-miR-155-5p,AFF4,0,20.1,0.10595610737800598
hsa-miR-155-5p,SCML4,0,27.6,0.10245659947395325
hsa-miR-155-5p,SLC33A1,1,23.5,0.2627052664756775
hsa-miR-155-5p,NFYA,0,,0.1285003125667572
hsa-miR-155-5p,STX7,0,21.0,0.2142757773399353
hsa-miR-155-5p,CSF1R,1,24.3,0.5304937362670898
hsa-miR-155-5p,TP53INP1,1,,0.2198888063430786
hsa-miR-155-5p,MYB,1,19.7,0.24455195665359497
hsa-miR-155-5p,FAM118B,0,19.0,0.1811998337507248
hsa-miR-155-5p,BMPR1A,0,,0.1087992712855339
hsa-miR-155-5p,ARMC2,1,19.3,0.38533076643943787
hsa-miR-155-5p,FCRL3,0,18.7,0.11694727838039398
hsa-miR-155-5p,LRRC70,0,24.7,0.44001272320747375
hsa-miR-155-5p,VMP1,0,,0.1286362260580063
hsa-miR-155-5p,SRCIN1,0,,0.1637597233057022
hsa-miR-155-5p,SECISBP2,1,23.2,0.2867250144481659
hsa-miR-155-5p,RAPGEF2,1,,0.24632582068443298
hsa-miR-155-5p,TRUB1,0,,0.18125933408737183
hsa-miR-155-5p,MTRNR2L10,0,21.0,0.17226018011569977
hsa-miR-155-5p,CTDSPL,0,,0.10669060796499252
hsa-miR-155-5p,DCUN1D2,1,,0.3130000829696655
hsa-miR-155-5p,SLC44A5,0,21.4,0.19086909294128418
hsa-miR-155-5p,PPP4R2,0,18.5,0.11294738948345184
hsa-miR-155-5p,RUNX2,1,,0.10597043484449387
hsa-miR-155-5p,C5orf28,0,,0.12417778372764587
hsa-miR-155-5p,ZNF28,1,18.2,0.2450917810201645
hsa-miR-155-5p,ATP5S,0,21.8,0.15596647560596466
hsa-miR-155-5p,MSH2,1,,0.21249234676361084
hsa-miR-155-5p,GTDC1,0,,0.16538405418395996
hsa-miR-155-5p,ABCC9,0,24.0,0.16737201809883118
hsa-miR-155-5p,ATRNL1,0,,0.13494578003883362
hsa-miR-155-5p,EDARADD,0,,0.15919440984725952
hsa-miR-155-5p,PITPNM3,0,,0.16211816668510437
hsa-miR-155-5p,GPSM2,0,,0.1257786601781845
hsa-miR-155-5p,USP48,0,22.1,0.26539576053619385
hsa-miR-155-5p,MEIS1,1,23.7,0.3578042984008789
hsa-miR-155-5p,ANAPC16,1,,0.33297672867774963
hsa-miR-155-5p,IL36G,0,23.1,0.4050157070159912
hsa-miR-155-5p,E2F2,1,,0.26769381761550903
hsa-miR-155-5p,CLDN1,1,,0.2445642203092575
hsa-miR-155-5p,EXOSC2,1,,0.2687205672264099
hsa-miR-155-5p,KSR2,0,24.3,-0.0
hsa-miR-155-5p,GTF2H1,0,22.1,0.4523289203643799
hsa-miR-155-5p,WWC1,1,,0.36852550506591797
hsa-miR-155-5p,UTP23,0,21.0,0.178739994764328
hsa-miR-155-5p,LARP4B,0,,0.11938683688640594
hsa-miR-155-5p,PTPLA,0,21.2,0.14137527346611023
hsa-miR-155-5p,ZNF83,1,18.7,0.44377627968788147
hsa-miR-155-5p,PID1,0,27.3,0.21199321746826172
hsa-miR-155-5p,SVIP,0,,0.14823701977729797
hsa-miR-155-5p,C16orf54,0,25.0,0.06867904961109161
hsa-miR-155-5p,GPR78,0,,0.029205411672592163
hsa-miR-155-5p,AC132872.2,0,,0.22475960850715637
hsa-miR-155-5p,AGTR1,1,20.9,0.18780018389225006
hsa-miR-155-5p,RBM4,0,20.6,0.18781320750713348
hsa-miR-155-5p,ACYP1,0,21.0,0.34091833233833313
hsa-miR-155-5p,LNX2,1,,0.1946272999048233
hsa-miR-155-5p,SFT2D2,0,,0.2121756225824356
hsa-miR-155-5p,LRIF1,1,20.4,0.4220638871192932
hsa-miR-155-5p,NFATC2IP,1,,0.21415559947490692
hsa-miR-155-5p,MYBL1,1,,0.2922492027282715
hsa-miR-155-5p,SMAD1,1,19.5,0.3556041419506073
hsa-miR-155-5p,ATP9A,0,,0.1500609815120697
hsa-miR-155-5p,FREM2,0,,0.14289216697216034
hsa-miR-155-5p,WWTR1,0,,0.05214066430926323
hsa-miR-155-5p,MCM8,1,,0.4450402855873108
hsa-miR-155-5p,GCFC2,1,17.1,0.27604395151138306
hsa-miR-155-5p,ORC4,0,,0.06410457193851471
hsa-miR-155-5p,GOLT1B,1,,0.19278892874717712
hsa-miR-155-5p,PCDH18,0,,0.2156655490398407
hsa-miR-155-5p,HAL,1,24.3,0.2284090518951416
hsa-miR-155-5p,CNOT4,0,25.8,0.33821627497673035
hsa-miR-155-5p,SPI1,1,26.0,0.2831655442714691
hsa-miR-155-5p,C14orf119,0,,0.24006155133247375
hsa-miR-155-5p,RAD51,1,,0.13699880242347717
hsa-miR-155-5p,TOMM20,1,,0.32423117756843567
hsa-miR-155-5p,ERG,0,17.0,0.12318702042102814
hsa-miR-155-5p,SOCS1,1,23.8,0.3094326853752136
hsa-miR-155-5p,FAM179A,0,,0.030113905668258667
hsa-miR-155-5p,CIAPIN1,1,23.4,0.18607932329177856
hsa-miR-155-5p,ARL15,1,2.7,0.17320303618907928
hsa-miR-155-5p,PLEKHA3,0,,0.10883362591266632
hsa-miR-155-5p,TAF5L,1,21.8,0.34575897455215454
hsa-miR-155-5p,MYLK,1,,0.1869964748620987
hsa-miR-155-5p,SCN7A,0,,0.28057169914245605
hsa-miR-155-5p,ETS1,1,,0.24044394493103027
hsa-miR-15a-5p,CARS2,0,20.7,0.4066612720489502
hsa-miR-15a-5p,PDLIM3,0,21.6,0.12557873129844666
hsa-miR-15a-5p,CNTNAP1,0,22.9,0.2718680500984192
hsa-miR-15a-5p,APP,1,,0.29221171140670776
hsa-miR-15a-5p,SLC6A6,0,19.8,0.07351523637771606
hsa-miR-15a-5p,C12orf60,0,22.2,0.16232797503471375
hsa-miR-15a-5p,CCND1,1,19.0,0.3232840895652771
hsa-miR-15a-5p,CCNE1,1,26.5,0.6409528851509094
hsa-miR-15a-5p,RANBP1,0,22.8,0.24596133828163147
hsa-miR-15a-5p,IL18BP,0,23.1,0.09288228303194046
hsa-miR-15a-5p,RTN3,0,22.3,0.2899138331413269
hsa-miR-15a-5p,TSPYL2,1,34.0,0.4919506013393402
hsa-miR-15a-5p,CYP2C9,0,22.7,0.15372323989868164
hsa-miR-15a-5p,FGF7,1,18.6,0.3717450201511383
hsa-miR-15a-5p,CCND2,1,,0.31139981746673584
hsa-miR-15a-5p,MTSS1,0,,0.14957496523857117
hsa-miR-15a-5p,ZDHHC11B,0,22.8,0.25003480911254883
hsa-miR-15a-5p,TSC1,0,16.1,0.09788136184215546
hsa-miR-15a-5p,PCSK6,0,21.6,0.3017101287841797
hsa-miR-15a-5p,HNRNPLL,0,20.8,0.25369924306869507
hsa-miR-15a-5p,CLCN3,1,,0.2559526562690735
hsa-miR-15a-5p,ARHGEF5,0,,0.13703922927379608
hsa-miR-15a-5p,CRKL,1,,0.2730342447757721
hsa-miR-15a-5p,ETV1,0,,0.19926221668720245
hsa-miR-15a-5p,MYB,1,21.6,0.5377986431121826
hsa-miR-15a-5p,AC137932.1,0,,0.07816620171070099
hsa-miR-15a-5p,VAMP1,0,20.6,0.2988872826099396
hsa-miR-15a-5p,FCRL3,0,22.1,0.12726035714149475
hsa-miR-15a-5p,MSTO1,0,24.8,0.2682971954345703
hsa-miR-15a-5p,COG5,0,,0.2756379544734955
hsa-miR-15a-5p,SLC2A11,0,19.1,0.18637028336524963
hsa-miR-15a-5p,FOXO1,1,,0.24697750806808472
hsa-miR-15a-5p,GPAM,0,,0.25340360403060913
hsa-miR-15a-5p,AKT3,1,19.7,0.2831982970237732
hsa-miR-15a-5p,TMEM65,0,,0.09145425260066986
hsa-miR-15a-5p,UQCC1,0,21.4,0.16580992937088013
hsa-miR-15a-5p,SOX5,1,14.3,0.2247338443994522
hsa-miR-15a-5p,YAP1,1,,0.32020580768585205
hsa-miR-15a-5p,LYN,0,,0.16274237632751465
hsa-miR-15a-5p,HMGA2,1,25.1,0.39601781964302063
hsa-miR-15a-5p,SSH1,0,14.3,0.13877235352993011
hsa-miR-15a-5p,ARL5C,0,,0.180775985121727
hsa-miR-15a-5p,MTHFD1L,0,23.1,0.09033449739217758
hsa-miR-15a-5p,RNF20,0,,0.18954330682754517
hsa-miR-15a-5p,RAF1,0,24.7,0.3714224696159363
hsa-miR-15a-5p,WNT3A,1,24.9,0.6616511344909668
hsa-miR-15a-5p,EPB41L4A,0,,0.2481902539730072
hsa-miR-15a-5p,PABPC1L2B,0,27.2,0.3020097613334656
hsa-miR-15a-5p,ASB6,0,,0.11726616322994232
hsa-miR-15a-5p,CECR6,0,,0.2354295700788498
hsa-miR-15a-5p,CADM1,1,,0.2432413399219513
hsa-miR-15a-5p,ELMOD3,0,22.4,0.19341465830802917
hsa-miR-15a-5p,RECK,1,23.7,0.5530745983123779
hsa-miR-15a-5p,PI4KB,0,24.6,0.13541731238365173
hsa-miR-15a-5p,TMOD3,0,,0.15352745354175568
hsa-miR-15a-5p,POLA2,0,15.9,0.09080946445465088
hsa-miR-15a-5p,ZNF304,0,,0.21347753703594208
hsa-miR-15a-5p,TMEM184B,1,,0.08103172481060028
hsa-miR-15a-5p,RPP25,0,27.5,0.3020375370979309
hsa-miR-15a-5p,HMGA1,1,24.2,0.5395227670669556
hsa-miR-15a-5p,PUF60,0,24.3,0.2522733211517334
hsa-miR-15a-5p,VEGFA,1,22.5,0.41138049960136414
hsa-miR-15a-5p,WNT5B,0,25.4,0.177620530128479
hsa-miR-15a-5p,SHANK3,0,26.2,0.09415628761053085
hsa-miR-15a-5p,INCENP,0,,0.19819875061511993
hsa-miR-15a-5p,C4orf26,0,25.1,0.3277389705181122
hsa-miR-15a-5p,DMTF1,1,25.7,0.45091885328292847
hsa-miR-15a-5p,REPIN1,1,22.9,0.12613072991371155
hsa-miR-15a-5p,DCAF4,0,25.3,0.26744765043258667
hsa-miR-15a-5p,CHUK,1,24.8,0.3351472020149231
hsa-miR-15a-5p,SYNPO2,0,20.9,0.12360463291406631
hsa-miR-15a-5p,MAP3K9,0,,0.14429107308387756
hsa-miR-15a-5p,VTCN1,0,23.6,0.22929871082305908
hsa-miR-15a-5p,BACE1,1,,0.17857415974140167
hsa-miR-15a-5p,MKL2,0,20.5,0.07102855294942856
hsa-miR-15a-5p,TKT,0,23.1,0.1294311136007309
hsa-miR-15a-5p,SETD7,0,21.0,0.1258949637413025
hsa-miR-15a-5p,TEX22,0,,0.05223257839679718
hsa-miR-15a-5p,OPHN1,0,,0.1190687045454979
hsa-miR-15a-5p,DNAJC16,0,22.2,0.2636597752571106
hsa-miR-15a-5p,GAREM,0,,0.46388137340545654
hsa-miR-15a-5p,BCL2,1,,0.2869269847869873
hsa-miR-15a-5p,MN1,1,,0.27144086360931396
hsa-miR-15a-5p,EFCAB4A,0,24.6,0.1689639538526535
hsa-miR-15a-5p,CARM1,1,21.9,0.2878948748111725
hsa-miR-15a-5p,GORASP2,0,21.8,0.2561601996421814
hsa-miR-15a-5p,PON1,0,21.5,0.20084762573242188
hsa-miR-15a-5p,FCHO1,0,22.1,0.34219586849212646
hsa-miR-15a-5p,DDX26B,0,23.3,0.3486871123313904
hsa-miR-15a-5p,ANKS4B,0,,0.2284601777791977
hsa-miR-15a-5p,SPP2,0,19.5,0.2633209228515625
hsa-miR-15a-5p,CDC25A,1,22.5,0.21267078816890717
hsa-miR-15a-5p,C1QTNF6,0,21.7,0.10656550526618958
hsa-miR-15a-5p,SYDE2,0,20.5,0.5564295053482056
hsa-miR-15a-5p,TMEM59,0,18.2,0.1866941750049591
hsa-miR-15a-5p,ING5,0,18.6,0.045817725360393524
hsa-miR-15a-5p,NRP1,0,26.9,0.2643365263938904
hsa-miR-15a-5p,HES7,0,22.3,0.40637487173080444
hsa-miR-15a-5p,UCP2,1,24.3,0.25510868430137634
hsa-miR-15a-5p,SENP2,0,,0.2538207471370697
hsa-miR-15a-5p,TUFT1,0,23.5,0.24176673591136932
hsa-miR-15a-5p,KLF3,0,21.4,0.32427382469177246
hsa-miR-15b-5p,MYO1A,0,,0.07671938836574554
hsa-miR-15b-5p,WTIP,0,,0.05704254284501076
hsa-miR-15b-5p,AXIN2,1,23.6,0.3040059208869934
hsa-miR-15b-5p,DPYSL2,0,,0.10084590315818787
hsa-miR-15b-5p,RENBP,0,26.8,0.2685524523258209
hsa-miR-15b-5p,SMURF1,1,,0.42955487966537476
hsa-miR-15b-5p,CCND1,1,22.2,0.32580435276031494
hsa-miR-15b-5p,CCNE1,1,25.8,0.6386547684669495
hsa-miR-15b-5p,RECK,1,23.9,0.6037408709526062
hsa-miR-15b-5p,AP003733.1,0,25.4,0.48322126269340515
hsa-miR-15b-5p,JAM2,0,20.9,0.12991981208324432
hsa-miR-15b-5p,N4BP3,0,,0.09994026273488998
hsa-miR-15b-5p,CRELD1,0,25.4,0.22344017028808594
hsa-miR-15b-5p,TCN2,0,,0.05676637589931488
hsa-miR-15b-5p,SMAD7,1,23.9,0.6708025336265564
hsa-miR-15b-5p,GLTP,0,25.1,0.2833103537559509
hsa-miR-15b-5p,VEGFA,1,20.3,0.40039724111557007
hsa-miR-15b-5p,HNRNPR,0,,0.307588130235672
hsa-miR-15b-5p,ZSCAN32,0,21.5,0.4797481894493103
hsa-miR-15b-5p,PPFIA2,0,21.6,0.2616558074951172
hsa-miR-15b-5p,KDR,1,26.6,0.20237749814987183
hsa-miR-15b-5p,IL18R1,0,24.9,0.2990475296974182
hsa-miR-15b-5p,CHTOP,0,20.5,0.21878519654273987
hsa-miR-15b-5p,ALS2,0,20.8,0.17451921105384827
hsa-miR-15b-5p,C8orf44-SGK3,0,,0.2860698997974396
hsa-miR-15b-5p,C19orf26,0,21.6,0.1333656907081604
hsa-miR-15b-5p,BCL2L10,0,25.2,0.3194597065448761
hsa-miR-15b-5p,C5orf47,0,21.7,0.2736654281616211
hsa-miR-15b-5p,MLLT1,0,,0.03824928402900696
hsa-miR-15b-5p,SRI,0,23.7,0.23215635120868683
hsa-miR-15b-5p,FOXO1,1,,0.23303234577178955
hsa-miR-15b-5p,BCL2,1,,0.2489362359046936
hsa-miR-15b-5p,SLC47A2,0,21.7,0.2480425238609314
hsa-miR-15b-5p,TRIM2,0,,0.17241768538951874
hsa-miR-15b-5p,OMG,0,20.8,0.7113838791847229
hsa-miR-15b-5p,TAP2,0,20.0,0.20553889870643616
hsa-miR-15b-5p,DCP1A,0,,0.4045194089412689
hsa-miR-15b-5p,GOT2,0,26.3,0.37298783659935
hsa-miR-15b-5p,UNC5C,0,22.9,0.36462923884391785
hsa-miR-15b-5p,NTPCR,0,22.1,0.08021798729896545
hsa-miR-15b-5p,CYB5A,0,23.0,0.20107349753379822
hsa-miR-15b-5p,FUT2,1,30.2,0.19927778840065002
hsa-miR-15b-5p,RINL,0,25.3,0.2513570189476013
hsa-miR-15b-5p,AGFG2,0,,0.20991969108581543
hsa-miR-15b-5p,PELI2,0,,0.2680295705795288
hsa-miR-15b-5p,C12orf52,0,,0.0564805343747139
hsa-miR-15b-5p,PCDHA8,0,,0.3396015763282776
hsa-miR-15b-5p,PLBD2,0,,0.21045775711536407
hsa-miR-15b-5p,PWWP2B,0,25.7,0.34979408979415894
hsa-miR-15b-5p,MPPED1,0,,0.1610293984413147
hsa-miR-15b-5p,NXPH1,0,22.0,0.23494267463684082
hsa-miR-15b-5p,CRIM1,1,,0.2977682948112488
hsa-miR-16-5p,AXIN2,1,22.5,0.30805957317352295
hsa-miR-16-5p,CDK6,1,,0.08663307130336761
hsa-miR-16-5p,GPR171,0,24.6,0.5296189785003662
hsa-miR-16-5p,LRRC8D,0,22.7,0.18064537644386292
hsa-miR-16-5p,C12orf60,0,27.2,0.15317247807979584
hsa-miR-16-5p,CCND1,1,19.1,0.3751184642314911
hsa-miR-16-5p,CCNE1,1,24.8,0.6260695457458496
hsa-miR-16-5p,RANBP1,0,24.4,0.2626647353172302
hsa-miR-16-5p,KCNAB1,0,,0.22163993120193481
hsa-miR-16-5p,DUSP8,0,,0.10295630991458893
hsa-miR-16-5p,SERPINA10,0,22.7,0.33758944272994995
hsa-miR-16-5p,ARHGAP44,0,21.9,0.15166853368282318
hsa-miR-16-5p,LRRC32,0,22.0,0.13204506039619446
hsa-miR-16-5p,CCNT2,1,,0.3120864927768707
hsa-miR-16-5p,SVIL,0,23.3,0.37215036153793335
hsa-miR-16-5p,NT5C2,0,11.8,0.11765515059232712
hsa-miR-16-5p,SNCG,0,25.7,0.41705843806266785
hsa-miR-16-5p,DIAPH1,0,24.6,0.17669051885604858
hsa-miR-16-5p,CRY2,0,,0.11033269762992859
hsa-miR-16-5p,SERPINB2,0,23.6,0.30803877115249634
hsa-miR-16-5p,GLUD2,0,21.9,0.31505075097084045
hsa-miR-16-5p,SLC12A5,0,20.6,0.17179998755455017
hsa-miR-16-5p,KIAA0319L,0,25.9,0.15289941430091858
hsa-miR-16-5p,DDI1,0,20.5,0.34088099002838135
hsa-miR-16-5p,ANKUB1,0,21.5,0.24615156650543213
hsa-miR-16-5p,SLC25A2,0,21.4,0.3127748370170593
hsa-miR-16-5p,KDR,1,21.3,0.24303190410137177
hsa-miR-16-5p,KRAS,1,21.0,0.14137808978557587
hsa-miR-16-5p,NUPL2,0,,0.21230819821357727
hsa-miR-16-5p,ATP13A2,0,23.8,0.3446877896785736
hsa-miR-16-5p,MYB,1,27.1,0.5463577508926392
hsa-miR-16-5p,MTAP,0,,0.2580655813217163
hsa-miR-16-5p,CXorf40A,0,25.5,0.48799991607666016
hsa-miR-16-5p,CSNK1D,0,19.4,0.0919288620352745
hsa-miR-16-5p,AKT3,1,16.8,0.30162301659584045
hsa-miR-16-5p,TCF21,0,,0.14972595870494843
hsa-miR-16-5p,SUZ12,0,,0.3318963646888733
hsa-miR-16-5p,XXbac-BPG32J3.20,0,25.0,0.3990444540977478
hsa-miR-16-5p,SOX5,1,14.7,0.2205854058265686
hsa-miR-16-5p,YAP1,1,,0.3176182508468628
hsa-miR-16-5p,HMGA2,1,21.8,0.3631034195423126
hsa-miR-16-5p,TANGO6,0,22.2,0.1295369267463684
hsa-miR-16-5p,CCND3,1,22.3,0.2546522617340088
hsa-miR-16-5p,PROK2,0,25.8,0.15879195928573608
hsa-miR-16-5p,INO80C,0,21.2,0.38514280319213867
hsa-miR-16-5p,WNT8B,0,,0.15284112095832825
hsa-miR-16-5p,RICTOR,1,,0.20937290787696838
hsa-miR-16-5p,HIST1H3F,0,23.4,0.24405628442764282
hsa-miR-16-5p,OLFM3,0,,0.3807457387447357
hsa-miR-16-5p,RAF1,1,25.9,0.32247447967529297
hsa-miR-16-5p,FAM98B,0,,0.2420007288455963
hsa-miR-16-5p,C14orf1,0,20.3,0.11576350033283234
hsa-miR-16-5p,TFDP2,0,,0.19233441352844238
hsa-miR-16-5p,CYP4A22,0,20.0,0.380939245223999
hsa-miR-16-5p,PEX19,0,,0.22281591594219208
hsa-miR-16-5p,ETV3,0,17.0,0.2160828411579132
hsa-miR-16-5p,CYB5RL,0,11.5,0.14633828401565552
hsa-miR-16-5p,WNT3A,1,25.0,0.6236155033111572
hsa-miR-16-5p,BIRC5,1,26.0,0.09493115544319153
hsa-miR-16-5p,FAM162B,0,,0.27064794301986694
hsa-miR-16-5p,RP11-114H20.1,0,22.9,0.27443012595176697
hsa-miR-16-5p,PCDHB15,0,,0.25372517108917236
hsa-miR-16-5p,RAB10,0,,0.2879258394241333
hsa-miR-16-5p,ACAA1,0,24.4,0.19590720534324646
hsa-miR-16-5p,CCDC25,0,,0.257906973361969
hsa-miR-16-5p,HAUS7,0,20.0,0.22004064917564392
hsa-miR-16-5p,PCNX,0,,0.2059662938117981
hsa-miR-16-5p,CD300LG,0,23.3,0.12069942057132721
hsa-miR-16-5p,TMEM177,0,17.3,0.32137346267700195
hsa-miR-16-5p,PPM1D,1,,0.3842547833919525
hsa-miR-16-5p,CADM1,1,,0.2437407672405243
hsa-miR-16-5p,FGF23,0,,0.2119044065475464
hsa-miR-16-5p,CACNB4,0,,0.22928652167320251
hsa-miR-16-5p,NOS1AP,0,,0.1494033932685852
hsa-miR-16-5p,CXorf21,0,26.5,0.24268686771392822
hsa-miR-16-5p,RECK,1,22.6,0.5618785619735718
hsa-miR-16-5p,GRK5,0,,0.025844313204288483
hsa-miR-16-5p,ZYX,1,25.6,0.2319798618555069
hsa-miR-16-5p,MPL,0,20.3,0.2472987174987793
hsa-miR-16-5p,TVP23C,0,19.9,0.5249170064926147
hsa-miR-16-5p,VPS8,0,22.2,0.34711945056915283
hsa-miR-16-5p,OPRL1,0,26.4,0.13897892832756042
hsa-miR-16-5p,MLH3,0,23.7,0.22922858595848083
hsa-miR-16-5p,C12orf76,0,24.4,0.46647071838378906
hsa-miR-16-5p,CAMK4,0,,0.13756796717643738
hsa-miR-16-5p,ATP5G3,0,,0.32927805185317993
hsa-miR-16-5p,TRAF1,0,,0.07936549186706543
hsa-miR-16-5p,HMGA1,1,25.8,0.4843818247318268
hsa-miR-16-5p,RGS9BP,0,,0.09931260347366333
hsa-miR-16-5p,PATE1,0,18.8,0.22506165504455566
hsa-miR-16-5p,TPPP3,1,26.9,0.3015151023864746
hsa-miR-16-5p,VEGFA,1,27.4,0.40041419863700867
hsa-miR-16-5p,SLC45A4,0,,0.051253415644168854
hsa-miR-16-5p,IGF1R,1,,0.31249380111694336
hsa-miR-16-5p,ZNF597,0,,0.18086200952529907
hsa-miR-16-5p,LDOC1L,0,,0.1124253123998642
hsa-miR-16-5p,MAST2,0,20.3,0.36391279101371765
hsa-miR-16-5p,DEPDC5,0,23.9,0.4485211670398712
hsa-miR-16-5p,NAA50,0,,0.18342706561088562
hsa-miR-16-5p,ZNF814,0,21.8,0.3632691204547882
hsa-miR-16-5p,PIM1,1,26.3,0.23569779098033905
hsa-miR-16-5p,PAPLN,0,,0.14711199700832367
hsa-miR-16-5p,INPP1,0,24.8,0.49376004934310913
hsa-miR-16-5p,CABLES2,0,,0.19495218992233276
hsa-miR-16-5p,CHUK,1,20.8,0.362772673368454
hsa-miR-16-5p,NCOR2,1,26.2,0.24377326667308807
hsa-miR-16-5p,TPO,0,21.6,0.17195770144462585
hsa-miR-16-5p,ARL2,1,23.0,0.4404865503311157
hsa-miR-16-5p,NACC1,0,,0.12427889555692673
hsa-miR-16-5p,ZNF660,0,,0.3029797077178955
hsa-miR-16-5p,CCR4,0,,0.18079808354377747
hsa-miR-16-5p,MATN1,0,,0.1141132339835167
hsa-miR-16-5p,TTC30B,0,,0.2575593888759613
hsa-miR-16-5p,ZNF154,0,,0.16819635033607483
hsa-miR-16-5p,XPO5,0,,0.1790660172700882
hsa-miR-16-5p,UBXN10,0,,0.1189156323671341
hsa-miR-16-5p,CHST14,0,,0.09943128377199173
hsa-miR-16-5p,IPO8,0,20.1,0.1185883954167366
hsa-miR-16-5p,GPR35,0,,0.1014670878648758
hsa-miR-16-5p,CAPRIN1,1,19.2,0.22549402713775635
hsa-miR-16-5p,BCL2,1,,0.2585207521915436
hsa-miR-16-5p,FGFR1,1,,0.26292040944099426
hsa-miR-16-5p,TP53TG3,0,22.7,0.32435542345046997
hsa-miR-16-5p,TPK1,0,,0.1516164392232895
hsa-miR-16-5p,TSHZ2,0,,0.07103670388460159
hsa-miR-16-5p,TLN2,0,,0.2582154870033264
hsa-miR-16-5p,RAB35,0,26.7,0.3653784394264221
hsa-miR-16-5p,ARFIP2,0,18.9,0.3882579505443573
hsa-miR-16-5p,DVL3,0,,0.16813066601753235
hsa-miR-16-5p,ZNF629,0,,0.16154655814170837
hsa-miR-16-5p,OSR1,0,21.0,0.14282220602035522
hsa-miR-16-5p,ZSCAN31,0,23.1,0.4970860481262207
hsa-miR-16-5p,DGCR6,0,24.3,0.16975000500679016
hsa-miR-16-5p,ACVR2A,1,,0.262567937374115
hsa-miR-16-5p,BCAT2,0,23.8,0.282543420791626
hsa-miR-16-5p,SLN,0,21.2,0.34972047805786133
hsa-miR-16-5p,EXOC3L2,0,22.2,0.31804272532463074
hsa-miR-16-5p,PARP12,0,20.3,0.3047942519187927
hsa-miR-16-5p,BDNF,1,,0.38848528265953064
hsa-miR-16-5p,GMPR,0,,0.12063175439834595
hsa-miR-16-5p,DGKE,0,23.2,0.30055534839630127
hsa-miR-16-5p,CLK4,0,20.8,0.2797522246837616
hsa-miR-16-5p,CACNA1B,0,19.9,0.2546749711036682
hsa-miR-16-5p,TMEM30B,0,21.7,0.15696263313293457
hsa-miR-16-5p,UNG,1,23.9,0.13245835900306702
hsa-miR-16-5p,ZKSCAN4,0,,0.11310472339391708
hsa-miR-16-5p,SOX6,1,,0.26909172534942627
hsa-miR-16-5p,RABGAP1,0,26.5,0.28293853998184204
hsa-miR-17-5p,KRT23,0,18.9,0.3007580041885376
hsa-miR-17-5p,HM13,0,,0.18222859501838684
hsa-miR-17-5p,MS4A14,0,22.5,0.22733554244041443
hsa-miR-17-5p,CCND1,1,20.3,0.1868494749069214
hsa-miR-17-5p,MAPK9,1,21.9,0.18915367126464844
hsa-miR-17-5p,JAM2,0,24.1,0.21710838377475739
hsa-miR-17-5p,FGF2,0,,0.23580008745193481
hsa-miR-17-5p,FBLN1,0,25.6,0.2901529371738434
hsa-miR-17-5p,PDK4,0,,0.21890904009342194
hsa-miR-17-5p,CD46,0,22.7,0.2897668480873108
hsa-miR-17-5p,KIAA0586,0,,0.12566691637039185
hsa-miR-17-5p,C12orf4,0,,0.1600482314825058
hsa-miR-17-5p,CCNT2,0,,0.18331925570964813
hsa-miR-17-5p,SIRPA,1,,0.22787293791770935
hsa-miR-17-5p,SLC24A5,0,15.7,0.2742251455783844
hsa-miR-17-5p,REL,0,,0.1586330682039261
hsa-miR-17-5p,RND3,1,28.5,0.2526041567325592
hsa-miR-17-5p,SMAD4,1,24.6,0.1694665253162384
hsa-miR-17-5p,DNAJC27,1,,0.2550113797187805
hsa-miR-17-5p,USP9X,0,,0.15645605325698853
hsa-miR-17-5p,ZNF766,0,29.2,0.16691991686820984
hsa-miR-17-5p,UCP3,0,28.1,0.2290198802947998
hsa-miR-17-5p,BCL2L11,1,23.0,0.14048850536346436
hsa-miR-17-5p,BMPR2,1,,0.24066640436649323
hsa-miR-17-5p,C21orf49,0,29.9,0.05199214816093445
hsa-miR-17-5p,RET,0,34.8,0.19795402884483337
hsa-miR-17-5p,RSBN1,0,,0.21929797530174255
hsa-miR-17-5p,RUNX1,1,22.7,0.08071286976337433
hsa-miR-17-5p,AC135983.2,0,,0.042263828217983246
hsa-miR-17-5p,NPAT,1,,0.20291846990585327
hsa-miR-17-5p,STAT3,1,,0.19596222043037415
hsa-miR-17-5p,TLE4,0,23.2,0.201359361410141
hsa-miR-17-5p,ABCB11,0,,0.024126127362251282
hsa-miR-17-5p,ABCA5,0,,0.157658189535141
hsa-miR-17-5p,FLVCR1,0,,0.04983425885438919
hsa-miR-17-5p,ZNF536,0,26.5,0.22348196804523468
hsa-miR-17-5p,MYADM,0,,0.049186162650585175
hsa-miR-17-5p,TNS4,0,,0.0343024916946888
hsa-miR-17-5p,SLFN5,0,19.2,0.13683530688285828
hsa-miR-17-5p,CCDC121,0,21.3,0.17365700006484985
hsa-miR-17-5p,TRMT10C,0,,0.0465913787484169
hsa-miR-17-5p,RBM23,0,,0.012013517320156097
hsa-miR-17-5p,C15orf57,0,32.1,0.07367934286594391
hsa-miR-17-5p,MYL12A,0,22.9,0.29334166646003723
hsa-miR-17-5p,Z98049.1,0,28.8,0.05266833305358887
hsa-miR-17-5p,SOCS6,1,,0.18698619306087494
hsa-miR-17-5p,RP11-701P16.2,0,21.6,0.30786851048469543
hsa-miR-17-5p,CDKN1A,1,29.8,0.1472490131855011
hsa-miR-17-5p,ZNFX1,1,33.7,0.40743428468704224
hsa-miR-17-5p,ABRACL,0,19.3,0.1003270149230957
hsa-miR-17-5p,PTPRO,1,15.5,0.149375781416893
hsa-miR-17-5p,GABRE,0,23.7,0.18612140417099
hsa-miR-17-5p,MEX3D,0,23.3,0.3042449951171875
hsa-miR-17-5p,CKAP2L,0,,0.08377990126609802
hsa-miR-17-5p,NADK2,0,,0.1763433814048767
hsa-miR-17-5p,MYOCD,0,,0.08018375188112259
hsa-miR-17-5p,PTEN,1,,0.20606446266174316
hsa-miR-17-5p,E2F3,1,,0.12919555604457855
hsa-miR-17-5p,WEE1,1,,0.1311166137456894
hsa-miR-17-5p,LIMK1,1,22.6,0.2026272416114807
hsa-miR-17-5p,CD96,0,20.2,0.038567014038562775
hsa-miR-17-5p,CEP70,0,23.0,0.3138205409049988
hsa-miR-17-5p,DRP2,0,,0.1307094395160675
hsa-miR-17-5p,JAK1,1,26.2,0.26809024810791016
hsa-miR-17-5p,KLF13,0,,0.03951173275709152
hsa-miR-17-5p,RNH1,0,21.0,0.45346805453300476
hsa-miR-17-5p,LONRF2,0,,0.1576615869998932
hsa-miR-17-5p,GEN1,0,,0.254381000995636
hsa-miR-17-5p,XAF1,0,,0.046217501163482666
hsa-miR-17-5p,VASH2,0,,0.20443159341812134
hsa-miR-17-5p,SH3PXD2A,0,20.6,0.2333095371723175
hsa-miR-17-5p,NABP1,1,,0.32737621665000916
hsa-miR-17-5p,ATP5G3,0,,0.13181689381599426
hsa-miR-17-5p,PNPO,0,,0.28097349405288696
hsa-miR-17-5p,HBP1,1,23.2,0.4534112215042114
hsa-miR-17-5p,NDUFC1,0,,0.18827849626541138
hsa-miR-17-5p,MAP3K12,1,24.7,0.23117148876190186
hsa-miR-17-5p,NCOA3,1,,0.19995108246803284
hsa-miR-17-5p,CCNB1IP1,0,,0.0038254261016845703
hsa-miR-17-5p,ADAR,1,,0.11630977690219879
hsa-miR-17-5p,GAS7,0,,0.17539846897125244
hsa-miR-17-5p,LMAN1,0,,0.15263862907886505
hsa-miR-17-5p,ISY1-RAB43,0,,0.08024866878986359
hsa-miR-17-5p,AMER2,0,,0.3094690442085266
hsa-miR-17-5p,VSTM2A,0,23.5,0.1888796091079712
hsa-miR-17-5p,TBC1D2,1,27.4,0.18275228142738342
hsa-miR-17-5p,WWC2,0,,0.156646728515625
hsa-miR-17-5p,CTGF,0,24.2,0.19107887148857117
hsa-miR-17-5p,MT1A,0,,0.13464054465293884
hsa-miR-17-5p,ITGB3BP,0,,0.14957281947135925
hsa-miR-17-5p,PGA4,0,22.6,0.25732535123825073
hsa-miR-17-5p,SNX3,0,23.4,0.26346054673194885
hsa-miR-17-5p,ZBTB47,0,,0.2932775020599365
hsa-miR-17-5p,MAP3K13,0,29.9,0.16433914005756378
hsa-miR-17-5p,FBXO31,1,,0.17104192078113556
hsa-miR-17-5p,GHR,0,,0.19648313522338867
hsa-miR-17-5p,LRRN4CL,0,28.8,0.07100847363471985
hsa-miR-17-5p,PLEKHA7,0,28.3,0.18814906477928162
hsa-miR-17-5p,CELF5,0,27.6,0.22085310518741608
hsa-miR-17-5p,ADAM18,0,24.6,0.2284615933895111
hsa-miR-17-5p,ATP2B3,0,19.0,0.14273160696029663
hsa-miR-17-5p,MGLL,0,,0.2332628220319748
hsa-miR-17-5p,FGL2,0,,0.37942808866500854
hsa-miR-17-5p,ZNF600,0,26.9,0.07673200219869614
hsa-miR-17-5p,UTP14C,0,,0.20627138018608093
hsa-miR-17-5p,SAMD10,0,24.4,0.1508570909500122
hsa-miR-17-5p,DYM,0,,0.13740140199661255
hsa-miR-17-5p,AC093677.1,0,26.2,0.2522960603237152
hsa-miR-17-5p,AC018755.1,0,25.8,0.09576401859521866
hsa-miR-17-5p,CIAO1,0,,0.03736857324838638
hsa-miR-17-5p,YES1,1,,0.19514384865760803
hsa-miR-17-5p,GBP1,0,28.0,0.18275374174118042
hsa-miR-17-5p,BMP2,1,,0.18929407000541687
hsa-miR-17-5p,APP,1,,0.15515515208244324
hsa-miR-17-5p,KNTC1,0,22.8,0.18288663029670715
hsa-miR-17-5p,STEAP2,0,22.5,0.1238364428281784
hsa-miR-17-5p,MPZL2,0,25.6,0.20350044965744019
hsa-miR-17-5p,LHX9,0,,0.2250431478023529
hsa-miR-17-5p,NUP93,0,19.7,0.056151047348976135
hsa-miR-17-5p,OPA3,0,32.8,0.2228236198425293
hsa-miR-17-5p,RB1,1,22.5,0.12954427301883698
hsa-miR-17-5p,RBL1,1,22.2,0.2559792399406433
hsa-miR-17-5p,RP6-24A23.6,0,,0.18580763041973114
hsa-miR-17-5p,SOBP,0,,0.1726481318473816
hsa-miR-17-5p,PGR,0,,0.1004282534122467
hsa-miR-17-5p,PLCXD1,0,20.0,0.06076305732131004
hsa-miR-17-5p,CCND2,1,,0.17902636528015137
hsa-miR-17-5p,EXT1,0,,0.20171412825584412
hsa-miR-17-5p,HIF1A,1,,0.2079339176416397
hsa-miR-17-5p,EYA1,0,26.6,0.09968167543411255
hsa-miR-17-5p,TSPAN9,0,23.3,0.08856957405805588
hsa-miR-17-5p,ALX4,0,,0.13012175261974335
hsa-miR-17-5p,TIMP3,1,,0.0886344313621521
hsa-miR-17-5p,ZNF850,0,28.1,0.28232038021087646
hsa-miR-17-5p,RP11-422N16.3,0,,0.06741704791784286
hsa-miR-17-5p,WBP11,0,,0.08361375331878662
hsa-miR-17-5p,GPR137B,1,14.0,0.25973057746887207
hsa-miR-17-5p,TP53INP1,1,,0.16604505479335785
hsa-miR-17-5p,SPATA3,0,22.1,0.24168303608894348
hsa-miR-17-5p,CYB561A3,0,26.7,0.024198003113269806
hsa-miR-17-5p,KLF17,0,,0.07261818647384644
hsa-miR-17-5p,SMIM11,0,20.0,0.11241389065980911
hsa-miR-17-5p,TENM1,0,,0.1475742906332016
hsa-miR-17-5p,ACSM1,0,21.9,0.21322515606880188
hsa-miR-17-5p,KAT2B,1,23.7,0.30868810415267944
hsa-miR-17-5p,C17orf104,0,28.5,0.14461909234523773
hsa-miR-17-5p,QPRT,0,28.7,0.12547387182712555
hsa-miR-17-5p,ODF2L,0,29.9,0.13007435202598572
hsa-miR-17-5p,FBXO6,0,28.8,0.11849343031644821
hsa-miR-17-5p,CCL1,1,27.1,0.3604855239391327
hsa-miR-17-5p,DISC1,0,25.6,0.24689798057079315
hsa-miR-17-5p,ZMYM2,0,23.6,0.20020711421966553
hsa-miR-17-5p,UBE2B,0,,0.32471925020217896
hsa-miR-17-5p,POLR3K,0,24.3,0.2524483799934387
hsa-miR-17-5p,CDC14A,0,25.7,0.20806154608726501
hsa-miR-17-5p,NAA25,0,,0.07955493777990341
hsa-miR-17-5p,HMGA2,0,24.0,0.1840660274028778
hsa-miR-17-5p,MECR,0,28.5,0.08855169266462326
hsa-miR-17-5p,OPN5,0,29.7,0.34883102774620056
hsa-miR-17-5p,VCAM1,0,,0.116649329662323
hsa-miR-17-5p,ZNF28,0,23.0,0.046265508979558945
hsa-miR-17-5p,DAZAP2,0,27.3,0.1859056055545807
hsa-miR-17-5p,SLC38A1,0,21.9,0.25785934925079346
hsa-miR-17-5p,SLC16A5,0,28.6,0.09683717787265778
hsa-miR-17-5p,KIF5A,0,,0.18767502903938293
hsa-miR-17-5p,INPP4A,0,14.4,0.05080816149711609
hsa-miR-17-5p,ATRNL1,0,,0.18409638106822968
hsa-miR-17-5p,CRTAP,0,,0.04428739473223686
hsa-miR-17-5p,BCL6B,0,,0.1825910359621048
hsa-miR-17-5p,SEC22A,0,,0.05468984693288803
hsa-miR-17-5p,AQP9,0,26.0,0.17149317264556885
hsa-miR-17-5p,FOSL2,0,,0.11580904573202133
hsa-miR-17-5p,NOX1,0,23.1,0.22165927290916443
hsa-miR-17-5p,SMURF1,1,,0.21637359261512756
hsa-miR-17-5p,PRR23A,0,28.8,0.05092114210128784
hsa-miR-17-5p,DCX,0,,0.04583077132701874
hsa-miR-17-5p,CCDC171,0,15.7,0.20595481991767883
hsa-miR-17-5p,SPG20,0,,0.2420860230922699
hsa-miR-17-5p,FGF4,0,22.2,0.1794137805700302
hsa-miR-17-5p,LILRA2,0,,0.03263990953564644
hsa-miR-17-5p,PBOV1,0,28.8,0.05962524563074112
hsa-miR-17-5p,ANKRD46,0,26.1,0.19110512733459473
hsa-miR-17-5p,EFCAB5,0,24.7,0.2553916275501251
hsa-miR-17-5p,MOSPD1,0,30.7,0.222995325922966
hsa-miR-17-5p,TGFBR2,1,,0.3064895272254944
hsa-miR-17-5p,FIGN,0,18.9,0.09327905625104904
hsa-miR-17-5p,NALCN,0,29.2,0.18873704969882965
hsa-miR-17-5p,CAMK4,0,,0.09972967207431793
hsa-miR-17-5p,ITGB8,1,,0.2807684540748596
hsa-miR-17-5p,CCDC57,0,25.1,0.04345712438225746
hsa-miR-17-5p,TRAF1,0,,0.01639804244041443
hsa-miR-17-5p,RBL2,1,28.8,0.2204568237066269
hsa-miR-17-5p,VEGFA,1,29.7,0.04516943544149399
hsa-miR-17-5p,DR1,0,,0.08449413627386093
hsa-miR-17-5p,ZRSR1,0,,0.232273131608963
hsa-miR-17-5p,DMC1,0,28.5,0.10022002458572388
hsa-miR-17-5p,HLA-DPB1,0,27.7,0.2051437646150589
hsa-miR-17-5p,PRPF4B,0,,0.19494861364364624
hsa-miR-17-5p,IRF2BPL,0,23.5,0.20909838378429413
hsa-miR-17-5p,LDLR,1,5.6,0.19889599084854126
hsa-miR-17-5p,CSNK1G1,0,22.2,0.2569732367992401
hsa-miR-17-5p,MAGI2,0,23.2,0.1818532645702362
hsa-miR-17-5p,RD3,0,,0.28599482774734497
hsa-miR-17-5p,GPR174,0,,0.08644838631153107
hsa-miR-17-5p,BCL2,1,,0.13282537460327148
hsa-miR-17-5p,GPR180,0,,0.16099092364311218
hsa-miR-17-5p,KLHL5,0,23.6,0.2322864830493927
hsa-miR-17-5p,ZNF275,0,,0.15266916155815125
hsa-miR-17-5p,E2F1,1,26.8,0.199571430683136
hsa-miR-17-5p,HOOK1,0,,0.2022954374551773
hsa-miR-17-5p,SLC30A5,0,23.2,0.1823749542236328
hsa-miR-17-5p,MRPL19,0,23.8,0.15918844938278198
hsa-miR-17-5p,TMEM248,0,,0.13594147562980652
hsa-miR-17-5p,ZNF79,0,24.0,0.3417578637599945
hsa-miR-17-5p,SLC2A4RG,0,23.3,0.09291891008615494
hsa-miR-17-5p,PKD2,1,,0.4214909076690674
hsa-miR-17-5p,ZBTB4,1,,0.21016071736812592
hsa-miR-17-5p,MTHFD1,0,,0.036961495876312256
hsa-miR-17-5p,MYLK,0,,0.15186850726604462
hsa-miR-17-5p,RABL5,0,,0.08221922814846039
hsa-miR-181a-5p,TMEM55A,0,,0.1209968850016594
hsa-miR-181a-5p,TGFBRAP1,1,,0.17578080296516418
hsa-miR-181a-5p,ZNF655,0,18.0,0.23487399518489838
hsa-miR-181a-5p,STEAP2,0,21.5,0.09449014067649841
hsa-miR-181a-5p,CXCL9,0,,0.2114637941122055
hsa-miR-181a-5p,DLC1,0,18.5,0.0617813803255558
hsa-miR-181a-5p,MTMR3,1,,0.06830248236656189
hsa-miR-181a-5p,LARP4,0,13.3,0.2402777075767517
hsa-miR-181a-5p,ALG9,0,,0.0764809176325798
hsa-miR-181a-5p,INTS6,0,21.3,0.09677515923976898
hsa-miR-181a-5p,NAALADL1,0,25.0,0.12132526934146881
hsa-miR-181a-5p,PGR,1,,0.10030897706747055
hsa-miR-181a-5p,HACE1,0,,0.07748779654502869
hsa-miR-181a-5p,RALA,1,21.4,0.19780951738357544
hsa-miR-181a-5p,ZNF292,0,24.2,0.14417041838169098
hsa-miR-181a-5p,COL9A2,0,,0.0589219331741333
hsa-miR-181a-5p,ZNF586,0,26.7,0.4712982177734375
hsa-miR-181a-5p,TGFBR1,1,,0.19669635593891144
hsa-miR-181a-5p,MCIDAS,0,24.3,0.1213373988866806
hsa-miR-181a-5p,PI4K2B,0,,0.3844316601753235
hsa-miR-181a-5p,CYB5R4,0,21.6,0.08426119387149811
hsa-miR-181a-5p,INO80,0,,0.11883478611707687
hsa-miR-181a-5p,ZNF766,0,22.0,0.3774512708187103
hsa-miR-181a-5p,PLAG1,1,,0.1426428258419037
hsa-miR-181a-5p,CCNB1,0,,0.18411192297935486
hsa-miR-181a-5p,DIP2C,0,26.1,0.07244743406772614
hsa-miR-181a-5p,ACSM5,0,25.0,0.09821492433547974
hsa-miR-181a-5p,DNAJA2,0,23.2,0.1337631642818451
hsa-miR-181a-5p,XIAP,1,,0.14473357796669006
hsa-miR-181a-5p,C3orf35,0,23.0,0.25886592268943787
hsa-miR-181a-5p,ARFIP1,0,,0.16515517234802246
hsa-miR-181a-5p,BCL2L11,1,24.3,0.2157808244228363
hsa-miR-181a-5p,SPRY4,0,,0.2114897519350052
hsa-miR-181a-5p,ATM,1,,0.19975098967552185
hsa-miR-181a-5p,TMEM138,0,21.1,0.06099044159054756
hsa-miR-181a-5p,KRAS,1,20.8,0.1524355411529541
hsa-miR-181a-5p,THUMPD3,0,,0.22509217262268066
hsa-miR-181a-5p,PPM1A,0,,0.126050665974617
hsa-miR-181a-5p,EDIL3,0,,0.06811975687742233
hsa-miR-181a-5p,TMEM134,0,,0.01776599884033203
hsa-miR-181a-5p,CDKN1B,1,27.5,0.12430290877819061
hsa-miR-181a-5p,COL16A1,1,31.5,0.18469958007335663
hsa-miR-181a-5p,KAT2B,1,25.3,0.1882437914609909
hsa-miR-181a-5p,RNF169,0,,0.10659259557723999
hsa-miR-181a-5p,FLVCR1,0,,0.06836456060409546
hsa-miR-181a-5p,TMED2,0,25.2,0.1003338024020195
hsa-miR-181a-5p,CDC42BPA,0,,0.3122733235359192
hsa-miR-181a-5p,CTD-2140B24.4,0,,0.2528180778026581
hsa-miR-181a-5p,TMTC1,0,,0.2621358633041382
hsa-miR-181a-5p,RBP4,0,23.6,0.11743401736021042
hsa-miR-181a-5p,KLF6,1,29.0,0.24002590775489807
hsa-miR-181a-5p,TRMT10A,0,,0.16147169470787048
hsa-miR-181a-5p,SFMBT2,0,23.9,0.09279138594865799
hsa-miR-181a-5p,ABCC3,0,22.6,0.06002708896994591
hsa-miR-181a-5p,ST6GAL2,0,12.8,0.08226270228624344
hsa-miR-181a-5p,ZNF528,0,29.0,0.23506172001361847
hsa-miR-181a-5p,SCN9A,0,,0.17994481325149536
hsa-miR-181a-5p,LRCH1,0,,0.15320037305355072
hsa-miR-181a-5p,MAP2K1,1,23.9,0.12135012447834015
hsa-miR-181a-5p,C19orf25,0,26.9,0.08316490799188614
hsa-miR-181a-5p,RBAK,0,,0.14983196556568146
hsa-miR-181a-5p,SIRT1,1,20.6,0.17398065328598022
hsa-miR-181a-5p,MUC13,0,24.4,0.140561044216156
hsa-miR-181a-5p,CHMP1B,0,,0.2544443607330322
hsa-miR-181a-5p,NKRF,0,,0.17114897072315216
hsa-miR-181a-5p,PTPN22,1,19.7,0.39761120080947876
hsa-miR-181a-5p,PPARGC1B,0,,0.04609467834234238
hsa-miR-181a-5p,GGCT,0,24.2,0.1938813030719757
hsa-miR-181a-5p,HOXD3,0,22.7,0.30841004848480225
hsa-miR-181a-5p,GTF2I,0,25.7,0.07306407392024994
hsa-miR-181a-5p,PPP6C,0,,0.08611467480659485
hsa-miR-181a-5p,MAP4K2,0,,0.10280568152666092
hsa-miR-181a-5p,OARD1,0,19.1,0.0893792062997818
hsa-miR-181a-5p,DUSP6,1,,0.1942361742258072
hsa-miR-181a-5p,TACR3,0,,0.17917858064174652
hsa-miR-181a-5p,ZNF746,0,26.5,0.103325255215168
hsa-miR-181a-5p,C11orf87,0,,0.14780671894550323
hsa-miR-181a-5p,RNF146,0,26.3,0.13810944557189941
hsa-miR-181a-5p,ATG5,1,,0.22005818784236908
hsa-miR-181a-5p,LRRC48,0,23.5,0.16398932039737701
hsa-miR-181a-5p,RAB3IL1,0,22.2,0.12565836310386658
hsa-miR-181a-5p,PVR,0,,0.11014606803655624
hsa-miR-181a-5p,AL033381.1,0,,0.12829367816448212
hsa-miR-181a-5p,DTD2,0,22.3,0.14970475435256958
hsa-miR-181a-5p,RAP1B,1,21.9,0.12672841548919678
hsa-miR-181a-5p,FRS2,0,,0.08441944420337677
hsa-miR-181a-5p,KCNJ5,0,,0.05748945102095604
hsa-miR-181a-5p,LGALS8,0,,0.06153490021824837
hsa-miR-181a-5p,XG,0,,0.1059417575597763
hsa-miR-181a-5p,TIRAP,0,18.5,0.08369847387075424
hsa-miR-181a-5p,MARCKS,0,,0.15472975373268127
hsa-miR-181a-5p,ASB4,0,19.8,0.14640265703201294
hsa-miR-181a-5p,PAOX,0,,0.22745941579341888
hsa-miR-181a-5p,MCL1,1,,0.07935073226690292
hsa-miR-181a-5p,NCR3LG1,0,,0.059018079191446304
hsa-miR-181a-5p,MRFAP1L1,0,21.7,0.12449793517589569
hsa-miR-181a-5p,SEMA3C,0,15.4,0.23211371898651123
hsa-miR-181a-5p,GCA,0,,0.12571698427200317
hsa-miR-181a-5p,SREK1IP1,0,,0.06964811682701111
hsa-miR-181a-5p,CYR61,0,,0.1619533747434616
hsa-miR-181a-5p,AC068987.1,0,,0.09223110973834991
hsa-miR-181a-5p,GLP2R,0,,0.007126525044441223
hsa-miR-181a-5p,GATA6,1,,0.25012749433517456
hsa-miR-181a-5p,HIPK2,1,26.3,0.07540880888700485
hsa-miR-181a-5p,F3,0,,0.09753105044364929
hsa-miR-181a-5p,CCDC108,0,25.8,0.19482910633087158
hsa-miR-181a-5p,FAM118A,0,28.8,0.20396366715431213
hsa-miR-181a-5p,DDX3X,1,25.6,0.13928304612636566
hsa-miR-181a-5p,NR2C2,0,,0.06306905299425125
hsa-miR-181a-5p,HLTF,0,20.5,0.35478195548057556
hsa-miR-181a-5p,HSPA2,0,,0.16497765481472015
hsa-miR-181a-5p,NLK,1,19.7,0.13376298546791077
hsa-miR-181a-5p,COG6,0,,0.07762059569358826
hsa-miR-181a-5p,GPR78,1,,0.06531908363103867
hsa-miR-181a-5p,MOB4,0,,0.15857937932014465
hsa-miR-181a-5p,ATXN1,0,,0.09245471656322479
hsa-miR-181a-5p,STARD3NL,0,,0.09397450089454651
hsa-miR-181a-5p,DNAH5,0,22.8,0.19491034746170044
hsa-miR-181a-5p,DGCR2,0,,0.12490247189998627
hsa-miR-181a-5p,ZEB1,0,,0.10736317187547684
hsa-miR-181a-5p,BUB1,0,,0.18779118359088898
hsa-miR-181a-5p,LEMD3,0,,0.15093985199928284
hsa-miR-181a-5p,NDUFA5,0,,0.13120433688163757
hsa-miR-181a-5p,C2ORF15,0,,0.053356096148490906
hsa-miR-181a-5p,E2F5,1,20.9,0.5273765325546265
hsa-miR-181a-5p,BCL2,1,,0.11110343039035797
hsa-miR-181a-5p,ABI2,0,,0.06799963116645813
hsa-miR-181a-5p,ZNF225,0,,0.12467412650585175
hsa-miR-181a-5p,DDIT4,1,24.1,0.2927800416946411
hsa-miR-181a-5p,DPH3,0,,0.08016682416200638
hsa-miR-181a-5p,SLC25A12,0,,0.16979429125785828
hsa-miR-181a-5p,RNF2,1,,0.10098201036453247
hsa-miR-181a-5p,CDX2,1,,0.1325802206993103
hsa-miR-181a-5p,TXK,0,,0.18241232633590698
hsa-miR-181a-5p,PBX3,1,23.8,0.20165720582008362
hsa-miR-181a-5p,PIGA,0,,0.06723934412002563
hsa-miR-181a-5p,DUSP5,1,21.8,0.13462083041667938
hsa-miR-181a-5p,STOX1,0,20.9,0.2611926198005676
hsa-miR-181a-5p,PROCR,0,21.4,0.2173624336719513
hsa-miR-181a-5p,ZNF138,0,20.4,0.21308133006095886
hsa-miR-181a-5p,ASTN2,0,22.3,0.0933428630232811
hsa-miR-181a-5p,NOX5,0,,0.04771367460489273
hsa-miR-181a-5p,PLD1,0,15.7,0.21175803244113922
hsa-miR-181a-5p,ENTPD7,0,,0.09613724797964096
hsa-miR-181a-5p,PCGF2,0,23.9,0.08696040511131287
hsa-miR-181a-5p,RPL13A,0,24.0,0.07386670261621475
hsa-miR-181a-5p,MMADHC,0,,0.08667664974927902
hsa-miR-181a-5p,LPP,0,,0.07881725579500198
hsa-miR-181a-5p,SLC25A32,0,,0.2526622712612152
hsa-miR-181a-5p,WDR37,0,24.3,0.0645514503121376
hsa-miR-181a-5p,PROX1,1,,0.34476208686828613
hsa-miR-181a-5p,PIGP,0,,0.08717240393161774
hsa-miR-181a-5p,ELAVL3,0,,0.09220785647630692
hsa-miR-181a-5p,FOS,1,23.5,0.1470351666212082
hsa-miR-181a-5p,MAPK1,1,,0.1160234734416008
hsa-miR-181a-5p,NUDCD2,0,,0.03532303869724274
hsa-miR-181a-5p,C1orf116,0,,0.041595179587602615
hsa-miR-181a-5p,QSOX2,0,,0.04641399905085564
hsa-miR-182-5p,SRCAP,0,,0.17596983909606934
hsa-miR-182-5p,RCVRN,0,25.1,0.13496750593185425
hsa-miR-182-5p,HAAO,0,26.2,0.17508886754512787
hsa-miR-182-5p,CREB5,1,,0.11738057434558868
hsa-miR-182-5p,TWIST1,0,,0.2843537926673889
hsa-miR-182-5p,RPS14,0,22.9,0.2128278762102127
hsa-miR-182-5p,PGBD5,0,,0.17482060194015503
hsa-miR-182-5p,RCL1,0,20.1,0.20068508386611938
hsa-miR-182-5p,GIT2,0,25.8,0.23345793783664703
hsa-miR-182-5p,C17orf85,0,,0.20840765535831451
hsa-miR-182-5p,KHSRP,0,21.5,0.28722673654556274
hsa-miR-182-5p,TCN2,0,,0.07171449065208435
hsa-miR-182-5p,TAT,0,,0.42215922474861145
hsa-miR-182-5p,VPS26B,0,,0.2096865177154541
hsa-miR-182-5p,RARG,1,26.3,0.34293484687805176
hsa-miR-182-5p,CTC-349C3.1,0,23.6,0.1657811999320984
hsa-miR-182-5p,CCND2,1,,0.1861279010772705
hsa-miR-182-5p,EMC2,0,,0.35018810629844666
hsa-miR-182-5p,PFKFB3,0,15.8,0.10228793323040009
hsa-miR-182-5p,MTSS1,1,,0.3812064826488495
hsa-miR-182-5p,SPINK8,0,21.1,0.3432687520980835
hsa-miR-182-5p,LIN28B,0,,0.10134999454021454
hsa-miR-182-5p,ZDHHC8,0,25.0,0.08604367077350616
hsa-miR-182-5p,CSF1,0,24.9,0.4426400661468506
hsa-miR-182-5p,SMAD4,1,26.6,0.20295296609401703
hsa-miR-182-5p,BPY2,0,22.6,0.21841368079185486
hsa-miR-182-5p,RAD17,1,24.7,0.3071989417076111
hsa-miR-182-5p,KCNJ13,0,,0.22921612858772278
hsa-miR-182-5p,ULBP2,1,22.6,0.2924734950065613
hsa-miR-182-5p,C1orf35,0,,0.06027320399880409
hsa-miR-182-5p,PCDH10,0,,0.24997179210186005
hsa-miR-182-5p,FGF5,0,,0.18283870816230774
hsa-miR-182-5p,TP53INP1,1,,0.26604413986206055
hsa-miR-182-5p,MITF,1,,0.20508810877799988
hsa-miR-182-5p,CSE1L,0,,0.16748744249343872
hsa-miR-182-5p,RBM25,0,21.4,0.17789515852928162
hsa-miR-182-5p,COG5,0,,0.14508630335330963
hsa-miR-182-5p,LRRFIP2,0,22.7,0.26028794050216675
hsa-miR-182-5p,FOXO1,1,,0.24508361518383026
hsa-miR-182-5p,IL12RB2,0,22.4,0.10931630432605743
hsa-miR-182-5p,ZYG11A,0,,0.15630251169204712
hsa-miR-182-5p,PRKACA,0,23.3,0.15761345624923706
hsa-miR-182-5p,PDCD4,1,26.0,0.2859219014644623
hsa-miR-182-5p,IVNS1ABP,0,23.2,0.29881906509399414
hsa-miR-182-5p,PFN1,1,24.2,0.2571638226509094
hsa-miR-182-5p,CYLD,1,19.3,0.2033756971359253
hsa-miR-182-5p,RHOF,0,26.1,0.16720932722091675
hsa-miR-182-5p,FAM53C,0,,0.10412772744894028
hsa-miR-182-5p,ALG6,0,,0.15411758422851562
hsa-miR-182-5p,HIST1H2BJ,0,,0.15840865671634674
hsa-miR-182-5p,LRP10,0,,0.1800234019756317
hsa-miR-182-5p,AGAP7,0,19.6,0.25602275133132935
hsa-miR-182-5p,CCDC103,0,24.1,0.12699314951896667
hsa-miR-182-5p,TSC22D3,1,22.7,0.21374371647834778
hsa-miR-182-5p,MYO1A,0,,0.1118231937289238
hsa-miR-182-5p,PAK1IP1,0,23.8,0.38721007108688354
hsa-miR-182-5p,NTM,1,26.2,0.22423718869686127
hsa-miR-182-5p,ARHGAP28,0,13.2,0.27364909648895264
hsa-miR-182-5p,CADM1,1,,0.1753961741924286
hsa-miR-182-5p,RPRD1B,0,,0.23917077481746674
hsa-miR-182-5p,RECK,1,22.2,0.40202951431274414
hsa-miR-182-5p,PARD3,0,23.2,0.2049388736486435
hsa-miR-182-5p,PTEN,1,,0.13117249310016632
hsa-miR-182-5p,SMAD3,0,,0.14065685868263245
hsa-miR-182-5p,HELZ,0,,0.1676105558872223
hsa-miR-182-5p,FOXO3,1,,0.29780399799346924
hsa-miR-182-5p,MPLKIP,0,,0.17201381921768188
hsa-miR-182-5p,FIGN,0,20.8,0.17659880220890045
hsa-miR-182-5p,FAM27D1,0,25.3,0.11712564527988434
hsa-miR-182-5p,ANXA11,0,,0.22029991447925568
hsa-miR-182-5p,ZNF705A,0,,0.2679130434989929
hsa-miR-182-5p,FOXF2,1,26.7,0.5409446358680725
hsa-miR-182-5p,FBXW7,1,23.2,0.22150839865207672
hsa-miR-182-5p,SKIV2L2,0,23.1,0.35128816962242126
hsa-miR-182-5p,KHK,0,24.6,0.12769457697868347
hsa-miR-182-5p,ATF1,1,23.8,0.258608341217041
hsa-miR-182-5p,RWDD4,0,22.5,0.26738423109054565
hsa-miR-182-5p,ZFAND4,1,26.8,0.47213345766067505
hsa-miR-182-5p,EXOG,0,28.3,0.2204219251871109
hsa-miR-182-5p,SPINT1,0,27.8,0.2189333289861679
hsa-miR-182-5p,EHD3,0,,0.07971611618995667
hsa-miR-182-5p,SEC16B,0,23.8,0.24780699610710144
hsa-miR-182-5p,TIFAB,0,,0.09775221347808838
hsa-miR-182-5p,SLC35B4,0,,0.3489173948764801
hsa-miR-182-5p,PDCL,0,,0.09370889514684677
hsa-miR-182-5p,CREB1,1,23.5,0.2728119492530823
hsa-miR-182-5p,HS2ST1,0,22.3,0.2277374416589737
hsa-miR-182-5p,PRSS46,0,22.3,0.2612539827823639
hsa-miR-182-5p,SNAI2,1,23.6,0.2468128651380539
hsa-miR-182-5p,CYB561,0,25.6,0.3229506313800812
hsa-miR-182-5p,POU2F1,0,24.3,0.2204384207725525
hsa-miR-182-5p,FAM198A,0,26.0,0.19796313345432281
hsa-miR-182-5p,CNOT6L,0,,0.149215966463089
hsa-miR-182-5p,ATF7IP,0,22.7,0.23897501826286316
hsa-miR-182-5p,NUDT4,0,,0.12467129528522491
hsa-miR-182-5p,BCL2,1,,0.22104185819625854
hsa-miR-182-5p,ADCY6,1,,0.2390461564064026
hsa-miR-182-5p,COL1A1,0,,0.06147052347660065
hsa-miR-182-5p,CLOCK,1,,0.371514230966568
hsa-miR-182-5p,KCNMB2,0,25.4,0.198667511343956
hsa-miR-182-5p,GPR180,0,,0.15370289981365204
hsa-miR-182-5p,AJUBA,0,23.9,0.43458712100982666
hsa-miR-182-5p,CARD8,0,15.0,0.14329013228416443
hsa-miR-182-5p,VCAN,0,24.2,0.15273448824882507
hsa-miR-182-5p,CD209,0,,0.09697923809289932
hsa-miR-182-5p,B3GNT6,0,,0.16677673161029816
hsa-miR-182-5p,SPCS1,0,,0.1897648274898529
hsa-miR-182-5p,GMEB1,0,,0.06555476039648056
hsa-miR-182-5p,TOMM20,0,,0.3737996220588684
hsa-miR-182-5p,FGF9,1,,0.3373880982398987
hsa-miR-182-5p,MORC3,0,,0.14092789590358734
hsa-miR-182-5p,NFX1,0,27.4,0.3857269883155823
hsa-miR-182-5p,TMEM127,0,,0.04475558549165726
hsa-miR-182-5p,SBDS,0,23.9,0.3099655508995056
hsa-miR-182-5p,NUP188,0,23.2,0.08572429418563843
hsa-miR-182-5p,ALKBH5,0,22.1,0.06743606925010681
hsa-miR-185-5p,TM9SF3,0,,0.1756756752729416
hsa-miR-185-5p,COMMD6,0,27.6,0.16891923546791077
hsa-miR-185-5p,FAM104A,0,,0.1570606529712677
hsa-miR-185-5p,TP53TG3C,0,29.3,0.21590524911880493
hsa-miR-185-5p,CACTIN,0,27.4,0.04593316465616226
hsa-miR-185-5p,RNF103-CHMP3,0,,0.19501744210720062
hsa-miR-185-5p,CDC42,1,28.1,0.29560115933418274
hsa-miR-185-5p,PLXDC2,0,,0.04161720722913742
hsa-miR-185-5p,STAT5A,0,24.5,0.11858762800693512
hsa-miR-185-5p,P2RX7,0,,0.07094314694404602
hsa-miR-185-5p,EIF2B3,0,25.0,0.11555621773004532
hsa-miR-185-5p,IL8,0,25.2,0.2505316436290741
hsa-miR-185-5p,RHOA,1,27.0,0.38770562410354614
hsa-miR-185-5p,LRRC32,0,26.8,0.4162558615207672
hsa-miR-185-5p,ADAM7,0,27.0,0.43194353580474854
hsa-miR-185-5p,DCAF4L2,0,,0.23300273716449738
hsa-miR-185-5p,ENPEP,0,,0.15563586354255676
hsa-miR-185-5p,CAMK4,1,,0.15266256034374237
hsa-miR-185-5p,ZNF609,0,,0.1061549037694931
hsa-miR-185-5p,GLI2,0,30.8,0.08313509821891785
hsa-miR-185-5p,CADPS2,0,23.3,0.18823421001434326
hsa-miR-185-5p,EIF5B,0,23.7,0.18699586391448975
hsa-miR-185-5p,ASPH,0,23.0,0.22039206326007843
hsa-miR-185-5p,TCEAL4,0,,0.06863608211278915
hsa-miR-185-5p,IGF1R,1,,0.10387290269136429
hsa-miR-185-5p,ELK1,0,21.0,0.17741695046424866
hsa-miR-185-5p,EPAS1,1,,0.1937505602836609
hsa-miR-185-5p,CCR2,0,26.6,0.23908641934394836
hsa-miR-185-5p,EPHB2,1,28.5,0.2643722891807556
hsa-miR-185-5p,RTKN2,0,24.8,0.14787451922893524
hsa-miR-185-5p,TMCC1,0,,0.08466730266809464
hsa-miR-185-5p,BEND6,0,24.7,0.27134308218955994
hsa-miR-185-5p,MYO7A,0,24.2,0.25869953632354736
hsa-miR-185-5p,SIX1,1,,0.3362293839454651
hsa-miR-185-5p,UBE2QL1,0,,0.21154636144638062
hsa-miR-185-5p,NR2C1,0,27.5,0.16538019478321075
hsa-miR-185-5p,LRPAP1,0,,0.05053664371371269
hsa-miR-185-5p,BDKRB1,0,23.8,0.15699878334999084
hsa-miR-185-5p,KLF7,0,,0.18936896324157715
hsa-miR-185-5p,KRTAP5-10,0,29.3,0.10813308507204056
hsa-miR-185-5p,DIS3,0,,0.3223869204521179
hsa-miR-185-5p,SIPA1L1,0,,0.3234797716140747
hsa-miR-185-5p,FAM83A,0,26.4,0.13415011763572693
hsa-miR-185-5p,MYH10,0,26.9,0.1196751669049263
hsa-miR-185-5p,ZNF697,0,,0.11784876137971878
hsa-miR-185-5p,GNG11,0,,0.09847479313611984
hsa-miR-185-5p,C8orf46,0,25.1,0.15427343547344208
hsa-miR-185-5p,DNMT1,1,18.6,0.447517991065979
hsa-miR-185-5p,ITGAM,0,32.8,0.27681124210357666
hsa-miR-185-5p,GNL1,0,,0.11330528557300568
hsa-miR-185-5p,NINJ1,0,,0.0727667436003685
hsa-miR-185-5p,RPH3AL,0,,0.07806819677352905
hsa-miR-185-5p,VEZF1,0,,0.1938479095697403
hsa-miR-185-5p,S1PR1,0,,0.1820363998413086
hsa-miR-185-5p,TOX3,0,,0.39272648096084595
hsa-miR-185-5p,GLG1,0,,0.08483199775218964
hsa-miR-185-5p,CCBL1,0,27.5,0.2597881555557251
hsa-miR-185-5p,ASTN2,0,28.3,0.30173635482788086
hsa-miR-185-5p,NTRK3,1,29.1,0.1853071004152298
hsa-miR-185-5p,WDYHV1,0,27.5,0.34751489758491516
hsa-miR-185-5p,GATAD1,0,,0.24538807570934296
hsa-miR-185-5p,ADCY2,0,,0.15199299156665802
hsa-miR-185-5p,HNRNPUL2,0,,0.11125128716230392
hsa-miR-185-5p,AR,1,30.3,0.23013781011104584
hsa-miR-185-5p,LCN2,0,31.1,0.14894096553325653
hsa-miR-185-5p,ABCA3,0,27.1,0.43989846110343933
hsa-miR-185-5p,TSR1,0,23.4,0.3194250464439392
hsa-miR-185-5p,NFATC3,1,27.4,0.2223486304283142
hsa-miR-185-5p,SCARB1,1,29.8,0.2715034484863281
hsa-miR-185-5p,DUSP4,1,,0.08535324782133102
hsa-miR-185-5p,TAF5L,0,26.4,0.2783549726009369
hsa-miR-185-5p,MIIP,0,24.7,0.12209953367710114
hsa-miR-185-5p,ST20-MTHFS,0,25.4,0.23857784271240234
hsa-miR-185-5p,RABL5,0,,0.24364973604679108
hsa-miR-192-5p,TWIST1,0,,0.1267959475517273
hsa-miR-192-5p,CASP12,0,17.5,0.4148307740688324
hsa-miR-192-5p,ARSB,0,21.2,0.12330161035060883
hsa-miR-192-5p,RB1,1,23.3,0.3378865122795105
hsa-miR-192-5p,DLG5,1,24.4,0.2787214517593384
hsa-miR-192-5p,ELF1,0,,0.1689828783273697
hsa-miR-192-5p,WDR31,0,,0.08663720637559891
hsa-miR-192-5p,RALA,0,20.7,0.18206286430358887
hsa-miR-192-5p,AL354993.1,0,19.4,0.41119128465652466
hsa-miR-192-5p,CAV1,1,19.5,0.11973480135202408
hsa-miR-192-5p,MCM10,1,,0.17532804608345032
hsa-miR-192-5p,ZNF354B,0,,0.11759726703166962
hsa-miR-192-5p,GSTA2,0,14.8,0.253922700881958
hsa-miR-192-5p,ATRX,0,17.8,0.2016744613647461
hsa-miR-192-5p,FRMD5,0,,0.19455522298812866
hsa-miR-192-5p,SCN3B,0,,0.050888463854789734
hsa-miR-192-5p,MIS12,1,19.8,0.19421681761741638
hsa-miR-192-5p,ZNF536,0,21.3,0.2340267300605774
hsa-miR-192-5p,ARMC3,0,21.0,0.2142179012298584
hsa-miR-192-5p,MAD2L1,1,,0.09589408338069916
hsa-miR-192-5p,MYC,0,22.5,0.1584685742855072
hsa-miR-192-5p,EIF3M,0,,0.16746848821640015
hsa-miR-192-5p,METTL12,0,18.0,0.13543102145195007
hsa-miR-192-5p,SOCS6,0,,0.22264766693115234
hsa-miR-192-5p,INTS8,0,17.6,0.5435076951980591
hsa-miR-192-5p,ACTBL2,0,20.2,0.16915053129196167
hsa-miR-192-5p,RPL24,0,21.3,0.071715347468853
hsa-miR-192-5p,AZI2,0,14.1,0.10722316056489944
hsa-miR-192-5p,SLC12A6,0,,0.186384379863739
hsa-miR-192-5p,CALN1,0,,0.07117055356502533
hsa-miR-192-5p,DTL,1,,0.13715168833732605
hsa-miR-192-5p,DIAPH2,0,17.4,0.11485256254673004
hsa-miR-192-5p,EVI5,0,,0.19119712710380554
hsa-miR-192-5p,ZNF134,0,5.9,0.12529706954956055
hsa-miR-192-5p,ACVR2B,1,,0.11383350193500519
hsa-miR-192-5p,ERCC3,1,30.3,0.29104411602020264
hsa-miR-192-5p,LEFTY2,0,20.9,0.1802775263786316
hsa-miR-192-5p,HOXA10,1,21.2,0.09554341435432434
hsa-miR-192-5p,LDOC1L,0,,0.07745759189128876
hsa-miR-192-5p,KIF20B,1,24.7,0.22173479199409485
hsa-miR-192-5p,WNK1,1,16.0,0.17388157546520233
hsa-miR-192-5p,DICER1,1,,0.2375170737504959
hsa-miR-192-5p,PIM1,1,22.4,0.19891706109046936
hsa-miR-192-5p,RACGAP1,1,25.5,0.2145337462425232
hsa-miR-192-5p,ZNF124,0,24.4,0.10797905921936035
hsa-miR-192-5p,TM2D1,0,16.1,0.2464439421892166
hsa-miR-192-5p,CUL5,1,,0.12039665877819061
hsa-miR-192-5p,TBC1D13,0,,0.08109898120164871
hsa-miR-192-5p,GPR65,0,,0.07509028911590576
hsa-miR-192-5p,ABCD2,0,,0.16479219496250153
hsa-miR-192-5p,NRIP1,0,,0.08551472425460815
hsa-miR-192-5p,TMED5,0,11.2,0.09948340058326721
hsa-miR-192-5p,GRAP2,0,,0.16196608543395996
hsa-miR-192-5p,SNX27,0,,0.17183205485343933
hsa-miR-192-5p,ERCC4,1,26.1,0.19516734778881073
hsa-miR-192-5p,AMIGO1,0,,0.11106221377849579
hsa-miR-192-5p,AHR,0,,0.06994543224573135
hsa-miR-192-5p,CDC7,1,,0.23408086597919464
hsa-miR-192-5p,ALCAM,1,,0.25190460681915283
hsa-miR-192-5p,TNRC6C,0,,0.05954229086637497
hsa-miR-194-5p,BMP2,0,,0.13158702850341797
hsa-miR-194-5p,PTPN13,1,23.0,0.19408023357391357
hsa-miR-194-5p,GRP,0,18.8,0.29635947942733765
hsa-miR-194-5p,SSH2,0,21.5,0.2258777767419815
hsa-miR-194-5p,APOLD1,0,,0.13242505490779877
hsa-miR-194-5p,CNPY1,0,21.6,0.2749544382095337
hsa-miR-194-5p,C17orf85,0,,0.1038481667637825
hsa-miR-194-5p,ACVR2B,1,,0.21882274746894836
hsa-miR-194-5p,MCL1,0,,0.15890976786613464
hsa-miR-194-5p,KIAA0087,0,,0.14541861414909363
hsa-miR-194-5p,RBFA,0,,0.14756625890731812
hsa-miR-194-5p,TMEM108,0,23.9,0.3751441240310669
hsa-miR-194-5p,IGF1R,1,,0.13418754935264587
hsa-miR-194-5p,MAP4K5,0,20.0,0.24266231060028076
hsa-miR-194-5p,BMI1,1,,0.23690150678157806
hsa-miR-194-5p,SOCS2,1,20.4,0.23512715101242065
hsa-miR-194-5p,MRP63,0,23.9,0.2585947513580322
hsa-miR-194-5p,CDH2,1,,0.2186761200428009
hsa-miR-194-5p,GPC4,0,,0.22538113594055176
hsa-miR-194-5p,CDKN1B,1,22.1,0.22865892946720123
hsa-miR-194-5p,DNMT3A,1,29.4,0.1197068840265274
hsa-miR-194-5p,CPOX,0,,0.1870914101600647
hsa-miR-194-5p,PAK2,0,,0.1860499083995819
hsa-miR-194-5p,ITGA9,1,18.2,0.2170127034187317
hsa-miR-194-5p,SLITRK3,0,,0.15304070711135864
hsa-miR-194-5p,OPHN1,0,,0.11087461560964584
hsa-miR-194-5p,BMP1,1,21.9,0.25942009687423706
hsa-miR-194-5p,ARHGEF28,0,22.1,0.322198748588562
hsa-miR-194-5p,RAC1,1,22.9,0.21864639222621918
hsa-miR-194-5p,SOX5,1,13.5,0.23172710835933685
hsa-miR-194-5p,SLC16A1,0,24.9,0.25449711084365845
hsa-miR-194-5p,PTPN12,1,19.5,0.43761104345321655
hsa-miR-194-5p,ZBTB37,0,24.5,0.10556033998727798
hsa-miR-194-5p,RAF1,0,22.2,0.14880788326263428
hsa-miR-194-5p,C14orf2,0,23.8,0.12769287824630737
hsa-miR-194-5p,ANKRD45,0,,0.164528489112854
hsa-miR-194-5p,DYRK4,0,22.2,0.15227589011192322
hsa-miR-194-5p,LRP10,0,,0.1822657287120819
hsa-miR-194-5p,RBM5,0,23.5,0.16513735055923462
hsa-miR-194-5p,PRKG2,0,,0.1632678061723709
hsa-miR-194-5p,RBX1,1,22.9,0.2485823929309845
hsa-miR-194-5p,PHLPP1,0,25.1,0.2881876826286316
hsa-miR-194-5p,USP31,0,,0.09869014471769333
hsa-miR-194-5p,HBEGF,1,21.2,0.45166417956352234
hsa-miR-195-5p,FAM115C,0,17.8,0.21931423246860504
hsa-miR-195-5p,CDK6,1,,0.06816823035478592
hsa-miR-195-5p,CCND1,1,18.7,0.35942432284355164
hsa-miR-195-5p,PAFAH2,0,,0.24264393746852875
hsa-miR-195-5p,CCNE1,1,24.1,0.6603483557701111
hsa-miR-195-5p,RAP1GAP2,0,,0.12078322470188141
hsa-miR-195-5p,SSH3,0,,0.24930435419082642
hsa-miR-195-5p,BCL2L2,1,,0.23269391059875488
hsa-miR-195-5p,RTN3,0,24.1,0.28844982385635376
hsa-miR-195-5p,ANKFN1,0,20.7,0.3061257600784302
hsa-miR-195-5p,ANKRD17,0,,0.22637107968330383
hsa-miR-195-5p,MPC1,0,20.5,0.24013599753379822
hsa-miR-195-5p,DIAPH1,0,25.5,0.18967877328395844
hsa-miR-195-5p,TNK2,0,19.2,0.20811700820922852
hsa-miR-195-5p,CD276,0,21.2,0.17169083654880524
hsa-miR-195-5p,FASN,1,,0.31263309717178345
hsa-miR-195-5p,KLHL30,0,,0.11862310022115707
hsa-miR-195-5p,ZSCAN32,0,23.9,0.4921707212924957
hsa-miR-195-5p,ADAM11,0,,0.1740771234035492
hsa-miR-195-5p,MYB,1,22.7,0.5066766738891602
hsa-miR-195-5p,HS3ST3A1,0,,0.09145932644605637
hsa-miR-195-5p,ACSBG1,0,,0.2611756920814514
hsa-miR-195-5p,KLHL14,0,20.7,0.23185187578201294
hsa-miR-195-5p,KCNAB2,0,20.2,0.12714435160160065
hsa-miR-195-5p,ZBTB7A,0,,0.10795024782419205
hsa-miR-195-5p,KIAA1462,0,,0.17877832055091858
hsa-miR-195-5p,LRIG1,0,18.7,0.27405843138694763
hsa-miR-195-5p,RUNX2,1,,0.2537997364997864
hsa-miR-195-5p,CCND3,1,21.3,0.252902090549469
hsa-miR-195-5p,PLCE1,0,,0.25955596566200256
hsa-miR-195-5p,KPNA6,0,,0.190324068069458
hsa-miR-195-5p,ZBTB44,0,21.2,0.47701218724250793
hsa-miR-195-5p,RAF1,1,21.1,0.3626456558704376
hsa-miR-195-5p,SURF6,0,,0.21565622091293335
hsa-miR-195-5p,BIRC5,1,25.2,0.09073761850595474
hsa-miR-195-5p,EBF2,0,,0.21260692179203033
hsa-miR-195-5p,ATG14,1,,0.323036253452301
hsa-miR-195-5p,ABRACL,0,16.3,0.2608114182949066
hsa-miR-195-5p,COPS2,0,,0.26889628171920776
hsa-miR-195-5p,HMGN3,0,,0.38386616110801697
hsa-miR-195-5p,PFKFB2,0,,0.20350277423858643
hsa-miR-195-5p,TMEM185B,0,,0.18635748326778412
hsa-miR-195-5p,LRRC15,0,,0.22145764529705048
hsa-miR-195-5p,FGF1,0,,0.2259131520986557
hsa-miR-195-5p,KCNK5,0,,0.15820953249931335
hsa-miR-195-5p,CDC42,1,24.8,0.34301242232322693
hsa-miR-195-5p,TAB3,1,17.8,0.34689611196517944
hsa-miR-195-5p,CCDC9,0,,0.1575959473848343
hsa-miR-195-5p,EIF2S3L,0,20.3,0.418650358915329
hsa-miR-195-5p,LYPLA2,0,21.7,0.13289262354373932
hsa-miR-195-5p,E2F3,1,,0.28071025013923645
hsa-miR-195-5p,EXOSC10,0,22.8,0.41215071082115173
hsa-miR-195-5p,WEE1,1,,0.4939783215522766
hsa-miR-195-5p,NPY4R,0,,0.05215536803007126
hsa-miR-195-5p,SCOC,0,,0.3632442355155945
hsa-miR-195-5p,FAM129B,0,25.7,0.10604525357484818
hsa-miR-195-5p,FBXO10,0,22.3,0.16207867860794067
hsa-miR-195-5p,CATSPER2,0,24.2,0.1701943725347519
hsa-miR-195-5p,MOCS1,0,,0.3083370327949524
hsa-miR-195-5p,PPP1R1A,0,24.4,0.1402365118265152
hsa-miR-195-5p,SVEP1,0,20.8,0.33138853311538696
hsa-miR-195-5p,VEGFA,1,26.8,0.4191683828830719
hsa-miR-195-5p,CDKN2AIP,0,24.3,0.24357087910175323
hsa-miR-195-5p,PCSK2,0,,0.1576911062002182
hsa-miR-195-5p,PIK3R3,0,,0.2456664890050888
hsa-miR-195-5p,CABLES2,0,,0.19413326680660248
hsa-miR-195-5p,CHUK,1,21.9,0.34494179487228394
hsa-miR-195-5p,WNT7A,1,,0.4344227910041809
hsa-miR-195-5p,ARL2,1,22.4,0.44495612382888794
hsa-miR-195-5p,SPRYD3,0,26.2,0.22473178803920746
hsa-miR-195-5p,DNM3,0,17.2,0.23703087866306305
hsa-miR-195-5p,CCR4,0,,0.1661975085735321
hsa-miR-195-5p,BTRC,1,,0.33057236671447754
hsa-miR-195-5p,TOMM6,0,21.6,0.23193316161632538
hsa-miR-195-5p,DRAM1,0,,0.3876066505908966
hsa-miR-195-5p,AMMECR1,0,,0.17889028787612915
hsa-miR-195-5p,TBCCD1,1,19.5,0.36571794748306274
hsa-miR-195-5p,SFT2D2,0,,0.22112929821014404
hsa-miR-195-5p,ZNF488,0,,0.20731481909751892
hsa-miR-195-5p,BCL2,1,,0.25085532665252686
hsa-miR-195-5p,TDRD6,0,,0.2880687713623047
hsa-miR-195-5p,SLC45A3,0,28.6,0.1356898546218872
hsa-miR-195-5p,ANKRD9,0,,0.20004209876060486
hsa-miR-195-5p,SATB2,0,,0.1634315550327301
hsa-miR-195-5p,EFCAB4A,0,24.1,0.14929579198360443
hsa-miR-195-5p,SRXN1,0,,0.09563857316970825
hsa-miR-195-5p,SRSF7,0,,0.19007515907287598
hsa-miR-195-5p,MAP3K7CL,0,24.6,0.21245333552360535
hsa-miR-195-5p,SLC2A3,1,,0.408348947763443
hsa-miR-195-5p,CDC25A,1,21.6,0.19480237364768982
hsa-miR-195-5p,GPR63,0,,0.34688499569892883
hsa-miR-195-5p,PABPC4L,0,,0.24340522289276123
hsa-miR-195-5p,CDK4,1,19.6,0.18991127610206604
hsa-miR-195-5p,MBD1,1,23.7,0.2654237747192383
hsa-miR-195-5p,RFT1,0,,0.22571687400341034
hsa-miR-196a-5p,MRPL39,0,23.6,0.49320101737976074
hsa-miR-196a-5p,AURKB,0,24.6,0.21013134717941284
hsa-miR-196a-5p,ANXA1,1,24.4,0.30732816457748413
hsa-miR-196a-5p,FAM177A1,0,,0.218497171998024
hsa-miR-196a-5p,HOXC8,1,,0.5537908673286438
hsa-miR-196a-5p,KRT5,1,27.1,0.46506935358047485
hsa-miR-196a-5p,SIKE1,0,,0.15481224656105042
hsa-miR-196a-5p,HMGA1,1,26.6,0.3566328287124634
hsa-miR-196a-5p,SUGT1,0,,0.19684074819087982
hsa-miR-196a-5p,VEZT,0,,0.30667656660079956
hsa-miR-196a-5p,HABP4,0,27.8,0.3027159571647644
hsa-miR-196a-5p,DUSP11,0,21.9,0.3082091808319092
hsa-miR-196a-5p,RDX,1,23.9,0.21136662364006042
hsa-miR-196a-5p,ANKRD49,0,20.0,0.2571590542793274
hsa-miR-196a-5p,RP11-47I22.3,0,23.8,0.37356454133987427
hsa-miR-196a-5p,HOXA7,1,24.5,0.47264406085014343
hsa-miR-196a-5p,HOXA5,1,20.9,0.6299267411231995
hsa-miR-196a-5p,CDKN1B,1,22.2,0.3392254114151001
hsa-miR-196a-5p,BACH1,1,,0.3034447431564331
hsa-miR-196a-5p,FOXO1,1,,0.23548384010791779
hsa-miR-196a-5p,FBXO21,0,,0.2914789915084839
hsa-miR-196a-5p,TBC1D12,0,,0.2667648494243622
hsa-miR-196a-5p,HMGA2,1,21.5,0.3169519901275635
hsa-miR-196a-5p,HOXB7,1,24.0,0.660956859588623
hsa-miR-196a-5p,ANXA5,0,20.6,0.28963014483451843
hsa-miR-196a-5p,ANGPTL2,0,22.2,0.15702420473098755
hsa-miR-196a-5p,FGA,0,19.7,0.3135067820549011
hsa-miR-196a-5p,NEK3,0,,0.32101351022720337
hsa-miR-196a-5p,CADM2,0,,0.25067269802093506
hsa-miR-196a-5p,MAP2K6,0,,0.20802347362041473
hsa-miR-199a-5p,LIN7A,1,,0.26850032806396484
hsa-miR-199a-5p,PDE5A,0,,0.1524646133184433
hsa-miR-199a-5p,RND1,1,28.0,0.5314736366271973
hsa-miR-199a-5p,NSMF,0,29.5,0.14751306176185608
hsa-miR-199a-5p,IKBKB,1,26.2,0.17609170079231262
hsa-miR-199a-5p,RB1,0,24.8,0.18528065085411072
hsa-miR-199a-5p,ALPK2,0,22.1,0.24194857478141785
hsa-miR-199a-5p,HGFAC,0,,0.28458380699157715
hsa-miR-199a-5p,CLVS1,0,,0.16840700805187225
hsa-miR-199a-5p,CTSC,1,18.2,0.06171520799398422
hsa-miR-199a-5p,ZNF514,0,,0.22155413031578064
hsa-miR-199a-5p,TRMU,0,26.3,0.07816260308027267
hsa-miR-199a-5p,MRPL22,0,,0.39520522952079773
hsa-miR-199a-5p,HIF1A,1,,0.2415127009153366
hsa-miR-199a-5p,CAV1,1,25.7,0.21493086218833923
hsa-miR-199a-5p,NBL1,0,27.4,0.16048425436019897
hsa-miR-199a-5p,ZDBF2,0,,0.11816393584012985
hsa-miR-199a-5p,SMIM15,0,,0.14182227849960327
hsa-miR-199a-5p,MYOZ3,0,11.3,0.15998630225658417
hsa-miR-199a-5p,BECN1,1,25.1,0.3206767439842224
hsa-miR-199a-5p,PTPRE,0,26.0,0.3113919198513031
hsa-miR-199a-5p,ATP1B3,0,25.5,0.26161080598831177
hsa-miR-199a-5p,ATP8B2,0,25.8,0.0635097399353981
hsa-miR-199a-5p,SPA17,0,,0.27420106530189514
hsa-miR-199a-5p,HSPA5,1,29.1,0.2555614709854126
hsa-miR-199a-5p,NRBP2,0,,0.1329883635044098
hsa-miR-199a-5p,CABYR,0,28.5,0.2261553555727005
hsa-miR-199a-5p,CADPS,0,29.1,0.19084201753139496
hsa-miR-199a-5p,ARHGAP12,1,,0.5674902200698853
hsa-miR-199a-5p,LIF,1,,0.13044804334640503
hsa-miR-199a-5p,IL13,0,32.0,0.24319769442081451
hsa-miR-199a-5p,KL,1,31.5,0.4566023051738739
hsa-miR-199a-5p,SIRT1,1,21.7,0.2501656413078308
hsa-miR-199a-5p,PCDH12,0,28.6,0.13320040702819824
hsa-miR-199a-5p,HDLBP,0,,0.44165971875190735
hsa-miR-199a-5p,BEST3,0,27.1,0.13918450474739075
hsa-miR-199a-5p,C9orf41,0,21.8,0.23736147582530975
hsa-miR-199a-5p,PCNX,0,,0.3945305645465851
hsa-miR-199a-5p,GPKOW,0,,0.13131548464298248
hsa-miR-199a-5p,PTPRG,0,,0.1935148686170578
hsa-miR-199a-5p,NOM1,0,,0.21049267053604126
hsa-miR-199a-5p,EMX1,0,,0.1212204322218895
hsa-miR-199a-5p,CD274,0,,0.27434736490249634
hsa-miR-199a-5p,SDK1,0,,0.12473859637975693
hsa-miR-199a-5p,ESRRB,0,27.0,0.15845367312431335
hsa-miR-199a-5p,USP29,0,24.1,0.3163028657436371
hsa-miR-199a-5p,KLF13,0,,0.053968071937561035
hsa-miR-199a-5p,NABP1,0,,0.1069551557302475
hsa-miR-199a-5p,FSTL4,0,,0.19759364426136017
hsa-miR-199a-5p,ZFP3,0,,0.0732012689113617
hsa-miR-199a-5p,GOLGA8M,0,23.5,0.1474229097366333
hsa-miR-199a-5p,NAA35,0,24.7,0.08706715703010559
hsa-miR-199a-5p,HAUS5,0,,0.24838724732398987
hsa-miR-199a-5p,RP11-343C2.12,0,,0.07774806767702103
hsa-miR-199a-5p,CALCOCO2,0,,0.08136916160583496
hsa-miR-199a-5p,RP11-834C11.12,0,34.1,0.14762264490127563
hsa-miR-199a-5p,IKZF1,0,29.2,0.09087589383125305
hsa-miR-199a-5p,ETV7,0,22.2,0.0869426503777504
hsa-miR-199a-5p,GPR78,1,,0.05867346376180649
hsa-miR-199a-5p,MAP3K11,1,27.4,0.4616341292858124
hsa-miR-199a-5p,TMEM63B,0,28.6,0.49257558584213257
hsa-miR-199a-5p,DRAM1,1,,0.24289797246456146
hsa-miR-199a-5p,POU2F1,0,24.3,0.13895443081855774
hsa-miR-199a-5p,DDR1,1,28.7,0.33725738525390625
hsa-miR-199a-5p,SLC22A16,0,27.5,0.3371373414993286
hsa-miR-199a-5p,FAM203B,0,27.8,0.11211059987545013
hsa-miR-199a-5p,CLDN18,0,,0.08999897539615631
hsa-miR-199a-5p,ERN1,1,,0.2035912424325943
hsa-miR-199a-5p,AC010327.2,0,,0.1831837147474289
hsa-miR-199a-5p,ATF6,1,,0.21533557772636414
hsa-miR-199a-5p,SMG6,0,28.1,0.09744544327259064
hsa-miR-199a-5p,RBM28,0,,0.006907552480697632
hsa-miR-199a-5p,CDH1,1,,0.2305344194173813
hsa-miR-199a-5p,DDX55,0,25.8,0.12238521873950958
hsa-miR-199a-5p,ADCYAP1R1,0,,0.11239579319953918
hsa-miR-199a-5p,MGAT4C,0,12.6,0.15531989932060242
hsa-miR-199a-5p,ZFC3H1,0,20.2,0.31981396675109863
hsa-miR-199a-5p,CDC7,0,,0.1662856638431549
hsa-miR-199a-5p,C21orf59,0,24.9,0.11513973772525787
hsa-miR-199a-5p,PTPMT1,0,23.9,0.21684953570365906
hsa-miR-199a-5p,ACSS1,0,31.0,0.2469967156648636
hsa-miR-199a-5p,HEATR3,0,27.4,0.24393609166145325
hsa-miR-199a-5p,UNG,1,21.3,0.48567795753479004
hsa-miR-19a-3p,PSAP,1,20.2,0.2660444676876068
hsa-miR-19a-3p,OTUD6A,0,22.8,0.05427868664264679
hsa-miR-19a-3p,KNTC1,0,20.6,0.2829858064651489
hsa-miR-19a-3p,TFAP2B,0,,0.0895489752292633
hsa-miR-19a-3p,CCND1,1,18.3,0.3001156151294708
hsa-miR-19a-3p,RABIF,0,,0.07424412667751312
hsa-miR-19a-3p,SUV39H1,0,19.9,0.21867237985134125
hsa-miR-19a-3p,CD33,0,22.3,0.3263596296310425
hsa-miR-19a-3p,NPEPL1,1,17.5,0.27860742807388306
hsa-miR-19a-3p,FBLN1,0,20.8,0.2253188043832779
hsa-miR-19a-3p,NPAS3,0,16.9,0.2094484269618988
hsa-miR-19a-3p,RP11-382J12.1,0,,0.2993036210536957
hsa-miR-19a-3p,AC079612.1,0,,0.11786969006061554
hsa-miR-19a-3p,SMAD4,1,16.3,0.1815405786037445
hsa-miR-19a-3p,CCDC144A,0,17.9,0.2062259018421173
hsa-miR-19a-3p,FBXL3,0,,0.06970852613449097
hsa-miR-19a-3p,ZNF436,0,,0.18516182899475098
hsa-miR-19a-3p,RPS6KA6,0,,0.17693591117858887
hsa-miR-19a-3p,ADAMTSL3,0,,0.2420368641614914
hsa-miR-19a-3p,NEUROG1,0,18.7,0.2639912962913513
hsa-miR-19a-3p,BCL2L11,1,21.1,0.18066862225532532
hsa-miR-19a-3p,CCER1,0,21.5,0.20269954204559326
hsa-miR-19a-3p,BMPR2,1,,0.28449368476867676
hsa-miR-19a-3p,GTF3C4,0,19.8,0.07312449812889099
hsa-miR-19a-3p,HECTD3,0,,0.16378316283226013
hsa-miR-19a-3p,RSBN1,0,,0.13135448098182678
hsa-miR-19a-3p,ETV1,0,,0.19116225838661194
hsa-miR-19a-3p,HOXA5,1,22.3,0.16432231664657593
hsa-miR-19a-3p,TARSL2,0,27.0,0.2289682924747467
hsa-miR-19a-3p,EBF4,0,,0.0765790343284607
hsa-miR-19a-3p,INHBB,0,20.9,0.21940062940120697
hsa-miR-19a-3p,PER1,0,21.1,0.09532849490642548
hsa-miR-19a-3p,KAT2B,1,22.7,0.24754957854747772
hsa-miR-19a-3p,MYCN,1,20.8,0.4407176375389099
hsa-miR-19a-3p,KNSTRN,0,,0.0866420790553093
hsa-miR-19a-3p,TEDDM1,0,21.0,0.1387796252965927
hsa-miR-19a-3p,SUZ12,1,,0.23393531143665314
hsa-miR-19a-3p,SPRY1,0,,0.1259283721446991
hsa-miR-19a-3p,PPIG,0,15.3,0.12983711063861847
hsa-miR-19a-3p,MINK1,0,19.8,0.18508803844451904
hsa-miR-19a-3p,TNF,1,23.9,0.2864881157875061
hsa-miR-19a-3p,MPZL3,0,,0.27171269059181213
hsa-miR-19a-3p,AKAP13,0,,0.17854852974414825
hsa-miR-19a-3p,EIF4G2,0,20.1,0.2545420527458191
hsa-miR-19a-3p,VPS39,0,,0.16391253471374512
hsa-miR-19a-3p,ABCC9,0,21.9,0.3917655348777771
hsa-miR-19a-3p,RPS6KB1,0,,0.17321622371673584
hsa-miR-19a-3p,PHF12,0,21.5,0.4369719922542572
hsa-miR-19a-3p,ASH2L,0,,0.04753580689430237
hsa-miR-19a-3p,ITGB3,0,20.3,0.1848897784948349
hsa-miR-19a-3p,PTEN,1,,0.28702110052108765
hsa-miR-19a-3p,SLC6A19,0,,0.05799422413110733
hsa-miR-19a-3p,SYNCRIP,0,21.3,0.24851569533348083
hsa-miR-19a-3p,C16orf52,0,22.9,0.5537217855453491
hsa-miR-19a-3p,TGFBR2,1,,0.28256165981292725
hsa-miR-19a-3p,VPS4B,1,22.6,0.3775176405906677
hsa-miR-19a-3p,SCP2,0,19.6,0.14020708203315735
hsa-miR-19a-3p,LIFR,0,,0.11156106740236282
hsa-miR-19a-3p,FANK1,0,18.2,0.27446115016937256
hsa-miR-19a-3p,KIT,1,,0.15706759691238403
hsa-miR-19a-3p,RAB13,1,,0.29987162351608276
hsa-miR-19a-3p,MALSU1,0,,0.22528375685214996
hsa-miR-19a-3p,F13A1,0,22.5,0.19456720352172852
hsa-miR-19a-3p,KBTBD7,0,,0.2783997356891632
hsa-miR-19a-3p,C5orf30,0,,0.28547218441963196
hsa-miR-19a-3p,ESR1,1,,0.18366684019565582
hsa-miR-19a-3p,IMPDH1,1,22.4,0.2717720866203308
hsa-miR-19a-3p,IL26,0,20.1,0.6769695281982422
hsa-miR-19a-3p,RAB14,1,,0.27275508642196655
hsa-miR-19a-3p,CXCR1,0,20.3,0.12093818932771683
hsa-miR-19a-3p,MSMO1,1,18.9,0.24526970088481903
hsa-miR-19a-3p,RHOJ,0,,0.10500270873308182
hsa-miR-19a-3p,DDRGK1,0,20.0,0.22343650460243225
hsa-miR-19a-3p,GIPC3,0,,0.09942949563264847
hsa-miR-19a-3p,ATXN1,1,,0.19653654098510742
hsa-miR-19a-3p,CGNL1,0,,0.1750974953174591
hsa-miR-19a-3p,KIAA1614,0,,0.20192237198352814
hsa-miR-19a-3p,KRTAP19-3,0,21.4,0.4908350110054016
hsa-miR-19a-3p,PAK7,0,,0.27909016609191895
hsa-miR-19a-3p,MXD1,1,,0.1663878858089447
hsa-miR-19a-3p,ERBB4,1,,0.21429236233234406
hsa-miR-19a-3p,CTC-432M15.3,0,,0.11881716549396515
hsa-miR-19a-3p,SERPINH1,0,19.6,0.05753770470619202
hsa-miR-19a-3p,FP15737,0,20.8,0.13090470433235168
hsa-miR-19a-3p,MECP2,1,15.1,0.19850681722164154
hsa-miR-19a-3p,LGSN,0,,0.20938748121261597
hsa-miR-19a-3p,TANGO2,0,,0.13724100589752197
hsa-miR-19a-3p,SOCS1,1,18.8,0.4684782326221466
hsa-miR-19a-3p,ABCA1,1,19.1,0.23177459836006165
hsa-miR-19a-3p,ZBTB4,1,,0.17924311757087708
hsa-miR-19a-3p,ETS1,0,,0.13401100039482117
hsa-miR-19b-3p,CBR4,0,21.3,0.31401681900024414
hsa-miR-19b-3p,GAPVD1,0,23.7,0.2124500274658203
hsa-miR-19b-3p,MYLIP,1,21.7,0.37248751521110535
hsa-miR-19b-3p,THPO,0,21.9,0.1904880702495575
hsa-miR-19b-3p,MAPK10,0,,0.18832877278327942
hsa-miR-19b-3p,PTEN,1,,0.2846750319004059
hsa-miR-19b-3p,SCARA3,0,27.3,0.11217518150806427
hsa-miR-19b-3p,HIPK3,1,,0.28800898790359497
hsa-miR-19b-3p,CD33,0,22.0,0.3506903350353241
hsa-miR-19b-3p,EML5,0,,0.22604221105575562
hsa-miR-19b-3p,PPIL4,0,,0.09938819706439972
hsa-miR-19b-3p,GCM1,1,22.2,0.14656296372413635
hsa-miR-19b-3p,HIPK1,1,10.3,0.12082917988300323
hsa-miR-19b-3p,FAM49A,0,,0.19707858562469482
hsa-miR-19b-3p,HNRNPA0,0,,0.08084934949874878
hsa-miR-19b-3p,RNF182,0,,0.20481719076633453
hsa-miR-19b-3p,PTGFR,0,,0.298075795173645
hsa-miR-19b-3p,SLAMF8,0,,0.18694168329238892
hsa-miR-19b-3p,SULF1,0,,0.2664967477321625
hsa-miR-19b-3p,ADAMTSL3,0,,0.24561834335327148
hsa-miR-19b-3p,ESR1,1,,0.22832618653774261
hsa-miR-19b-3p,REEP1,0,,0.229935884475708
hsa-miR-19b-3p,ZNF208,0,21.5,0.21846941113471985
hsa-miR-19b-3p,BCL2L11,1,23.4,0.1953309178352356
hsa-miR-19b-3p,CBL,0,,0.09624812752008438
hsa-miR-19b-3p,BMPR2,1,,0.30148667097091675
hsa-miR-19b-3p,SLC6A3,0,22.8,0.1982368528842926
hsa-miR-19b-3p,ZNF354B,0,,0.13952891528606415
hsa-miR-19b-3p,FAM179B,0,19.8,0.317426860332489
hsa-miR-19b-3p,BACE1,1,,0.16737690567970276
hsa-miR-19b-3p,HTRA3,0,24.0,0.20774373412132263
hsa-miR-19b-3p,SLC35F1,0,,0.27204737067222595
hsa-miR-19b-3p,SLC17A4,0,21.6,0.308307021856308
hsa-miR-19b-3p,UFD1L,0,18.7,0.25200116634368896
hsa-miR-19b-3p,ATXN1,1,,0.1888054758310318
hsa-miR-19b-3p,PPP2R5E,1,,0.32228511571884155
hsa-miR-19b-3p,RNPEPL1,0,,0.14393901824951172
hsa-miR-19b-3p,ESRP2,0,24.2,0.255730539560318
hsa-miR-19b-3p,DSCAM,0,,0.26034656167030334
hsa-miR-19b-3p,PLS1,0,19.0,0.2792965769767761
hsa-miR-19b-3p,RYBP,0,,0.3839693069458008
hsa-miR-19b-3p,KAT2B,1,24.6,0.25722336769104004
hsa-miR-19b-3p,ABCC4,0,21.2,0.09697341918945312
hsa-miR-19b-3p,CA5B,0,,0.2806636691093445
hsa-miR-19b-3p,PRKAA1,1,20.4,0.3709248900413513
hsa-miR-19b-3p,MYCN,1,22.4,0.4801993668079376
hsa-miR-19b-3p,F8A2,0,20.9,0.2688308358192444
hsa-miR-19b-3p,MXD1,1,,0.18054117262363434
hsa-miR-19b-3p,CYP19A1,1,19.1,0.17289385199546814
hsa-miR-19b-3p,SYT15,0,17.5,0.26364433765411377
hsa-miR-19b-3p,RSBN1L,0,,0.27028828859329224
hsa-miR-19b-3p,MTF1,0,,0.17906664311885834
hsa-miR-19b-3p,ZNF28,0,18.0,0.27963727712631226
hsa-miR-19b-3p,KIAA2026,0,18.9,0.43809303641319275
hsa-miR-19b-3p,CELF4,0,15.9,0.21652129292488098
hsa-miR-19b-3p,SOCS1,1,18.6,0.4879647493362427
hsa-miR-19b-3p,KLHDC10,0,,0.09641264379024506
hsa-miR-19b-3p,IPMK,0,,0.299444317817688
hsa-miR-19b-3p,ARID4B,1,21.3,0.23136164247989655
hsa-miR-19b-3p,PCGF5,0,15.9,0.25171083211898804
hsa-miR-19b-3p,TMEM203,0,23.6,0.1628265082836151
hsa-miR-200a-3p,NUP155,0,,0.15413393080234528
hsa-miR-200a-3p,CDK6,1,,0.11999201774597168
hsa-miR-200a-3p,ZNF30,0,18.2,0.08333418518304825
hsa-miR-200a-3p,KHDRBS3,0,20.1,0.2421899139881134
hsa-miR-200a-3p,ZEB2,1,,0.21419396996498108
hsa-miR-200a-3p,PTPRD,1,16.2,0.3846488296985626
hsa-miR-200a-3p,ADAM22,0,21.5,0.17944054305553436
hsa-miR-200a-3p,ABCG8,0,,0.1348467320203781
hsa-miR-200a-3p,WBP1L,0,,0.08564893156290054
hsa-miR-200a-3p,BAP1,1,21.9,0.07193200290203094
hsa-miR-200a-3p,RPL23,0,21.9,0.15093767642974854
hsa-miR-200a-3p,TMEM194A,0,,0.10044276714324951
hsa-miR-200a-3p,CTNNB1,1,22.2,0.22282202541828156
hsa-miR-200a-3p,SLC35E1,0,,0.1598316729068756
hsa-miR-200a-3p,EXT1,0,,0.15980055928230286
hsa-miR-200a-3p,RALA,0,20.9,0.12516339123249054
hsa-miR-200a-3p,FAM181B,0,,0.22677260637283325
hsa-miR-200a-3p,GRIN2B,0,,0.0002186223864555359
hsa-miR-200a-3p,SNTB2,0,,0.06623682379722595
hsa-miR-200a-3p,SCML4,0,19.5,0.11118049919605255
hsa-miR-200a-3p,SMAD2,1,22.0,0.21214532852172852
hsa-miR-200a-3p,FABP1,0,22.1,0.08573642373085022
hsa-miR-200a-3p,MED26,0,24.7,0.06716941297054291
hsa-miR-200a-3p,KRT80,0,,0.09844349324703217
hsa-miR-200a-3p,CT47A12,0,24.4,0.3726855516433716
hsa-miR-200a-3p,REG4,0,23.1,0.018176987767219543
hsa-miR-200a-3p,LACC1,0,,0.299014151096344
hsa-miR-200a-3p,UBL4A,0,22.6,0.04696505889296532
hsa-miR-200a-3p,TMEM70,0,21.2,0.20119625329971313
hsa-miR-200a-3p,TMEM42,0,23.6,0.1352616846561432
hsa-miR-200a-3p,ZC3H8,0,,0.06994324177503586
hsa-miR-200a-3p,CD80,0,24.2,0.1586628258228302
hsa-miR-200a-3p,CTD-2368P22.1,0,,0.0250837504863739
hsa-miR-200a-3p,MED1,0,19.8,0.26862674951553345
hsa-miR-200a-3p,UBASH3B,1,,0.11218232661485672
hsa-miR-200a-3p,DLGAP3,0,,0.043088026344776154
hsa-miR-200a-3p,ZNF280D,0,20.7,0.13251540064811707
hsa-miR-200a-3p,KIAA0141,0,,0.07226511090993881
hsa-miR-200a-3p,JAGN1,0,21.5,0.32533228397369385
hsa-miR-200a-3p,CMTM6,0,,0.05734245106577873
hsa-miR-200a-3p,IL9R,0,21.5,0.055450439453125
hsa-miR-200a-3p,GDAP1,1,,0.2471192181110382
hsa-miR-200a-3p,RASSF2,1,,0.058090634644031525
hsa-miR-200a-3p,KLHL40,0,22.9,0.11766663193702698
hsa-miR-200a-3p,MSH2,0,,0.14294297993183136
hsa-miR-200a-3p,RIC3,0,21.3,0.037154898047447205
hsa-miR-200a-3p,CDRT1,0,20.4,0.4192831516265869
hsa-miR-200a-3p,MFAP3L,0,18.8,0.09823127835988998
hsa-miR-200a-3p,DUSP6,0,,0.23641075193881989
hsa-miR-200a-3p,FEM1C,0,,0.14599329233169556
hsa-miR-200a-3p,FBLIM1,0,22.3,0.19276678562164307
hsa-miR-200a-3p,DDX59,0,21.2,0.4089229702949524
hsa-miR-200a-3p,NANP,0,,0.1994144320487976
hsa-miR-200a-3p,GABARAPL2,0,17.8,0.22204740345478058
hsa-miR-200a-3p,CD274,0,,0.12129157036542892
hsa-miR-200a-3p,KHDRBS2,0,18.5,0.2636634409427643
hsa-miR-200a-3p,HOXC9,0,20.3,0.2042289674282074
hsa-miR-200a-3p,GPCPD1,0,,0.10069967061281204
hsa-miR-200a-3p,ARL8B,0,,0.06675230711698532
hsa-miR-200a-3p,CTNND2,0,22.7,0.2849040627479553
hsa-miR-200a-3p,ZNF423,0,,0.04389631748199463
hsa-miR-200a-3p,MAPK14,1,,0.05968499928712845
hsa-miR-200a-3p,OBFC1,0,,0.11836034059524536
hsa-miR-200a-3p,GABPB1,0,20.8,0.26814064383506775
hsa-miR-200a-3p,MRFAP1L1,0,20.1,0.21968740224838257
hsa-miR-200a-3p,RSL24D1,0,19.8,0.29346752166748047
hsa-miR-200a-3p,VAC14,1,23.2,0.04343435913324356
hsa-miR-200a-3p,SMYD3,0,20.9,0.13738009333610535
hsa-miR-200a-3p,AC004899.1,0,,0.27410054206848145
hsa-miR-200a-3p,SPRY3,0,,0.03667795658111572
hsa-miR-200a-3p,HIPK2,0,21.0,0.1270560324192047
hsa-miR-200a-3p,DICER1,0,,0.0902152732014656
hsa-miR-200a-3p,HMGN2,0,22.9,0.11645328253507614
hsa-miR-200a-3p,TP53,1,23.7,0.10031889379024506
hsa-miR-200a-3p,WARS,0,20.0,0.08817821741104126
hsa-miR-200a-3p,PRRC1,0,22.6,0.08761929720640182
hsa-miR-200a-3p,RSAD2,0,,0.3154410123825073
hsa-miR-200a-3p,RPL37A,0,18.6,0.15374797582626343
hsa-miR-200a-3p,CT47A7,0,24.4,0.3736511170864105
hsa-miR-200a-3p,CCNE2,1,24.1,0.2736157774925232
hsa-miR-200a-3p,ZEB1,1,,0.18182042241096497
hsa-miR-200a-3p,ADAM23,0,,0.20725376904010773
hsa-miR-200a-3p,RC3H1,0,,0.17259277403354645
hsa-miR-200a-3p,RYBP,0,,0.1413845270872116
hsa-miR-200a-3p,WASF3,1,,0.11983559280633926
hsa-miR-200a-3p,ZFPM2,1,22.6,0.22202715277671814
hsa-miR-200a-3p,TFAM,1,,0.1320812851190567
hsa-miR-200a-3p,IMMP2L,0,21.5,0.28129148483276367
hsa-miR-200a-3p,ATF7IP,0,20.0,0.07780729234218597
hsa-miR-200a-3p,USH2A,0,17.9,0.33295297622680664
hsa-miR-200a-3p,RRM1,0,,0.14681629836559296
hsa-miR-200a-3p,MED7,0,,0.1271829754114151
hsa-miR-200a-3p,HOXB5,1,20.1,0.1478118896484375
hsa-miR-200a-3p,CCDC6,0,,0.24007761478424072
hsa-miR-200a-3p,ACP6,0,,0.09884903579950333
hsa-miR-200a-3p,GREM1,0,,0.05372721329331398
hsa-miR-200a-3p,STARD6,0,20.0,0.3230631351470947
hsa-miR-200a-3p,KPNA3,0,,0.20335881412029266
hsa-miR-200a-3p,KLF11,1,,0.252074271440506
hsa-miR-200a-3p,POLH,0,23.4,0.06076519936323166
hsa-miR-200a-3p,KEAP1,1,21.9,0.24497516453266144
hsa-miR-200a-3p,DFFA,0,,0.04737703502178192
hsa-miR-200a-3p,CD209,0,,0.1109895333647728
hsa-miR-200a-3p,ARHGEF10,0,18.6,0.1470678299665451
hsa-miR-200a-3p,GMEB1,0,,0.05938684195280075
hsa-miR-200a-3p,SMS,0,21.1,0.08770159631967545
hsa-miR-200a-3p,WDR37,1,19.3,0.2353399693965912
hsa-miR-200a-3p,TMEM132B,0,,0.03787616640329361
hsa-miR-200a-3p,RAB9B,0,,0.13692516088485718
hsa-miR-200b-3p,HAUS2,0,19.8,0.12469882518053055
hsa-miR-200b-3p,NR3C1,0,24.2,0.2178187370300293
hsa-miR-200b-3p,ENOPH1,0,18.9,0.25478774309158325
hsa-miR-200b-3p,ESYT2,0,,0.1528453528881073
hsa-miR-200b-3p,BDKRB2,0,,0.09263206273317337
hsa-miR-200b-3p,FOXN2,0,,0.19083428382873535
hsa-miR-200b-3p,ZEB2,1,,0.25197672843933105
hsa-miR-200b-3p,SHC1,1,23.6,0.24372893571853638
hsa-miR-200b-3p,PTPRD,1,17.3,0.282982736825943
hsa-miR-200b-3p,MBD5,0,,0.14979445934295654
hsa-miR-200b-3p,FGF2,0,,0.050498440861701965
hsa-miR-200b-3p,LAMA4,0,19.4,0.1126042976975441
hsa-miR-200b-3p,BAP1,1,21.4,0.2667655944824219
hsa-miR-200b-3p,RAB21,1,,0.2828216552734375
hsa-miR-200b-3p,SMIM14,0,,0.06173175945878029
hsa-miR-200b-3p,NAV3,0,,0.11646437644958496
hsa-miR-200b-3p,SIKE1,0,,0.14879536628723145
hsa-miR-200b-3p,TRIM9,0,22.7,0.10325047373771667
hsa-miR-200b-3p,PRKD2,0,,0.1763700246810913
hsa-miR-200b-3p,EMC2,0,,0.19443973898887634
hsa-miR-200b-3p,PTBP1,0,23.6,0.048363231122493744
hsa-miR-200b-3p,SMAD7,0,22.8,0.060384877026081085
hsa-miR-200b-3p,RND3,1,27.2,0.1928192377090454
hsa-miR-200b-3p,NBN,0,,0.12353456020355225
hsa-miR-200b-3p,GRIN2B,0,,0.026581674814224243
hsa-miR-200b-3p,SOCS5,0,,0.17703327536582947
hsa-miR-200b-3p,CSNK1A1,0,20.5,0.07553219050168991
hsa-miR-200b-3p,FN1,1,20.0,0.24782279133796692
hsa-miR-200b-3p,PRDM1,0,,0.17148637771606445
hsa-miR-200b-3p,HNRNPLL,0,15.4,0.0812203660607338
hsa-miR-200b-3p,SMAD2,1,22.5,0.15505681931972504
hsa-miR-200b-3p,RAB3B,1,,0.09468995779752731
hsa-miR-200b-3p,WNT1,1,19.7,0.15957719087600708
hsa-miR-200b-3p,TMEM220,0,,0.17251521348953247
hsa-miR-200b-3p,XIAP,1,,0.18390366435050964
hsa-miR-200b-3p,SIK2,0,,0.17059774696826935
hsa-miR-200b-3p,KDR,1,21.5,0.24174459278583527
hsa-miR-200b-3p,KRT80,0,,0.09771576523780823
hsa-miR-200b-3p,KAT6A,0,23.4,0.20653699338436127
hsa-miR-200b-3p,SLC35F6,0,,0.12068101018667221
hsa-miR-200b-3p,SLK,0,,0.2444889098405838
hsa-miR-200b-3p,MYB,1,22.0,0.20133118331432343
hsa-miR-200b-3p,LINC00632,0,22.6,0.22889521718025208
hsa-miR-200b-3p,SDC2,0,,0.09668705612421036
hsa-miR-200b-3p,DNMT3A,1,19.4,0.2931782603263855
hsa-miR-200b-3p,STS,0,,0.130482017993927
hsa-miR-200b-3p,DDX46,0,,0.10704396665096283
hsa-miR-200b-3p,FREM1,0,,0.37366142868995667
hsa-miR-200b-3p,ZNF583,0,,0.19683681428432465
hsa-miR-200b-3p,DNMT3B,1,25.6,0.29058659076690674
hsa-miR-200b-3p,RBM8A,0,,0.14951930940151215
hsa-miR-200b-3p,TMEM65,0,,0.12715081870555878
hsa-miR-200b-3p,MAP4K3,0,23.1,0.23219303786754608
hsa-miR-200b-3p,SUZ12,1,,0.25767168402671814
hsa-miR-200b-3p,GSKIP,0,,0.21255499124526978
hsa-miR-200b-3p,CAMKMT,0,18.4,0.1903364062309265
hsa-miR-200b-3p,GPC5,0,,0.16612958908081055
hsa-miR-200b-3p,RBCK1,0,26.7,0.08450043201446533
hsa-miR-200b-3p,RAB23,1,,0.14325864613056183
hsa-miR-200b-3p,CCSAP,0,,0.12320147454738617
hsa-miR-200b-3p,WBP4,0,25.0,0.26013636589050293
hsa-miR-200b-3p,ACHE,0,19.3,0.1499142050743103
hsa-miR-200b-3p,KIAA1033,0,,0.14915697276592255
hsa-miR-200b-3p,RRP8,0,,0.21988597512245178
hsa-miR-200b-3p,TCP11L1,0,19.8,0.3132625222206116
hsa-miR-200b-3p,ERP44,0,,0.17621003091335297
hsa-miR-200b-3p,LRRC15,0,,0.15227380394935608
hsa-miR-200b-3p,GART,0,20.9,0.2095283567905426
hsa-miR-200b-3p,FGF23,0,,0.17728644609451294
hsa-miR-200b-3p,RALGPS1,0,24.3,0.13009904325008392
hsa-miR-200b-3p,RAB18,1,,0.16602304577827454
hsa-miR-200b-3p,RECK,0,21.1,0.33155322074890137
hsa-miR-200b-3p,E2F3,1,,0.18325921893119812
hsa-miR-200b-3p,CTC-534A2.2,0,16.3,0.6509767174720764
hsa-miR-200b-3p,PMPCB,0,20.8,0.37272775173187256
hsa-miR-200b-3p,YWHAG,0,,0.2976071238517761
hsa-miR-200b-3p,APLP2,0,19.8,0.1485683172941208
hsa-miR-200b-3p,FBXL2,0,,0.13316836953163147
hsa-miR-200b-3p,SESN3,0,17.9,0.20486415922641754
hsa-miR-200b-3p,MAGEA12,0,20.0,0.14274507761001587
hsa-miR-200b-3p,LRP1,0,23.7,0.20961418747901917
hsa-miR-200b-3p,SYNJ1,0,,0.3506154716014862
hsa-miR-200b-3p,FAM91A1,0,14.7,0.13082627952098846
hsa-miR-200b-3p,VEGFA,1,23.3,0.18668407201766968
hsa-miR-200b-3p,C22orf39,0,23.1,0.22299237549304962
hsa-miR-200b-3p,ZNF532,0,,0.2520344853401184
hsa-miR-200b-3p,UBIAD1,0,,0.07105374336242676
hsa-miR-200b-3p,NDUFB4,0,21.3,0.24886636435985565
hsa-miR-200b-3p,QRSL1,1,19.9,0.20850487053394318
hsa-miR-200b-3p,SLC10A2,0,,0.13783007860183716
hsa-miR-200b-3p,BMI1,1,,0.16289576888084412
hsa-miR-200b-3p,SLC38A2,0,,0.195942223072052
hsa-miR-200b-3p,HBS1L,0,15.4,0.2056347280740738
hsa-miR-200b-3p,CREB1,1,20.9,0.028204970061779022
hsa-miR-200b-3p,TEKT5,0,16.8,0.4477216899394989
hsa-miR-200b-3p,PROSER2,0,,0.10045059025287628
hsa-miR-200b-3p,ABHD3,0,18.3,0.2525132894515991
hsa-miR-200b-3p,CCNE2,1,19.4,0.29087403416633606
hsa-miR-200b-3p,SYNM,0,,0.1541089564561844
hsa-miR-200b-3p,ZEB1,1,,0.28866761922836304
hsa-miR-200b-3p,WASF3,1,,0.2108083963394165
hsa-miR-200b-3p,MATR3,1,,0.283871591091156
hsa-miR-200b-3p,NFATC2IP,0,,0.05386138707399368
hsa-miR-200b-3p,ZFPM2,1,23.5,0.19472700357437134
hsa-miR-200b-3p,SP1,1,,0.09671054035425186
hsa-miR-200b-3p,ELMO2,1,21.0,0.08716939389705658
hsa-miR-200b-3p,IMMP2L,0,21.5,0.5269425511360168
hsa-miR-200b-3p,BET1,0,20.6,0.18100562691688538
hsa-miR-200b-3p,WIPF3,0,21.4,0.22367647290229797
hsa-miR-200b-3p,MLTK,0,,0.1796487718820572
hsa-miR-200b-3p,BCL2,1,,0.03682861849665642
hsa-miR-200b-3p,C6orf223,0,,0.02777521312236786
hsa-miR-200b-3p,ZNF567,0,27.3,0.2839469909667969
hsa-miR-200b-3p,PAK7,0,,0.19539251923561096
hsa-miR-200b-3p,ZNF211,0,22.8,0.06862989813089371
hsa-miR-200b-3p,VPS33A,0,19.3,0.16350817680358887
hsa-miR-200b-3p,NMNAT2,0,,0.07947227358818054
hsa-miR-200b-3p,KLF11,1,,0.050814542919397354
hsa-miR-200b-3p,GPR180,0,,0.08009970933198929
hsa-miR-200b-3p,RNF2,1,,0.22035402059555054
hsa-miR-200b-3p,CHM,0,,0.2222873866558075
hsa-miR-200b-3p,HTR2A,0,,0.1149979680776596
hsa-miR-200b-3p,AHR,0,,0.1077655702829361
hsa-miR-200b-3p,ANKRD42,0,17.4,0.2072959989309311
hsa-miR-200b-3p,OXR1,1,21.1,0.19552239775657654
hsa-miR-200b-3p,ELOVL2,0,,0.1437261700630188
hsa-miR-200b-3p,NIPAL1,0,,0.17656487226486206
hsa-miR-200b-3p,FLT1,1,21.9,0.3017282485961914
hsa-miR-200b-3p,HOXD4,0,,0.21074584126472473
hsa-miR-200b-3p,ZNF397,0,21.9,0.14722372591495514
hsa-miR-200b-3p,WDR37,1,18.9,0.10409632325172424
hsa-miR-200b-3p,GINS4,0,22.1,0.20384615659713745
hsa-miR-200b-3p,HIVEP3,0,,0.06542450934648514
hsa-miR-200b-3p,DAZL,0,18.6,0.19868552684783936
hsa-miR-200b-3p,TUFT1,0,20.9,0.11557848751544952
hsa-miR-200b-3p,ETS1,1,,0.23062926530838013
hsa-miR-200b-3p,KLF3,0,22.9,0.07171528041362762
hsa-miR-200c-3p,USP25,1,23.3,0.16585169732570648
hsa-miR-200c-3p,PDE5A,0,,0.15716129541397095
hsa-miR-200c-3p,WDR91,0,,0.2035650908946991
hsa-miR-200c-3p,FAM129A,0,,0.27010729908943176
hsa-miR-200c-3p,TIPARP,0,22.0,0.10402975976467133
hsa-miR-200c-3p,PIN1,1,24.0,0.16300497949123383
hsa-miR-200c-3p,C12orf39,0,21.6,0.20573168992996216
hsa-miR-200c-3p,CCDC152,0,,0.17561760544776917
hsa-miR-200c-3p,PHKB,0,,0.08768343925476074
hsa-miR-200c-3p,GMFB,0,,0.14178341627120972
hsa-miR-200c-3p,RND3,1,26.1,0.19234304130077362
hsa-miR-200c-3p,GPR62,0,25.6,0.19690589606761932
hsa-miR-200c-3p,RAB31,0,,0.12120978534221649
hsa-miR-200c-3p,STK17B,0,,0.1657845675945282
hsa-miR-200c-3p,POLR1B,0,,0.16816654801368713
hsa-miR-200c-3p,FLT4,0,27.2,0.2687501907348633
hsa-miR-200c-3p,CCDC109B,0,22.6,0.437250018119812
hsa-miR-200c-3p,FN1,1,23.9,0.24629585444927216
hsa-miR-200c-3p,OGFRL1,0,,0.07416136562824249
hsa-miR-200c-3p,AC006455.1,0,24.6,0.2595413327217102
hsa-miR-200c-3p,MTMR10,0,26.7,0.13861925899982452
hsa-miR-200c-3p,DNMT3A,1,23.3,0.2835710048675537
hsa-miR-200c-3p,FBLN5,1,22.0,0.20627249777317047
hsa-miR-200c-3p,RALGPS2,0,,0.10978873074054718
hsa-miR-200c-3p,ICOSLG,0,12.8,0.002027451992034912
hsa-miR-200c-3p,GOLM1,0,,0.08681980520486832
hsa-miR-200c-3p,NFAT5,0,,0.07437241077423096
hsa-miR-200c-3p,LEPR,0,6.2,0.19159798324108124
hsa-miR-200c-3p,TOX,0,,0.12568750977516174
hsa-miR-200c-3p,C6orf120,0,,0.2242208570241928
hsa-miR-200c-3p,MYL12A,0,19.5,0.22250959277153015
hsa-miR-200c-3p,ST13,0,,0.14414048194885254
hsa-miR-200c-3p,ZNF841,0,,0.10058394074440002
hsa-miR-200c-3p,EDNRA,1,,0.16109320521354675
hsa-miR-200c-3p,FAM150B,0,24.0,0.1896871030330658
hsa-miR-200c-3p,COL6A6,0,,0.16667905449867249
hsa-miR-200c-3p,MRPS25,0,25.0,0.157830148935318
hsa-miR-200c-3p,ANKEF1,0,,0.19408592581748962
hsa-miR-200c-3p,ERRFI1,1,26.4,0.196681410074234
hsa-miR-200c-3p,VASH1,0,23.8,0.05762696638703346
hsa-miR-200c-3p,SETBP1,0,22.7,0.12908096611499786
hsa-miR-200c-3p,HELZ,0,,0.07948543131351471
hsa-miR-200c-3p,C4orf46,0,,0.24341505765914917
hsa-miR-200c-3p,ZNF404,0,,0.17076091468334198
hsa-miR-200c-3p,NCAM1,1,22.8,0.09161314368247986
hsa-miR-200c-3p,CTNND2,0,21.2,0.11150141060352325
hsa-miR-200c-3p,CLDN22,0,22.9,0.17362666130065918
hsa-miR-200c-3p,PIKFYVE,0,20.9,0.20718589425086975
hsa-miR-200c-3p,MAPK13,0,27.7,0.0992310643196106
hsa-miR-200c-3p,PCDH19,0,,0.19659288227558136
hsa-miR-200c-3p,TCEAL4,0,,0.2533095180988312
hsa-miR-200c-3p,ERP29,0,24.1,0.1995532214641571
hsa-miR-200c-3p,SLMO2,0,26.4,0.16953623294830322
hsa-miR-200c-3p,DCC,0,13.7,0.08101420104503632
hsa-miR-200c-3p,BMI1,1,,0.16432729363441467
hsa-miR-200c-3p,PRRC1,0,22.4,0.12107695639133453
hsa-miR-200c-3p,GOT1,0,22.7,0.16773724555969238
hsa-miR-200c-3p,HYPK,0,23.3,0.14965792000293732
hsa-miR-200c-3p,PARP2,0,,0.07963761687278748
hsa-miR-200c-3p,CCNE2,1,24.3,0.29413902759552
hsa-miR-200c-3p,NCK1,0,,0.2239166647195816
hsa-miR-200c-3p,MED6,0,20.1,0.2181577980518341
hsa-miR-200c-3p,ZEB1,1,,0.30707117915153503
hsa-miR-200c-3p,ASXL3,0,,0.11555090546607971
hsa-miR-200c-3p,SP1,1,,0.10062839090824127
hsa-miR-200c-3p,TUBB3,1,23.1,0.16278062760829926
hsa-miR-200c-3p,SRI,0,22.9,0.23364074528217316
hsa-miR-200c-3p,CDH11,1,,0.1443280279636383
hsa-miR-200c-3p,KLF11,1,,0.056096263229846954
hsa-miR-200c-3p,TMOD1,0,,0.19103580713272095
hsa-miR-200c-3p,SGPP2,0,,0.07238274812698364
hsa-miR-200c-3p,FLT1,1,21.5,0.28752070665359497
hsa-miR-200c-3p,LRCH2,0,,0.20298895239830017
hsa-miR-200c-3p,NUP153,0,21.7,0.23400405049324036
hsa-miR-200c-3p,CDR2,0,24.9,0.1754416525363922
hsa-miR-200c-3p,IL33,0,23.3,0.1865953654050827
hsa-miR-200c-3p,ALS2CR11,0,21.3,0.24357567727565765
hsa-miR-200c-3p,PHF21B,0,24.5,0.2158253937959671
hsa-miR-200c-3p,AZIN1,0,,0.06912598013877869
hsa-miR-200c-3p,XRCC2,0,,0.20186874270439148
hsa-miR-200c-3p,NLRP9,0,,0.24439488351345062
hsa-miR-200c-3p,CDK6,0,,0.02938641607761383
hsa-miR-200c-3p,TESK2,0,24.4,0.08404328674077988
hsa-miR-200c-3p,ZEB2,1,,0.24205563962459564
hsa-miR-200c-3p,RPS20,0,23.6,0.14378702640533447
hsa-miR-200c-3p,SHC1,1,23.7,0.21977847814559937
hsa-miR-200c-3p,PTPRD,1,23.4,0.3073008060455322
hsa-miR-200c-3p,TRHDE,0,,0.15235954523086548
hsa-miR-200c-3p,IKBKB,1,24.7,0.302315354347229
hsa-miR-200c-3p,PPP6R3,0,25.1,0.19800159335136414
hsa-miR-200c-3p,C1orf204,0,28.7,0.11074262857437134
hsa-miR-200c-3p,PRKAG2,0,22.5,0.2149876058101654
hsa-miR-200c-3p,RHOA,1,23.2,0.2120056301355362
hsa-miR-200c-3p,BAP1,1,27.9,0.27323901653289795
hsa-miR-200c-3p,SLC35E1,0,,0.15951359272003174
hsa-miR-200c-3p,ZNF217,1,,0.31210052967071533
hsa-miR-200c-3p,PRKCQ,0,26.2,0.10711850970983505
hsa-miR-200c-3p,IRX5,0,22.0,0.12573789060115814
hsa-miR-200c-3p,LLPH,0,,0.08541233092546463
hsa-miR-200c-3p,PPM1F,0,22.8,0.22126804292201996
hsa-miR-200c-3p,RP13-996F3.5,0,,0.20394444465637207
hsa-miR-200c-3p,LPAR1,1,,0.20358815789222717
hsa-miR-200c-3p,XIAP,1,,0.17578527331352234
hsa-miR-200c-3p,NTF3,1,21.4,0.23971331119537354
hsa-miR-200c-3p,ZNF850,0,22.6,0.07097657024860382
hsa-miR-200c-3p,EFNA1,1,22.7,0.29630783200263977
hsa-miR-200c-3p,UBA5,0,16.0,0.1641063690185547
hsa-miR-200c-3p,ALG10B,0,,0.11294105648994446
hsa-miR-200c-3p,C1orf141,0,21.5,0.22509732842445374
hsa-miR-200c-3p,ATP1B3,0,24.2,0.1848457157611847
hsa-miR-200c-3p,PRPF38B,0,22.7,0.1518852859735489
hsa-miR-200c-3p,TRANK1,0,28.0,0.27903443574905396
hsa-miR-200c-3p,MYB,1,22.1,0.1930413544178009
hsa-miR-200c-3p,MAFG,0,,0.06950417906045914
hsa-miR-200c-3p,KLF12,0,,0.06386564671993256
hsa-miR-200c-3p,TNKS2,0,,0.17157819867134094
hsa-miR-200c-3p,TBK1,1,17.6,0.24371030926704407
hsa-miR-200c-3p,DNMT3B,1,25.5,0.28433576226234436
hsa-miR-200c-3p,KCTD16,0,,0.058811087161302567
hsa-miR-200c-3p,ROR1,0,22.8,0.18594366312026978
hsa-miR-200c-3p,MTPAP,0,,0.0901607796549797
hsa-miR-200c-3p,SIM1,0,,0.08534660190343857
hsa-miR-200c-3p,KLF9,1,,0.24139130115509033
hsa-miR-200c-3p,PHEX,0,,0.22566010057926178
hsa-miR-200c-3p,GTDC1,0,,0.12046445906162262
hsa-miR-200c-3p,CALN1,0,,0.08535401523113251
hsa-miR-200c-3p,TIA1,0,16.8,0.08453528583049774
hsa-miR-200c-3p,FOSL2,0,,0.07620662450790405
hsa-miR-200c-3p,C7orf55-LUC7L2,0,,0.08977579325437546
hsa-miR-200c-3p,PTPN13,1,21.8,0.1785460114479065
hsa-miR-200c-3p,GALT,0,20.9,0.40729039907455444
hsa-miR-200c-3p,FAM49B,0,,0.14323006570339203
hsa-miR-200c-3p,ACVR2B,1,,0.039221253246068954
hsa-miR-200c-3p,LIFR,0,,0.08730504661798477
hsa-miR-200c-3p,IGDCC4,0,,0.18788005411624908
hsa-miR-200c-3p,PIN4,0,22.8,0.17058861255645752
hsa-miR-200c-3p,TIMP2,1,,0.3134574890136719
hsa-miR-200c-3p,MSN,1,,0.25101810693740845
hsa-miR-200c-3p,VEGFA,1,24.7,0.18454599380493164
hsa-miR-200c-3p,SEC23A,1,22.2,0.3699674606323242
hsa-miR-200c-3p,KCMF1,0,,0.14725810289382935
hsa-miR-200c-3p,RAP1A,0,,0.06117713823914528
hsa-miR-200c-3p,IL5RA,0,20.1,0.06712953746318817
hsa-miR-200c-3p,CD2AP,0,,0.14464285969734192
hsa-miR-200c-3p,NTRK2,1,,0.23331166803836823
hsa-miR-200c-3p,MOB4,0,,0.22823446989059448
hsa-miR-200c-3p,YWHAB,0,,0.1681055724620819
hsa-miR-200c-3p,STARD8,0,24.3,0.053669124841690063
hsa-miR-200c-3p,DHX9,0,20.1,0.2443881779909134
hsa-miR-200c-3p,ZFPM2,1,22.9,0.18853124976158142
hsa-miR-200c-3p,ELMO2,1,22.8,0.07727989554405212
hsa-miR-200c-3p,PTPRQ,0,25.1,0.24089106917381287
hsa-miR-200c-3p,GLDN,0,,0.11459535360336304
hsa-miR-200c-3p,AC093157.1,0,22.0,0.07852636277675629
hsa-miR-200c-3p,BCL2,1,,0.033081889152526855
hsa-miR-200c-3p,CFL2,1,,0.17605958878993988
hsa-miR-200c-3p,CSTF2,0,23.1,0.18517884612083435
hsa-miR-200c-3p,MED14,0,,0.1598009169101715
hsa-miR-200c-3p,RNF2,1,,0.22385354340076447
hsa-miR-200c-3p,ASB1,0,,0.041133612394332886
hsa-miR-200c-3p,ZBTB37,0,23.0,0.08380089700222015
hsa-miR-200c-3p,POLH,0,30.4,0.07080923020839691
hsa-miR-200c-3p,DPCR1,0,19.7,0.23094062507152557
hsa-miR-200c-3p,GLIS2,0,,0.11291629076004028
hsa-miR-200c-3p,HNRNPH3,0,22.8,0.2844555974006653
hsa-miR-200c-3p,KAZN,0,,0.05868750810623169
hsa-miR-200c-3p,PIP4K2B,0,,0.082465760409832
hsa-miR-200c-3p,ERGIC2,0,,0.08387143909931183
hsa-miR-200c-3p,ZNF397,0,22.6,0.17376205325126648
hsa-miR-200c-3p,WDR37,1,22.5,0.0865020602941513
hsa-miR-200c-3p,ZHX1,0,20.5,0.13826215267181396
hsa-miR-200c-3p,TMEM30C,0,18.7,0.24267050623893738
hsa-miR-200c-3p,MAB21L3,0,22.7,0.15503394603729248
hsa-miR-200c-3p,LSM3,0,,0.06340673565864563
hsa-miR-200c-3p,DUSP4,0,,0.04032950475811958
hsa-miR-200c-3p,ZNF714,0,22.3,0.10144183039665222
hsa-miR-200c-3p,ETS1,1,,0.23199939727783203
hsa-miR-200c-3p,YOD1,0,,0.1460016816854477
hsa-miR-204-5p,FKTN,0,22.9,0.07410304248332977
hsa-miR-204-5p,NRBF2,0,25.2,0.5010892748832703
hsa-miR-204-5p,ZNF445,0,,0.03246055543422699
hsa-miR-204-5p,RELL1,0,24.3,0.36886483430862427
hsa-miR-204-5p,ANKRD13A,1,,0.21524496376514435
hsa-miR-204-5p,C17orf72,0,,0.06296564638614655
hsa-miR-204-5p,TMC2,0,,0.07789518684148788
hsa-miR-204-5p,CXCL9,0,,0.16226208209991455
hsa-miR-204-5p,ZKSCAN1,0,,0.05384374409914017
hsa-miR-204-5p,MYT1,0,25.4,0.09804509580135345
hsa-miR-204-5p,EZR,1,29.8,0.3918576240539551
hsa-miR-204-5p,EFNB2,1,,0.144372820854187
hsa-miR-204-5p,BCL2L2,1,,0.2254871129989624
hsa-miR-204-5p,UPRT,0,26.8,0.17157664895057678
hsa-miR-204-5p,RP6-24A23.6,0,,0.08143339306116104
hsa-miR-204-5p,DIP2B,0,,0.2333499789237976
hsa-miR-204-5p,PGR,0,,0.10193715244531631
hsa-miR-204-5p,NAV3,0,,0.29464495182037354
hsa-miR-204-5p,AL356356.1,0,30.4,0.1823364943265915
hsa-miR-204-5p,OGT,0,,0.28722184896469116
hsa-miR-204-5p,USP47,1,,0.23014119267463684
hsa-miR-204-5p,TRIM33,0,,0.14470776915550232
hsa-miR-204-5p,SLC37A3,0,25.1,0.3765958547592163
hsa-miR-204-5p,CHTF8,0,32.7,0.270261287689209
hsa-miR-204-5p,TGFBR1,1,,0.22102314233779907
hsa-miR-204-5p,SMAD4,1,25.9,0.10816023498773575
hsa-miR-204-5p,KLHL3,0,19.9,0.09028497338294983
hsa-miR-204-5p,PMP22,0,29.0,0.271184504032135
hsa-miR-204-5p,SYT5,0,,0.051012344658374786
hsa-miR-204-5p,CYB5R4,0,20.3,0.20162233710289001
hsa-miR-204-5p,MMS22L,0,,0.1882358342409134
hsa-miR-204-5p,CCDC125,0,,0.10906605422496796
hsa-miR-204-5p,ZNF792,0,28.1,0.23747439682483673
hsa-miR-204-5p,MTCH2,0,22.7,0.2237548679113388
hsa-miR-204-5p,EIF5A2,0,,0.10578925162553787
hsa-miR-204-5p,GATSL2,0,,0.05606120824813843
hsa-miR-204-5p,PLCD4,0,25.5,0.247391939163208
hsa-miR-204-5p,PHOX2B,0,27.5,0.3939859867095947
hsa-miR-204-5p,VCP,0,25.5,0.11702926456928253
hsa-miR-204-5p,TCF12,1,,0.26783376932144165
hsa-miR-204-5p,EDEM1,1,24.5,0.16024166345596313
hsa-miR-204-5p,CAND1,0,,0.07247954607009888
hsa-miR-204-5p,HAVCR1,0,,0.1479787677526474
hsa-miR-204-5p,FZD1,1,,0.18521595001220703
hsa-miR-204-5p,RFX2,0,25.3,0.06768089532852173
hsa-miR-204-5p,RAB33B,0,,0.17600634694099426
hsa-miR-204-5p,WISP1,0,,0.143951877951622
hsa-miR-204-5p,SCAND3,0,,0.19779334962368011
hsa-miR-204-5p,ITM2C,0,32.0,0.12723848223686218
hsa-miR-204-5p,GFRA1,0,,0.14818710088729858
hsa-miR-204-5p,CDC14B,0,19.9,0.14366348087787628
hsa-miR-204-5p,UBN2,0,,0.11709005385637283
hsa-miR-204-5p,RUNX2,1,,0.17218637466430664
hsa-miR-204-5p,DDX42,0,24.1,0.13074108958244324
hsa-miR-204-5p,CDYL2,0,,0.07406286150217056
hsa-miR-204-5p,HSBP1,0,22.3,0.46559736132621765
hsa-miR-204-5p,C11orf1,0,21.4,0.1240176185965538
hsa-miR-204-5p,FAM20B,0,,0.08582712709903717
hsa-miR-204-5p,IER5,0,,0.1724035143852234
hsa-miR-204-5p,RAB37,0,29.7,0.11216232180595398
hsa-miR-204-5p,TCF4,1,,0.28682392835617065
hsa-miR-204-5p,TUSC2,0,26.8,0.1261805146932602
hsa-miR-204-5p,SIRT1,1,20.7,0.2994431257247925
hsa-miR-204-5p,TMEM9B,0,27.2,0.23565460741519928
hsa-miR-204-5p,UBA2,0,,0.2404794842004776
hsa-miR-204-5p,POLE3,0,25.8,0.18643635511398315
hsa-miR-204-5p,TP73,0,,0.06051173806190491
hsa-miR-204-5p,C3orf22,0,22.4,0.27390241622924805
hsa-miR-204-5p,RAB40B,1,19.6,0.2403184473514557
hsa-miR-204-5p,NXPH1,0,23.2,0.18869858980178833
hsa-miR-204-5p,ERP44,0,,0.1160062849521637
hsa-miR-204-5p,MEIS2,1,,0.2730240523815155
hsa-miR-204-5p,ALPL,1,23.9,0.39944615960121155
hsa-miR-204-5p,PFKFB2,0,,0.21353405714035034
hsa-miR-204-5p,TEX35,0,29.7,0.12936590611934662
hsa-miR-204-5p,RAB22A,1,,0.28623223304748535
hsa-miR-204-5p,BIRC2,1,18.1,0.5629700422286987
hsa-miR-204-5p,PTPRG,0,,0.16305726766586304
hsa-miR-204-5p,SLC28A3,0,,0.15855208039283752
hsa-miR-204-5p,SLC48A1,0,26.6,0.07260752469301224
hsa-miR-204-5p,IL11,1,30.6,0.3731614053249359
hsa-miR-204-5p,WDR25,0,22.6,0.13851125538349152
hsa-miR-204-5p,MEIS1,1,25.2,0.29152849316596985
hsa-miR-204-5p,SSH2,0,23.0,0.10645844042301178
hsa-miR-204-5p,CDC42,1,31.3,0.29558026790618896
hsa-miR-204-5p,FOXC1,1,22.4,0.37741583585739136
hsa-miR-204-5p,PRRX1,0,,0.28454354405403137
hsa-miR-204-5p,CBFA2T3,0,,0.19651974737644196
hsa-miR-204-5p,MICAL3,0,27.7,0.2037135362625122
hsa-miR-204-5p,RANBP6,0,,0.14953437447547913
hsa-miR-204-5p,ATP5G1,0,12.5,0.1452500820159912
hsa-miR-204-5p,PCCB,0,,0.22850753366947174
hsa-miR-204-5p,GDF10,0,20.8,0.21074067056179047
hsa-miR-204-5p,PARM1,0,,0.07650800049304962
hsa-miR-204-5p,SLC6A14,0,,0.1472998857498169
hsa-miR-204-5p,FGD4,0,16.8,0.07643382251262665
hsa-miR-204-5p,TGFBR2,1,,0.16849097609519958
hsa-miR-204-5p,KCNJ14,0,,0.24917033314704895
hsa-miR-204-5p,MARCKS,0,,0.17235267162322998
hsa-miR-204-5p,ENPP3,0,24.5,0.3207970857620239
hsa-miR-204-5p,HMX1,1,21.2,0.16426217555999756
hsa-miR-204-5p,ELOF1,0,29.3,0.11501727998256683
hsa-miR-204-5p,THRB,1,,0.232428178191185
hsa-miR-204-5p,TUBB,0,27.0,0.1257539689540863
hsa-miR-204-5p,GDF9,0,26.7,0.28965580463409424
hsa-miR-204-5p,WDR88,0,28.7,0.16682268679141998
hsa-miR-204-5p,EHD4,0,,0.1492428183555603
hsa-miR-204-5p,SVIP,0,,0.08215142786502838
hsa-miR-204-5p,M6PR,1,25.7,0.22339989244937897
hsa-miR-204-5p,YWHAH,0,22.0,0.22051788866519928
hsa-miR-204-5p,THSD7A,0,,0.1785542219877243
hsa-miR-204-5p,FAM63B,0,,0.16198329627513885
hsa-miR-204-5p,DMGDH,0,21.6,0.07690462470054626
hsa-miR-204-5p,NTRK2,1,,0.2568197250366211
hsa-miR-204-5p,KCND2,0,,0.17468774318695068
hsa-miR-204-5p,SLC25A33,0,,0.2118827849626541
hsa-miR-204-5p,TFG,0,23.8,0.13330382108688354
hsa-miR-204-5p,RSAD2,0,,0.14961370825767517
hsa-miR-204-5p,SERINC3,1,18.4,0.2303180992603302
hsa-miR-204-5p,RBM4,0,27.3,0.11805348098278046
hsa-miR-204-5p,EPGN,0,19.1,0.17128850519657135
hsa-miR-204-5p,SERP1,1,18.6,0.158894881606102
hsa-miR-204-5p,BPY2C,0,22.6,0.4279891550540924
hsa-miR-204-5p,SNAI2,1,22.4,0.2377444952726364
hsa-miR-204-5p,MAGEB5,0,14.7,0.3324928283691406
hsa-miR-204-5p,TNRC18,0,24.8,0.13664928078651428
hsa-miR-204-5p,PGP,0,,0.1400531530380249
hsa-miR-204-5p,ZNF543,0,24.2,0.26705166697502136
hsa-miR-204-5p,THAP2,0,18.5,0.1451316773891449
hsa-miR-204-5p,CMTR1,0,28.7,0.13057154417037964
hsa-miR-204-5p,BCL2,1,,0.23384204506874084
hsa-miR-204-5p,TUBB6,0,26.7,0.07940598577260971
hsa-miR-204-5p,TTLL11,0,,0.1304951012134552
hsa-miR-204-5p,CDON,0,,0.053880129009485245
hsa-miR-204-5p,SOX4,1,,0.3555459678173065
hsa-miR-204-5p,ZNF415,0,22.3,0.2369639277458191
hsa-miR-204-5p,DHH,0,27.1,0.493251770734787
hsa-miR-204-5p,KDELC2,0,,0.12284044921398163
hsa-miR-204-5p,MEGF11,0,,0.09716412425041199
hsa-miR-204-5p,SPATS2L,0,,0.12884387373924255
hsa-miR-204-5p,POLH,0,23.8,0.32912302017211914
hsa-miR-204-5p,KARS,0,,0.16493698954582214
hsa-miR-204-5p,CDX2,1,,0.14027176797389984
hsa-miR-204-5p,ANKS1B,0,24.1,0.26682984828948975
hsa-miR-204-5p,PWWP2A,0,,0.33780232071876526
hsa-miR-204-5p,LGSN,0,,0.10751022398471832
hsa-miR-204-5p,SLC25A32,0,,0.09824241697788239
hsa-miR-204-5p,TSPAN14,0,,0.017703689634799957
hsa-miR-204-5p,BDNF,1,,0.19421978294849396
hsa-miR-204-5p,RGS5,0,,0.21259936690330505
hsa-miR-204-5p,ESF1,0,,0.26336079835891724
hsa-miR-204-5p,AP1S2,1,26.5,0.38250741362571716
hsa-miR-204-5p,SNAI1,1,27.0,0.19069929420948029
hsa-miR-205-5p,ATF6B,0,29.1,0.26642370223999023
hsa-miR-205-5p,YES1,1,,0.21679328382015228
hsa-miR-205-5p,FAM155A,0,,0.1600814163684845
hsa-miR-205-5p,ZEB2,1,,0.21000978350639343
hsa-miR-205-5p,PGBD5,0,,0.2557145953178406
hsa-miR-205-5p,CCDC93,0,,0.14029467105865479
hsa-miR-205-5p,ZNF774,0,25.0,0.17768257856369019
hsa-miR-205-5p,LAMC1,1,,0.28367966413497925
hsa-miR-205-5p,FXN,0,24.5,0.23455668985843658
hsa-miR-205-5p,MRPL3,0,,0.10443197190761566
hsa-miR-205-5p,C5orf64,0,,0.301056832075119
hsa-miR-205-5p,CDC27,0,,0.27848732471466064
hsa-miR-205-5p,ACSL1,1,22.2,0.5037047863006592
hsa-miR-205-5p,BCL2L2,0,,0.03625471889972687
hsa-miR-205-5p,ISOC1,0,24.3,0.23877619206905365
hsa-miR-205-5p,IFT122,0,29.2,0.22425638139247894
hsa-miR-205-5p,APOOL,0,,0.09289897233247757
hsa-miR-205-5p,KRR1,0,,0.1639411449432373
hsa-miR-205-5p,MUC6,0,28.9,0.20789143443107605
hsa-miR-205-5p,DCTN5,0,20.8,0.33938974142074585
hsa-miR-205-5p,MFHAS1,0,,0.15580841898918152
hsa-miR-205-5p,RALA,0,23.7,0.15976810455322266
hsa-miR-205-5p,LIX1L,0,,0.2037520557641983
hsa-miR-205-5p,ZSWIM4,0,29.5,0.08834432810544968
hsa-miR-205-5p,ERBB3,1,28.6,0.1850184202194214
hsa-miR-205-5p,WWC3,0,,0.28466033935546875
hsa-miR-205-5p,SMAD4,1,22.2,0.23769168555736542
hsa-miR-205-5p,LRRTM3,0,,0.19076581299304962
hsa-miR-205-5p,ZNF436,0,,0.10902012884616852
hsa-miR-205-5p,HABP4,0,29.6,0.2880443334579468
hsa-miR-205-5p,HMGB3,1,,0.22562667727470398
hsa-miR-205-5p,SS18L1,0,,0.06956886500120163
hsa-miR-205-5p,ZBTB12,0,29.1,0.11225789040327072
hsa-miR-205-5p,P2RY14,0,22.1,0.132671058177948
hsa-miR-205-5p,MRTO4,0,,0.05125804990530014
hsa-miR-205-5p,CEP44,0,,0.24565033614635468
hsa-miR-205-5p,FAM118B,0,28.1,0.21973004937171936
hsa-miR-205-5p,MED1,1,25.4,0.2632056474685669
hsa-miR-205-5p,DNAJC10,0,21.8,0.15690773725509644
hsa-miR-205-5p,HTR1F,0,22.2,0.2662808299064636
hsa-miR-205-5p,PLCL1,0,,0.1817905604839325
hsa-miR-205-5p,ACSL4,1,,0.2654861509799957
hsa-miR-205-5p,KLHL14,0,24.9,0.24810540676116943
hsa-miR-205-5p,PDCD6IP,0,,0.14428746700286865
hsa-miR-205-5p,DDX5,1,25.4,0.20476339757442474
hsa-miR-205-5p,GUCY1A2,0,,0.053669240325689316
hsa-miR-205-5p,GDA,0,21.2,0.2896465063095093
hsa-miR-205-5p,GOLGA6D,0,,0.10308283567428589
hsa-miR-205-5p,ZHX3,0,,0.19854217767715454
hsa-miR-205-5p,LYPD1,0,26.4,0.20247846841812134
hsa-miR-205-5p,CNTLN,0,21.2,0.30142536759376526
hsa-miR-205-5p,DLGAP2,0,,0.22508439421653748
hsa-miR-205-5p,CAB39L,0,,0.2148071527481079
hsa-miR-205-5p,EEF1A1,0,,0.21517270803451538
hsa-miR-205-5p,LRRK2,1,22.9,0.3351949155330658
hsa-miR-205-5p,SIGMAR1,1,25.2,0.14244413375854492
hsa-miR-205-5p,AR,1,27.1,0.2578948736190796
hsa-miR-205-5p,PNPT1,0,,0.21528443694114685
hsa-miR-205-5p,AC012215.1,0,,0.10813316702842712
hsa-miR-205-5p,AMIGO2,0,23.7,0.1905456930398941
hsa-miR-205-5p,PTPRM,1,23.7,0.3893226683139801
hsa-miR-205-5p,CISD3,0,,0.22701726853847504
hsa-miR-205-5p,KCNN3,0,,0.09681789577007294
hsa-miR-205-5p,FCHSD2,0,15.4,0.08785238862037659
hsa-miR-205-5p,MUC20,0,19.9,0.19624212384223938
hsa-miR-205-5p,RARA,0,28.3,0.22783277928829193
hsa-miR-205-5p,ADH1B,0,,0.22017395496368408
hsa-miR-205-5p,LRP1,1,32.0,0.5958635807037354
hsa-miR-205-5p,VEGFA,1,31.0,0.3266139030456543
hsa-miR-205-5p,MDH2,0,31.8,0.16789978742599487
hsa-miR-205-5p,PTPN2,0,22.8,0.21932633221149445
hsa-miR-205-5p,BCL6,1,24.9,0.21332040429115295
hsa-miR-205-5p,CASC1,0,18.7,0.23988136649131775
hsa-miR-205-5p,ITGA5,1,26.1,0.17926545441150665
hsa-miR-205-5p,KIAA1377,0,,0.3412921130657196
hsa-miR-205-5p,C8orf34,0,24.9,0.18039050698280334
hsa-miR-205-5p,PIK3C2B,0,,0.09059599041938782
hsa-miR-205-5p,SLC17A4,0,26.4,0.17315328121185303
hsa-miR-205-5p,HMGCR,0,,0.08453498780727386
hsa-miR-205-5p,ZEB1,1,,0.3642871081829071
hsa-miR-205-5p,FBXO24,0,30.2,0.2888042628765106
hsa-miR-205-5p,OTX2,0,23.9,0.2970362603664398
hsa-miR-205-5p,NAA60,0,30.4,0.08031309396028519
hsa-miR-205-5p,SMAD1,1,26.1,0.22748038172721863
hsa-miR-205-5p,ESRRG,1,,0.26204705238342285
hsa-miR-205-5p,LETMD1,0,,0.1881674826145172
hsa-miR-205-5p,TENM4,0,,0.06267595291137695
hsa-miR-205-5p,E2F5,1,23.1,0.25770384073257446
hsa-miR-205-5p,BCL2,1,,0.13918882608413696
hsa-miR-205-5p,GID4,0,22.3,0.11052986979484558
hsa-miR-205-5p,C19orf70,0,29.9,0.29992783069610596
hsa-miR-205-5p,INPPL1,1,31.0,0.2646411061286926
hsa-miR-205-5p,MPP6,0,,0.12091445922851562
hsa-miR-205-5p,MLX,0,28.8,0.10573938488960266
hsa-miR-205-5p,HLA-DOB,0,,0.05564838647842407
hsa-miR-205-5p,AMIGO1,0,,0.15155959129333496
hsa-miR-205-5p,NAT14,0,28.7,0.08624482154846191
hsa-miR-205-5p,SCAF8,0,,0.1901615709066391
hsa-miR-205-5p,E2F1,1,29.3,0.18487289547920227
hsa-miR-205-5p,C10orf71,0,27.2,0.10332896560430527
hsa-miR-205-5p,SYP,0,27.5,0.10472965985536575
hsa-miR-205-5p,GOLGA8I,0,,0.14685603976249695
hsa-miR-205-5p,GPR182,0,29.3,0.21596279740333557
hsa-miR-205-5p,PRR26,0,28.6,0.19284284114837646
hsa-miR-205-5p,MAB21L3,0,22.3,0.25913405418395996
hsa-miR-205-5p,OIP5,0,,0.1742151379585266
hsa-miR-205-5p,IL24,1,24.0,0.2036675065755844
hsa-miR-205-5p,HPCAL4,0,,0.08039325475692749
hsa-miR-206,CES3,0,,0.1916007101535797
hsa-miR-206,NOTCH3,1,28.8,0.2147752344608307
hsa-miR-206,UTRN,1,,0.2532353401184082
hsa-miR-206,CCND2,1,,0.2148064523935318
hsa-miR-206,DIO1,0,26.1,0.16845855116844177
hsa-miR-206,DENND2A,0,24.8,0.39890897274017334
hsa-miR-206,LIPI,0,23.6,0.9279099106788635
hsa-miR-206,VAMP2,1,25.1,0.2390347272157669
hsa-miR-206,NR1H3,1,27.8,0.1931767761707306
hsa-miR-206,SNX19,0,17.7,0.2892463803291321
hsa-miR-206,ESR1,1,,0.13449595868587494
hsa-miR-206,WNT7A,0,,0.19570225477218628
hsa-miR-206,MET,1,22.7,0.28586745262145996
hsa-miR-206,LILRA3,0,17.9,0.45740294456481934
hsa-miR-206,FBXO30,0,,0.16167601943016052
hsa-miR-206,H1FX,0,26.5,0.2585267424583435
hsa-miR-206,SLC10A6,0,,0.21145111322402954
hsa-miR-206,G6PD,1,23.7,0.2400599718093872
hsa-miR-206,TKT,1,23.0,0.17238749563694
hsa-miR-206,TDRD10,0,25.2,0.2667902708053589
hsa-miR-206,PRRC2B,0,,0.17754654586315155
hsa-miR-206,CDH11,0,,0.10827450454235077
hsa-miR-206,FSTL1,1,,0.1616649180650711
hsa-miR-206,TAB1,0,19.4,0.07803184539079666
hsa-miR-206,CHCHD4,0,,0.2987039387226105
hsa-miR-206,NPAP1,0,,0.17466473579406738
hsa-miR-206,PAX3,1,23.5,0.3902435302734375
hsa-miR-206,NEUROD1,0,25.1,0.2718038558959961
hsa-miR-206,GPD2,1,,0.42305248975753784
hsa-miR-206,GRM1,0,,0.2307128608226776
hsa-miR-206,CDK4,1,21.6,0.30065682530403137
hsa-miR-206,ESYT3,0,23.0,0.2476842701435089
hsa-miR-206,PCDH12,0,27.0,0.1356348991394043
hsa-miR-206,PGD,1,24.4,0.4137630760669708
hsa-miR-206,ACTL6A,1,22.6,0.36536771059036255
hsa-miR-206,C3orf36,0,,0.16189035773277283
hsa-miR-206,PCDHB5,0,,0.2285037636756897
hsa-miR-20a-5p,PIGH,0,24.7,0.3640579879283905
hsa-miR-20a-5p,PREX1,0,24.9,0.12064962089061737
hsa-miR-20a-5p,FAM83B,0,,0.18247000873088837
hsa-miR-20a-5p,GABRG2,0,,0.2632162570953369
hsa-miR-20a-5p,APP,1,,0.1805191934108734
hsa-miR-20a-5p,APOPT1,0,,0.1541161835193634
hsa-miR-20a-5p,CCND1,1,18.5,0.24017414450645447
hsa-miR-20a-5p,LSM6,0,21.8,0.25444865226745605
hsa-miR-20a-5p,CMTM4,0,,0.1761402040719986
hsa-miR-20a-5p,TCEANC2,0,,0.2316906601190567
hsa-miR-20a-5p,P2RX7,0,,0.0788840651512146
hsa-miR-20a-5p,MAPK9,1,21.2,0.2289588898420334
hsa-miR-20a-5p,MBD5,0,,0.2635800242424011
hsa-miR-20a-5p,CNRIP1,0,30.9,0.6113159656524658
hsa-miR-20a-5p,DUSP2,1,,0.35960131883621216
hsa-miR-20a-5p,RB1,1,25.1,0.1737351417541504
hsa-miR-20a-5p,FOXP2,0,23.7,0.2158195525407791
hsa-miR-20a-5p,RBL1,1,21.8,0.27532872557640076
hsa-miR-20a-5p,PIP5K1B,0,22.5,0.3264797329902649
hsa-miR-20a-5p,ADHFE1,0,,0.2961728572845459
hsa-miR-20a-5p,RSPO4,0,27.4,0.19097663462162018
hsa-miR-20a-5p,PRDM14,0,27.2,0.18805021047592163
hsa-miR-20a-5p,BYSL,0,,0.09599215537309647
hsa-miR-20a-5p,HILPDA,0,29.0,0.17532660067081451
hsa-miR-20a-5p,INTS6,0,21.9,0.32756420969963074
hsa-miR-20a-5p,MMAA,0,,0.34870219230651855
hsa-miR-20a-5p,RNMT,0,20.7,0.10236123949289322
hsa-miR-20a-5p,ZNF555,0,,0.06141190230846405
hsa-miR-20a-5p,SIRPA,1,,0.233730748295784
hsa-miR-20a-5p,PTK2,0,23.9,0.20298460125923157
hsa-miR-20a-5p,ESCO2,0,,0.04035960137844086
hsa-miR-20a-5p,CCND2,1,,0.1842840611934662
hsa-miR-20a-5p,ATOH1,0,21.1,0.26107051968574524
hsa-miR-20a-5p,HIF1A,1,,0.24372872710227966
hsa-miR-20a-5p,DCUN1D5,0,,0.31263619661331177
hsa-miR-20a-5p,WDR31,0,,0.14671139419078827
hsa-miR-20a-5p,SLC12A3,0,,0.34172290563583374
hsa-miR-20a-5p,ARPP21,0,24.0,0.1846749186515808
hsa-miR-20a-5p,SMAD7,1,23.3,0.27958500385284424
hsa-miR-20a-5p,NPTXR,0,,0.06015569344162941
hsa-miR-20a-5p,COG8,0,17.3,0.06187862157821655
hsa-miR-20a-5p,PDGFC,0,,0.21482132375240326
hsa-miR-20a-5p,SENP5,0,,0.14781257510185242
hsa-miR-20a-5p,KIF11,0,28.3,0.11704570055007935
hsa-miR-20a-5p,MTCH2,0,25.8,0.24425534904003143
hsa-miR-20a-5p,AC002472.13,0,,0.08530529588460922
hsa-miR-20a-5p,ANTXR1,0,17.7,0.33730098605155945
hsa-miR-20a-5p,TOMM70A,0,,0.2123394012451172
hsa-miR-20a-5p,GPR37,0,,0.26539599895477295
hsa-miR-20a-5p,SFXN2,0,,0.15637743473052979
hsa-miR-20a-5p,BMPR2,1,,0.29081109166145325
hsa-miR-20a-5p,SLC31A2,0,22.8,0.23416298627853394
hsa-miR-20a-5p,PPP2R1B,0,25.7,0.3769722282886505
hsa-miR-20a-5p,PPM1A,0,,0.3425542712211609
hsa-miR-20a-5p,DENND4C,0,27.3,0.10515870153903961
hsa-miR-20a-5p,FUT9,0,,0.13033148646354675
hsa-miR-20a-5p,FGF5,0,,0.32498735189437866
hsa-miR-20a-5p,TP53INP1,1,,0.19873756170272827
hsa-miR-20a-5p,EGLN3,1,26.7,0.33899277448654175
hsa-miR-20a-5p,GABRR1,0,26.4,0.3551253080368042
hsa-miR-20a-5p,RUNX1,1,22.1,0.10712269693613052
hsa-miR-20a-5p,CASP16,0,,0.04755158722400665
hsa-miR-20a-5p,MEGF8,0,25.2,0.14348840713500977
hsa-miR-20a-5p,NDUFAF5,0,,0.17375317215919495
hsa-miR-20a-5p,ATXN7L1,0,26.0,0.55824875831604
hsa-miR-20a-5p,GRIK1-AS2,0,23.4,0.26845788955688477
hsa-miR-20a-5p,PHF20,0,,0.05141938105225563
hsa-miR-20a-5p,TMEM87A,0,22.9,0.20232057571411133
hsa-miR-20a-5p,PLSCR4,0,,0.2731073200702667
hsa-miR-20a-5p,KLHL12,0,24.8,0.2282484471797943
hsa-miR-20a-5p,PKD1,1,26.8,0.2456490844488144
hsa-miR-20a-5p,ARHGAP12,1,,0.2752705216407776
hsa-miR-20a-5p,TTF2,0,,0.09025838971138
hsa-miR-20a-5p,PIK3CA,0,,0.19384461641311646
hsa-miR-20a-5p,FANCA,0,21.4,0.07234590500593185
hsa-miR-20a-5p,ANKRD39,0,19.7,0.2710620164871216
hsa-miR-20a-5p,PBRM1,0,,0.20570075511932373
hsa-miR-20a-5p,CNTLN,0,22.9,0.23791562020778656
hsa-miR-20a-5p,SLC4A5,0,,0.08810125291347504
hsa-miR-20a-5p,SSH1,0,21.5,0.22564536333084106
hsa-miR-20a-5p,SFT2D3,0,,0.04507977515459061
hsa-miR-20a-5p,KCTD18,0,23.6,0.21680262684822083
hsa-miR-20a-5p,TIMM8B,0,,0.30568015575408936
hsa-miR-20a-5p,UBR1,0,,0.20131663978099823
hsa-miR-20a-5p,ZRANB3,0,,0.22878789901733398
hsa-miR-20a-5p,CDKN1A,1,28.0,0.17142973840236664
hsa-miR-20a-5p,ST8SIA2,0,,0.27834296226501465
hsa-miR-20a-5p,ST8SIA4,0,17.9,0.08898819237947464
hsa-miR-20a-5p,CENPW,0,20.2,0.23879551887512207
hsa-miR-20a-5p,ZFYVE16,0,,0.23358409106731415
hsa-miR-20a-5p,RPL10L,0,23.4,0.31400829553604126
hsa-miR-20a-5p,PCDHA13,0,,0.28438931703567505
hsa-miR-20a-5p,BEST3,0,22.0,0.7491307258605957
hsa-miR-20a-5p,CHRFAM7A,0,,0.23877419531345367
hsa-miR-20a-5p,USP31,0,,0.2251015305519104
hsa-miR-20a-5p,CNOT6,0,,0.16923606395721436
hsa-miR-20a-5p,TSG101,1,28.1,0.3794783353805542
hsa-miR-20a-5p,CRIM1,1,,0.2782585024833679
hsa-miR-20a-5p,LAMA3,0,20.4,0.655580997467041
hsa-miR-20a-5p,LNPEP,0,,0.06962466239929199
hsa-miR-20a-5p,PTPRO,0,15.8,0.1912817358970642
hsa-miR-20a-5p,SLC35E2B,0,,0.03334350883960724
hsa-miR-20a-5p,YME1L1,0,,0.14674073457717896
hsa-miR-20a-5p,PSD4,0,,0.061537157744169235
hsa-miR-20a-5p,MRPS16,0,26.9,0.21664391458034515
hsa-miR-20a-5p,TMPRSS11BNL,0,,0.18109062314033508
hsa-miR-20a-5p,TMEM255A,0,,0.19319051504135132
hsa-miR-20a-5p,LIN28A,0,,0.060586683452129364
hsa-miR-20a-5p,VRK3,0,27.2,0.11432050168514252
hsa-miR-20a-5p,PRR23A,0,27.2,0.07082950323820114
hsa-miR-20a-5p,LSM5,0,23.6,0.35657986998558044
hsa-miR-20a-5p,PTEN,1,,0.23622265458106995
hsa-miR-20a-5p,E2F3,1,,0.13972869515419006
hsa-miR-20a-5p,WEE1,1,,0.16135483980178833
hsa-miR-20a-5p,SLC39A3,0,22.8,0.07417905330657959
hsa-miR-20a-5p,MICAL3,0,28.3,0.19981396198272705
hsa-miR-20a-5p,LIMK1,1,21.1,0.2234310656785965
hsa-miR-20a-5p,EGR2,1,22.8,0.27987492084503174
hsa-miR-20a-5p,NICN1,0,,0.07776885479688644
hsa-miR-20a-5p,RP11-366L20.2,0,21.4,0.09390662610530853
hsa-miR-20a-5p,SLC4A8,0,21.4,0.18248389661312103
hsa-miR-20a-5p,ESRRB,0,21.2,0.170725017786026
hsa-miR-20a-5p,FGD4,0,21.3,0.37312397360801697
hsa-miR-20a-5p,TGFBR2,1,,0.34630662202835083
hsa-miR-20a-5p,TMEM168,0,,0.18750065565109253
hsa-miR-20a-5p,TGFBI,0,23.7,0.2688559889793396
hsa-miR-20a-5p,SUFU,0,29.5,0.14509832859039307
hsa-miR-20a-5p,BAMBI,1,,0.3141721487045288
hsa-miR-20a-5p,MCL1,1,,0.3443218171596527
hsa-miR-20a-5p,CD36,0,19.6,0.30273646116256714
hsa-miR-20a-5p,ITGB8,1,,0.2972636818885803
hsa-miR-20a-5p,PHLPP2,1,,0.19399234652519226
hsa-miR-20a-5p,KIT,1,,0.18392816185951233
hsa-miR-20a-5p,CAD,0,,0.06705993413925171
hsa-miR-20a-5p,CHP2,0,26.2,0.35408470034599304
hsa-miR-20a-5p,CCDC170,0,,0.080324687063694
hsa-miR-20a-5p,H2AFV,0,26.9,0.1777992844581604
hsa-miR-20a-5p,RBL2,1,28.4,0.25875431299209595
hsa-miR-20a-5p,VEGFA,1,28.1,0.07058769464492798
hsa-miR-20a-5p,PRLR,0,24.9,0.13292229175567627
hsa-miR-20a-5p,AHCYL2,0,,0.17911946773529053
hsa-miR-20a-5p,PTPN2,0,20.1,0.07340118288993835
hsa-miR-20a-5p,MAP3K12,1,21.7,0.23704178631305695
hsa-miR-20a-5p,KIAA1257,0,22.3,0.25764331221580505
hsa-miR-20a-5p,AMMECR1L,0,,0.21099154651165009
hsa-miR-20a-5p,FANCC,0,,0.05981631577014923
hsa-miR-20a-5p,RNF38,0,,0.2648460865020752
hsa-miR-20a-5p,PRRC1,0,21.2,0.2116544097661972
hsa-miR-20a-5p,WNT7A,0,,0.13657015562057495
hsa-miR-20a-5p,MBNL3,0,,0.10037008672952652
hsa-miR-20a-5p,SCIN,0,,0.14726197719573975
hsa-miR-20a-5p,PPIC,0,,0.08640816807746887
hsa-miR-20a-5p,PTK6,0,,0.06258688867092133
hsa-miR-20a-5p,PRPF4B,0,,0.2278537154197693
hsa-miR-20a-5p,GJB7,0,20.9,0.2166031002998352
hsa-miR-20a-5p,TOMM6,0,22.7,0.183401420712471
hsa-miR-20a-5p,TMEM156,0,28.3,0.11419904232025146
hsa-miR-20a-5p,ZNF461,0,,0.05627543479204178
hsa-miR-20a-5p,CPPED1,0,,0.12866118550300598
hsa-miR-20a-5p,PRKG1,1,,0.1860218644142151
hsa-miR-20a-5p,BCL2,1,,0.15539288520812988
hsa-miR-20a-5p,GJA1,1,24.7,0.2724788188934326
hsa-miR-20a-5p,BDH2,0,,0.08815152198076248
hsa-miR-20a-5p,PRDM4,0,24.0,0.3168545365333557
hsa-miR-20a-5p,CAMSAP1,0,,0.20232634246349335
hsa-miR-20a-5p,MAP3K5,1,22.1,0.41019514203071594
hsa-miR-20a-5p,ZNF324B,0,22.1,0.04869713634252548
hsa-miR-20a-5p,SIPA1L3,0,,0.19429433345794678
hsa-miR-20a-5p,E2F1,1,24.9,0.24143415689468384
hsa-miR-20a-5p,SCRN3,0,,0.26978784799575806
hsa-miR-20a-5p,LIN7B,0,26.4,0.7761225700378418
hsa-miR-20a-5p,LRRC55,0,,0.2356354296207428
hsa-miR-20a-5p,TCEB1,0,,0.10084652155637741
hsa-miR-20a-5p,PYHIN1,0,27.2,0.13134466111660004
hsa-miR-20a-5p,AP1S2,0,23.6,0.18000414967536926
hsa-miR-20a-5p,ZBTB41,0,,0.2167045772075653
hsa-miR-20a-5p,TMEM68,0,25.5,0.2223830372095108
hsa-miR-20a-5p,RNMTL1,0,,0.18671101331710815
hsa-miR-20a-5p,TNRC6C,0,,0.15143899619579315
hsa-miR-20a-5p,TIGD5,0,,0.05919478461146355
hsa-miR-20a-5p,GPR85,0,,0.24574527144432068
hsa-miR-21-5p,IL1B,1,22.4,0.3508058190345764
hsa-miR-21-5p,TMEM164,0,,0.037238605320453644
hsa-miR-21-5p,SPRY2,1,18.7,0.4478989243507385
hsa-miR-21-5p,UGT2B15,0,18.5,0.34871622920036316
hsa-miR-21-5p,CDC5L,0,,0.08859103918075562
hsa-miR-21-5p,HNRNPK,1,,0.2362048476934433
hsa-miR-21-5p,HIST1H4E,0,20.6,0.15248851478099823
hsa-miR-21-5p,INTS6,0,18.3,0.3340040147304535
hsa-miR-21-5p,JMY,1,,0.14345210790634155
hsa-miR-21-5p,TRIP11,0,,0.29543888568878174
hsa-miR-21-5p,SMAD7,1,21.5,0.45878127217292786
hsa-miR-21-5p,KATNAL1,0,,0.077665314078331
hsa-miR-21-5p,MAP2K3,1,20.6,0.3209213614463806
hsa-miR-21-5p,LIMS1,0,17.2,0.4523482024669647
hsa-miR-21-5p,NAF1,0,17.5,0.19255240261554718
hsa-miR-21-5p,MKRN1,0,21.0,0.3451395034790039
hsa-miR-21-5p,BMPR2,1,,0.19215109944343567
hsa-miR-21-5p,OR7D2,0,,0.16718795895576477
hsa-miR-21-5p,CD80,0,21.6,0.1985550820827484
hsa-miR-21-5p,DUSP10,1,19.8,0.28689274191856384
hsa-miR-21-5p,PDE6A,0,,0.23218640685081482
hsa-miR-21-5p,PCBP1,1,19.5,0.30667591094970703
hsa-miR-21-5p,FMNL3,0,24.9,0.11169131845235825
hsa-miR-21-5p,KRTAP4-9,0,,0.21696056425571442
hsa-miR-21-5p,CHMP1B,0,,0.18519893288612366
hsa-miR-21-5p,TRIM29,0,22.1,0.17719250917434692
hsa-miR-21-5p,KLB,0,,0.1965063363313675
hsa-miR-21-5p,XK,0,,0.22702214121818542
hsa-miR-21-5p,CCDC30,0,,0.25158560276031494
hsa-miR-21-5p,OTUD7B,0,,0.17557479441165924
hsa-miR-21-5p,BCAS3,0,,0.062494125217199326
hsa-miR-21-5p,GDF5,1,19.9,0.21424856781959534
hsa-miR-21-5p,JAG1,1,23.7,0.29480689764022827
hsa-miR-21-5p,SIRT5,0,21.2,0.16964131593704224
hsa-miR-21-5p,PDIK1L,0,,0.23913748562335968
hsa-miR-21-5p,SNCAIP,0,20.3,0.205422505736351
hsa-miR-21-5p,THBS3,0,18.3,0.26161229610443115
hsa-miR-21-5p,PTEN,1,,0.07834725826978683
hsa-miR-21-5p,TNFAIP3,1,21.7,0.18213364481925964
hsa-miR-21-5p,IRAK1BP1,0,,0.4570726156234741
hsa-miR-21-5p,DAXX,1,18.2,0.2698165774345398
hsa-miR-21-5p,ZDHHC2,0,,0.16592013835906982
hsa-miR-21-5p,CFHR3,0,20.5,0.2627798616886139
hsa-miR-21-5p,EGFR,1,20.3,0.06529758870601654
hsa-miR-21-5p,SERPINB5,1,23.3,0.4080747663974762
hsa-miR-21-5p,GRIA3,0,22.0,0.24439045786857605
hsa-miR-21-5p,CEP68,0,31.3,0.19763322174549103
hsa-miR-21-5p,REST,1,,0.12754932045936584
hsa-miR-21-5p,HPGD,1,22.1,0.24585647881031036
hsa-miR-21-5p,ZNF728,0,18.8,0.6177676320075989
hsa-miR-21-5p,SLC16A7,0,18.5,0.1618875414133072
hsa-miR-21-5p,TRPM3,0,21.3,0.2294943779706955
hsa-miR-21-5p,GATA6,0,,0.07253371179103851
hsa-miR-21-5p,SERPINI1,1,21.6,0.25701335072517395
hsa-miR-21-5p,EHD3,0,,0.08261021226644516
hsa-miR-21-5p,TP63,1,22.6,0.16667641699314117
hsa-miR-21-5p,PPP1CC,0,20.6,0.20925012230873108
hsa-miR-21-5p,ABHD10,0,21.2,0.22420938313007355
hsa-miR-21-5p,FER,0,21.2,0.1503235101699829
hsa-miR-21-5p,TGFBR3,1,,0.17759846150875092
hsa-miR-21-5p,ING3,0,23.1,0.28080493211746216
hsa-miR-21-5p,PITPNC1,0,,0.15893247723579407
hsa-miR-21-5p,SP1,1,,0.16883599758148193
hsa-miR-21-5p,GRIK3,0,19.3,0.09087222814559937
hsa-miR-21-5p,RTN4,1,20.8,0.3902278542518616
hsa-miR-21-5p,TLN2,0,,0.16032442450523376
hsa-miR-21-5p,CDK2AP1,1,19.5,0.4111899137496948
hsa-miR-21-5p,RP11-293M10.1,0,30.6,0.25444984436035156
hsa-miR-21-5p,TMLHE,0,10.3,0.10883890092372894
hsa-miR-21-5p,CTC-432M15.3,0,,0.20461654663085938
hsa-miR-21-5p,DYNLL1,0,21.2,0.24342364072799683
hsa-miR-21-5p,NUDT5,0,22.6,0.2603994309902191
hsa-miR-21-5p,STXBP5L,0,2.9,0.08211825042963028
hsa-miR-21-5p,SRD5A1,0,,0.06556843966245651
hsa-miR-21-5p,PPP4R4,0,24.0,0.24174784123897552
hsa-miR-21-5p,CDC25A,1,21.6,0.25341856479644775
hsa-miR-21-5p,ICA1L,0,16.7,0.174832284450531
hsa-miR-21-5p,PLP1,0,,0.15688787400722504
hsa-miR-21-5p,FZD8,0,,0.13758325576782227
hsa-miR-21-5p,ATXN3,0,12.1,0.2679268717765808
hsa-miR-21-5p,PPIF,1,23.4,0.1945279985666275
hsa-miR-21-5p,DAZL,0,20.8,0.2675701379776001
hsa-miR-21-5p,BTK,0,19.1,0.2877519428730011
hsa-miR-21-5p,FAM188A,0,20.8,0.2309120148420334
hsa-miR-21-5p,MTHFSD,0,24.0,0.21166563034057617
hsa-miR-21-5p,TPM1,1,20.7,0.4934326112270355
hsa-miR-21-5p,TRAM1,0,20.2,0.23881414532661438
hsa-miR-21-5p,LHX9,0,,0.22004066407680511
hsa-miR-21-5p,SLC22A9,0,20.4,0.5026700496673584
hsa-miR-21-5p,NUP93,0,17.4,0.2575455605983734
hsa-miR-21-5p,NCAPG,1,21.6,0.333518922328949
hsa-miR-21-5p,CLNK,0,21.5,0.22118566930294037
hsa-miR-21-5p,RHOB,1,22.5,0.3105415105819702
hsa-miR-21-5p,RASA1,1,,0.24672001600265503
hsa-miR-21-5p,ABCG1,0,,0.19186417758464813
hsa-miR-21-5p,FASLG,1,20.7,0.42908480763435364
hsa-miR-21-5p,PTCHD1,0,,0.12178027629852295
hsa-miR-21-5p,CIR1,0,18.8,0.27907946705818176
hsa-miR-21-5p,RAB21,0,,0.16466781497001648
hsa-miR-21-5p,IL6ST,0,,0.14719292521476746
hsa-miR-21-5p,APAF1,1,14.1,0.2705959677696228
hsa-miR-21-5p,TXNDC8,0,26.1,0.15928877890110016
hsa-miR-21-5p,NTF3,1,20.7,0.3328496217727661
hsa-miR-21-5p,TIMP3,1,,0.2618189752101898
hsa-miR-21-5p,PIK3CB,0,,0.18268558382987976
hsa-miR-21-5p,ANKRD49,0,14.9,0.19613897800445557
hsa-miR-21-5p,NFIB,1,20.4,0.34900856018066406
hsa-miR-21-5p,ATPAF1,0,,0.18340672552585602
hsa-miR-21-5p,MTAP,1,,0.20527371764183044
hsa-miR-21-5p,RASGRP1,1,,0.4015427231788635
hsa-miR-21-5p,RBMS3,0,17.3,0.2339775115251541
hsa-miR-21-5p,ARMC8,0,,0.14892981946468353
hsa-miR-21-5p,MED12L,0,15.2,0.27281200885772705
hsa-miR-21-5p,MEF2C,1,,0.20076385140419006
hsa-miR-21-5p,SOX5,1,12.6,0.38427242636680603
hsa-miR-21-5p,PDCD4,1,22.6,0.440535306930542
hsa-miR-21-5p,IMP4,0,,0.17261165380477905
hsa-miR-21-5p,TP53BP2,1,,0.24661020934581757
hsa-miR-21-5p,GRK4,0,16.5,0.3268875181674957
hsa-miR-21-5p,KCNA3,0,20.3,0.15903526544570923
hsa-miR-21-5p,MSH2,1,,0.36839038133621216
hsa-miR-21-5p,SNAP25,0,,0.06289184838533401
hsa-miR-21-5p,FAM198B,0,,0.2460915744304657
hsa-miR-21-5p,COL4A1,1,20.6,0.23327668011188507
hsa-miR-21-5p,PPARA,1,21.1,0.24980215728282928
hsa-miR-21-5p,FGF1,0,,0.24870681762695312
hsa-miR-21-5p,DCUN1D3,0,,0.17360585927963257
hsa-miR-21-5p,GRIN3A,0,,0.10123486071825027
hsa-miR-21-5p,RECK,1,24.6,0.44413045048713684
hsa-miR-21-5p,ANKRD46,1,23.6,0.31458041071891785
hsa-miR-21-5p,HMGB2,0,,0.23972566425800323
hsa-miR-21-5p,TGFBR2,1,,0.18653476238250732
hsa-miR-21-5p,TGFBI,1,20.2,0.4686393439769745
hsa-miR-21-5p,KSR2,0,23.7,0.15862925350666046
hsa-miR-21-5p,BTG2,1,,0.23256157338619232
hsa-miR-21-5p,CASR,0,26.1,0.34892377257347107
hsa-miR-21-5p,ST8SIA3,0,,0.14216817915439606
hsa-miR-21-5p,XAGE2,0,17.0,0.4299282729625702
hsa-miR-21-5p,JAK2,0,,0.2511659860610962
hsa-miR-21-5p,PID1,0,24.7,0.2825606167316437
hsa-miR-21-5p,CNOT8,0,19.8,0.26637253165245056
hsa-miR-21-5p,ZNF703,0,,0.14616334438323975
hsa-miR-21-5p,VHL,1,,0.1781657636165619
hsa-miR-21-5p,RAB3GAP1,0,23.1,0.20651604235172272
hsa-miR-21-5p,SERP1,0,19.4,0.19780273735523224
hsa-miR-21-5p,ZNF200,0,22.3,0.5130215287208557
hsa-miR-21-5p,PDE8B,0,,0.17696496844291687
hsa-miR-21-5p,ZSCAN2,0,22.4,0.15687152743339539
hsa-miR-21-5p,VPS41,0,,0.29998886585235596
hsa-miR-21-5p,CCL20,1,20.2,0.6398149728775024
hsa-miR-21-5p,PRKG1,0,,0.14074772596359253
hsa-miR-21-5p,DUT,0,20.4,0.2683526277542114
hsa-miR-21-5p,BCL2,1,,0.18303032219409943
hsa-miR-21-5p,ATP9A,0,,0.10029560327529907
hsa-miR-21-5p,TOPORS,1,18.3,0.4221888780593872
hsa-miR-21-5p,ACTRT3,0,,0.24891604483127594
hsa-miR-21-5p,VIM,0,16.2,0.3009480834007263
hsa-miR-21-5p,TRAK1,0,22.5,0.22130006551742554
hsa-miR-21-5p,TIAM1,1,22.2,0.24678559601306915
hsa-miR-21-5p,SLC2A4RG,0,22.3,0.412153959274292
hsa-miR-21-5p,MRI1,0,,0.25333172082901
hsa-miR-21-5p,PPP1R3D,0,,0.33936822414398193
hsa-miR-210-3p,NDRG4,0,,0.2015746533870697
hsa-miR-210-3p,HHIPL1,0,27.9,0.12644296884536743
hsa-miR-210-3p,HOXA9,1,,0.1396186351776123
hsa-miR-210-3p,CPEB2,1,,0.14312167465686798
hsa-miR-210-3p,FOXN3,1,,0.07239057123661041
hsa-miR-210-3p,EFNA3,1,25.9,0.197849303483963
hsa-miR-210-3p,SH3BGRL,1,25.8,0.3863352835178375
hsa-miR-210-3p,GPD1L,1,,0.17161330580711365
hsa-miR-210-3p,SSX1,0,25.7,0.23894718289375305
hsa-miR-210-3p,VMP1,1,,0.17173755168914795
hsa-miR-210-3p,NCOR1,0,,0.16575860977172852
hsa-miR-210-3p,IPO5,0,,0.3462616801261902
hsa-miR-210-3p,USF1,0,26.2,0.18873330950737
hsa-miR-210-3p,KMT2A,0,,0.08964444696903229
hsa-miR-210-3p,AIFM3,1,26.6,0.6566702723503113
hsa-miR-210-3p,WDR48,0,26.9,0.176833838224411
hsa-miR-210-3p,EHD2,1,,0.10046519339084625
hsa-miR-210-3p,NR1D2,0,,0.43666544556617737
hsa-miR-210-3p,TFRC,1,,0.12231884151697159
hsa-miR-210-3p,NPTX1,1,,0.1020805835723877
hsa-miR-210-3p,E2F3,1,,0.1523512303829193
hsa-miR-210-3p,ISCU,1,25.9,0.5760276317596436
hsa-miR-210-3p,ALDH5A1,1,,0.2775876522064209
hsa-miR-210-3p,CLDN1,0,,0.12174150347709656
hsa-miR-210-3p,NCAM1,1,26.4,0.17844082415103912
hsa-miR-210-3p,LARP4B,0,,0.058908771723508835
hsa-miR-210-3p,MOCS1,0,,0.13591060042381287
hsa-miR-210-3p,KCMF1,1,,0.18479041755199432
hsa-miR-210-3p,POU2F2,0,26.6,0.05237078666687012
hsa-miR-210-3p,DICER1,0,,0.21496617794036865
hsa-miR-210-3p,HOXA1,1,26.2,0.2237732708454132
hsa-miR-210-3p,STMN1,1,28.4,0.29699644446372986
hsa-miR-210-3p,EXOC3,0,,0.07580210268497467
hsa-miR-210-3p,INPP5A,1,32.8,0.1278606653213501
hsa-miR-210-3p,ZFAND3,0,,0.1338139772415161
hsa-miR-210-3p,NDUFA4,1,29.9,0.28695353865623474
hsa-miR-210-3p,MNT,1,28.3,0.1328887641429901
hsa-miR-210-3p,FGFRL1,1,34.7,0.15475723147392273
hsa-miR-210-3p,ADARB1,0,28.6,0.17587801814079285
hsa-miR-210-3p,DIMT1,1,28.2,0.3229829967021942
hsa-miR-210-3p,BDNF,1,,0.21259991824626923
hsa-miR-210-3p,ERP27,0,28.9,0.16109876334667206
hsa-miR-210-3p,AGBL5,0,30.3,0.1587207019329071
hsa-miR-210-3p,SHB,0,,0.14048796892166138
hsa-miR-210-3p,SDHD,1,25.8,0.2986399829387665
hsa-miR-210-3p,APOBEC3F,0,23.3,0.15352672338485718
hsa-miR-210-3p,HIF3A,1,24.2,0.06005745753645897
hsa-miR-214-3p,ZBTB20,0,,0.1771388053894043
hsa-miR-214-3p,PDLIM5,0,25.9,0.23041297495365143
hsa-miR-214-3p,RAX2,0,29.3,0.07017756998538971
hsa-miR-214-3p,CDK6,1,,0.11394955217838287
hsa-miR-214-3p,PLA2G4B,0,27.4,0.25470757484436035
hsa-miR-214-3p,DDB1,0,30.1,0.16512839496135712
hsa-miR-214-3p,UQCRC1,0,22.8,0.4376528263092041
hsa-miR-214-3p,TWIST1,1,,0.1262674480676651
hsa-miR-214-3p,METTL16,0,,0.14334002137184143
hsa-miR-214-3p,PDLIM2,0,26.7,0.1683000922203064
hsa-miR-214-3p,HYI,0,27.6,0.7428395748138428
hsa-miR-214-3p,PROS1,0,32.7,0.20017653703689575
hsa-miR-214-3p,NXF1,0,30.5,0.10844100266695023
hsa-miR-214-3p,ALPK2,1,25.7,0.25625985860824585
hsa-miR-214-3p,ATP11A,0,,0.060527462512254715
hsa-miR-214-3p,SEMA4C,0,28.0,0.22329257428646088
hsa-miR-214-3p,AKAP12,0,,0.2028781622648239
hsa-miR-214-3p,ZFP41,0,33.6,0.22220775485038757
hsa-miR-214-3p,KLK10,0,,0.4485972821712494
hsa-miR-214-3p,BCL2L2,1,,0.1699943244457245
hsa-miR-214-3p,C11orf57,0,26.9,0.199290931224823
hsa-miR-214-3p,FADS2,0,29.5,0.22854264080524445
hsa-miR-214-3p,SRGAP1,1,,0.1326526701450348
hsa-miR-214-3p,C11orf58,0,19.7,0.3457539677619934
hsa-miR-214-3p,CD163,0,24.7,0.26699650287628174
hsa-miR-214-3p,CTNNB1,1,27.2,0.2807157635688782
hsa-miR-214-3p,COL8A1,0,,0.09995059669017792
hsa-miR-214-3p,XBP1,1,30.1,0.3586581349372864
hsa-miR-214-3p,REL,0,,0.13435031473636627
hsa-miR-214-3p,LTF,1,29.5,0.31642085313796997
hsa-miR-214-3p,NOTUM,0,29.2,0.1929260641336441
hsa-miR-214-3p,PPP1R10,0,26.6,0.1655617654323578
hsa-miR-214-3p,MAP2K3,1,27.9,0.16323713958263397
hsa-miR-214-3p,BCL2L11,1,27.7,0.3356756865978241
hsa-miR-214-3p,EFHD1,0,27.7,0.4267406463623047
hsa-miR-214-3p,BFSP2,0,24.8,0.2898046374320984
hsa-miR-214-3p,ASF1B,1,31.2,0.31491291522979736
hsa-miR-214-3p,VIPR1,0,31.6,0.22023338079452515
hsa-miR-214-3p,POU4F2,1,27.7,0.20108525454998016
hsa-miR-214-3p,FAM65B,0,26.1,0.7406584620475769
hsa-miR-214-3p,TPR,0,,0.18680164217948914
hsa-miR-214-3p,NXPE1,0,21.0,0.15366806089878082
hsa-miR-214-3p,IRAK1,0,27.4,0.1698441058397293
hsa-miR-214-3p,MAFG,0,,0.10581742972135544
hsa-miR-214-3p,GK,0,25.8,0.43961456418037415
hsa-miR-214-3p,IPO9,0,,0.07928216457366943
hsa-miR-214-3p,MYLK3,0,,0.08300469815731049
hsa-miR-214-3p,VWA3B,0,26.6,0.22481319308280945
hsa-miR-214-3p,RPS6KA1,0,27.7,0.12610512971878052
hsa-miR-214-3p,MBNL1,0,,0.18935526907444
hsa-miR-214-3p,TDP1,0,27.0,0.09672324359416962
hsa-miR-214-3p,SLC4A4,0,16.1,0.21025405824184418
hsa-miR-214-3p,BNC2,0,28.6,0.08583791553974152
hsa-miR-214-3p,TBX19,0,28.5,0.2399405539035797
hsa-miR-214-3p,TMUB1,0,30.8,0.06352472305297852
hsa-miR-214-3p,EFCAB4B,0,32.0,0.38398027420043945
hsa-miR-214-3p,SEMA4B,0,30.7,0.08167177438735962
hsa-miR-214-3p,ACOT13,0,,0.18556123971939087
hsa-miR-214-3p,TBC1D26,0,28.6,0.12594230473041534
hsa-miR-214-3p,KDM4C,0,32.3,0.5317038297653198
hsa-miR-214-3p,MEIS3,0,26.3,0.18356317281723022
hsa-miR-214-3p,SALL2,0,32.7,0.25644615292549133
hsa-miR-214-3p,SCN5A,0,,0.1788092851638794
hsa-miR-214-3p,AC027763.2,0,30.4,0.15789209306240082
hsa-miR-214-3p,GRWD1,0,,0.10197743028402328
hsa-miR-214-3p,SNX11,0,,0.14004699885845184
hsa-miR-214-3p,GNAO1,0,29.0,0.21444851160049438
hsa-miR-214-3p,UBE2D3,0,,0.07400800287723541
hsa-miR-214-3p,B4GALT2,0,27.9,0.24661608040332794
hsa-miR-214-3p,GALNT7,1,26.3,0.24679461121559143
hsa-miR-214-3p,SNX21,0,29.6,0.27991098165512085
hsa-miR-214-3p,JAG1,1,28.9,0.6482325792312622
hsa-miR-214-3p,CADM1,1,,0.1561991572380066
hsa-miR-214-3p,B2M,0,30.3,0.3435238301753998
hsa-miR-214-3p,KCNK5,0,,0.05760001018643379
hsa-miR-214-3p,PTEN,1,,0.21755635738372803
hsa-miR-214-3p,KCNJ9,0,,0.21266622841358185
hsa-miR-214-3p,AL590822.2,0,29.2,0.108258917927742
hsa-miR-214-3p,CSF2RB,0,32.3,0.07820983976125717
hsa-miR-214-3p,PLEKHG4B,0,,0.059675052762031555
hsa-miR-214-3p,AC006486.1,0,31.0,0.21919584274291992
hsa-miR-214-3p,HOXC4,0,24.9,0.29904788732528687
hsa-miR-214-3p,AC010441.1,0,27.6,0.22224733233451843
hsa-miR-214-3p,MRPL12,0,,0.19469746947288513
hsa-miR-214-3p,QKI,1,,0.3064527213573456
hsa-miR-214-3p,NUTM1,0,21.7,0.2057434320449829
hsa-miR-214-3p,MOCS1,0,,0.1892756223678589
hsa-miR-214-3p,SEPT3,0,27.5,0.11673899739980698
hsa-miR-214-3p,PLXNB1,1,,0.09894905239343643
hsa-miR-214-3p,CENPP,0,,0.10343235731124878
hsa-miR-214-3p,LMO3,0,,0.15914729237556458
hsa-miR-214-3p,PVRL3,0,,0.20174717903137207
hsa-miR-214-3p,KCNJ6,0,,0.0933440625667572
hsa-miR-214-3p,CERS1,0,30.6,0.08955710381269455
hsa-miR-214-3p,ATP10A,0,,0.12653851509094238
hsa-miR-214-3p,FTSJ3,0,30.0,0.23604880273342133
hsa-miR-214-3p,FAM63B,0,,0.03458035737276077
hsa-miR-214-3p,CRADD,0,34.4,0.18660923838615417
hsa-miR-214-3p,SALL1,0,24.8,0.25133469700813293
hsa-miR-214-3p,ARHGAP40,0,27.1,0.21533147990703583
hsa-miR-214-3p,RGS8,0,25.6,0.2225387990474701
hsa-miR-214-3p,TMPO,0,23.4,0.25604763627052307
hsa-miR-214-3p,RALGAPA2,0,,0.09152040630578995
hsa-miR-214-3p,NEU3,0,20.3,0.22499869763851166
hsa-miR-214-3p,GRM4,0,,0.08717214316129684
hsa-miR-214-3p,EFNB1,0,36.9,0.13758252561092377
hsa-miR-214-3p,MAPK8,1,20.7,0.25525033473968506
hsa-miR-214-3p,IFNE,0,,0.1311592012643814
hsa-miR-214-3p,CCL28,0,,0.10963626950979233
hsa-miR-214-3p,FGFR1,1,,0.19356299936771393
hsa-miR-214-3p,C9orf91,0,,0.14202113449573517
hsa-miR-214-3p,ING4,1,29.6,0.36735355854034424
hsa-miR-214-3p,ARID3B,0,,0.09834297001361847
hsa-miR-214-3p,UBE2I,1,30.1,0.16404230892658234
hsa-miR-214-3p,KRTAP9-4,0,22.4,0.23564469814300537
hsa-miR-214-3p,POLH,0,28.9,0.17802095413208008
hsa-miR-214-3p,GADL1,0,,0.15269112586975098
hsa-miR-214-3p,SEC23IP,0,,0.12155675888061523
hsa-miR-214-3p,HDGF,1,28.7,0.18673112988471985
hsa-miR-214-3p,PSMD10,1,25.6,0.583214282989502
hsa-miR-214-3p,NNMT,0,,0.11750881373882294
hsa-miR-214-3p,C10orf128,0,28.9,0.14285077154636383
hsa-miR-214-3p,GLB1L2,0,31.1,0.26153871417045593
hsa-miR-214-3p,PAPPA,1,,0.172031968832016
hsa-miR-214-3p,PLEKHA3,0,,0.2022937536239624
hsa-miR-214-3p,CERS6,0,,0.11041339486837387
hsa-miR-214-3p,DLST,0,27.9,0.09321364015340805
hsa-miR-214-3p,MAST3,0,32.2,0.11042409390211105
hsa-miR-218-5p,CDK6,1,,0.21353191137313843
hsa-miR-218-5p,BDKRB2,0,,0.16618409752845764
hsa-miR-218-5p,SLC47A1,0,24.1,0.1265973299741745
hsa-miR-218-5p,UBL3,0,,0.1368175894021988
hsa-miR-218-5p,LHX9,0,,0.28233978152275085
hsa-miR-218-5p,TRAF3IP1,0,,0.17113706469535828
hsa-miR-218-5p,ZBTB34,0,,0.31272947788238525
hsa-miR-218-5p,JAM2,0,19.0,0.10483118146657944
hsa-miR-218-5p,IKBKB,1,22.4,0.5722430944442749
hsa-miR-218-5p,DKK2,1,,0.264687180519104
hsa-miR-218-5p,HOXA9,0,,0.06784384697675705
hsa-miR-218-5p,PRMT7,0,,0.06437350809574127
hsa-miR-218-5p,LEF1,1,17.9,0.19565708935260773
hsa-miR-218-5p,PLD5,0,,0.2411443442106247
hsa-miR-218-5p,ACTN1,1,20.5,0.42410242557525635
hsa-miR-218-5p,GLI2,1,21.3,0.22714148461818695
hsa-miR-218-5p,RNF219,0,23.6,0.359235554933548
hsa-miR-218-5p,EPDR1,0,19.6,0.14399714767932892
hsa-miR-218-5p,OVCA2,0,22.6,0.22126802802085876
hsa-miR-218-5p,ERCC6,0,,0.24465805292129517
hsa-miR-218-5p,FCGR3A,0,21.0,0.16361206769943237
hsa-miR-218-5p,CDKN1B,1,21.4,0.23067666590213776
hsa-miR-218-5p,MITF,1,,0.30914533138275146
hsa-miR-218-5p,AARD,0,,0.3001255393028259
hsa-miR-218-5p,MAML1,0,,0.12741118669509888
hsa-miR-218-5p,HOXB3,1,20.8,0.2516438961029053
hsa-miR-218-5p,SRCIN1,0,,0.09095374494791031
hsa-miR-218-5p,SLCO2B1,0,21.8,0.31904473900794983
hsa-miR-218-5p,HMGB1,1,,0.16597503423690796
hsa-miR-218-5p,NEXN,0,19.2,0.27753710746765137
hsa-miR-218-5p,LIF,0,,0.10417766869068146
hsa-miR-218-5p,RUNX2,1,,0.3191472589969635
hsa-miR-218-5p,ALAS2,0,15.5,0.7400581240653992
hsa-miR-218-5p,C6ORF50,0,21.5,0.23264145851135254
hsa-miR-218-5p,RICTOR,1,,0.2294183075428009
hsa-miR-218-5p,CXorf61,0,18.8,0.49136853218078613
hsa-miR-218-5p,OSBPL5,0,24.3,0.08031146973371506
hsa-miR-218-5p,CCDC18,0,23.8,0.20438411831855774
hsa-miR-218-5p,LPHN3,0,22.0,0.18640899658203125
hsa-miR-218-5p,ABCC6,0,23.5,0.09951788187026978
hsa-miR-218-5p,BIRC6,1,20.0,0.5052345395088196
hsa-miR-218-5p,BIRC5,1,24.3,0.34914320707321167
hsa-miR-218-5p,ST8SIA2,0,,0.08284971117973328
hsa-miR-218-5p,ALG6,0,,0.22091862559318542
hsa-miR-218-5p,ABCC9,0,19.4,0.1860789954662323
hsa-miR-218-5p,SH3GL1,1,21.1,0.17685942351818085
hsa-miR-218-5p,OTUD7B,1,,0.13446061313152313
hsa-miR-218-5p,MUT,0,19.9,0.18555839359760284
hsa-miR-218-5p,FAM211B,0,20.0,0.22178694605827332
hsa-miR-218-5p,KCNK12,0,,0.3414561152458191
hsa-miR-218-5p,CD300LG,0,26.4,0.19710908830165863
hsa-miR-218-5p,DGKQ,0,,0.22061032056808472
hsa-miR-218-5p,SNX24,0,,0.25469911098480225
hsa-miR-218-5p,TOB1,1,18.2,0.4546252489089966
hsa-miR-218-5p,SOST,1,20.1,0.2511001229286194
hsa-miR-218-5p,CHFR,0,21.2,0.2841495871543884
hsa-miR-218-5p,CHRNB2,0,,0.09039672464132309
hsa-miR-218-5p,FLI1,0,,0.2722630202770233
hsa-miR-218-5p,KLHL8,0,,0.23510149121284485
hsa-miR-218-5p,ZNF101,0,20.2,0.26668092608451843
hsa-miR-218-5p,STX17,0,,0.11924102157354355
hsa-miR-218-5p,PRICKLE2,0,,0.1897357553243637
hsa-miR-218-5p,TCFL5,0,18.9,0.18572187423706055
hsa-miR-218-5p,CACNA1C,0,,0.06188088655471802
hsa-miR-218-5p,NOX4,0,15.6,0.25380170345306396
hsa-miR-218-5p,AS3MT,0,,0.09451691806316376
hsa-miR-218-5p,C7orf43,0,22.3,0.14060825109481812
hsa-miR-218-5p,LMLN,0,,0.34825485944747925
hsa-miR-218-5p,UBIAD1,0,,0.08111713826656342
hsa-miR-218-5p,ZNF277,0,23.3,0.14752089977264404
hsa-miR-218-5p,VIL1,0,21.8,0.23013804852962494
hsa-miR-218-5p,BMI1,1,,0.37590327858924866
hsa-miR-218-5p,VOPP1,1,,0.3504238426685333
hsa-miR-218-5p,SUPT3H,0,,0.3945552110671997
hsa-miR-218-5p,SP1,1,,0.10048923641443253
hsa-miR-218-5p,ZNF461,0,,0.3177814185619354
hsa-miR-218-5p,ERN1,0,,0.16822248697280884
hsa-miR-218-5p,RP11-676J12.7,0,17.7,0.18612174689769745
hsa-miR-218-5p,KIN,0,19.0,0.18492433428764343
hsa-miR-218-5p,GJA1,1,19.1,0.21733108162879944
hsa-miR-218-5p,TTLL11,0,,0.24367542564868927
hsa-miR-218-5p,ZNF302,0,18.7,0.1426607072353363
hsa-miR-218-5p,LAMB3,1,22.3,0.5997941493988037
hsa-miR-218-5p,TRRAP,0,21.5,0.2232169508934021
hsa-miR-218-5p,KARS,0,,0.4398115873336792
hsa-miR-218-5p,PDGFRA,1,21.8,0.4082188606262207
hsa-miR-218-5p,APOB,0,20.2,0.18626773357391357
hsa-miR-218-5p,LASP1,1,,0.17439988255500793
hsa-miR-218-5p,MGAT4C,0,9.4,0.3244074285030365
hsa-miR-218-5p,MORN5,0,21.3,0.20931300520896912
hsa-miR-218-5p,STAM2,1,,0.461820125579834
hsa-miR-218-5p,SFRP2,1,18.2,0.3053225576877594
hsa-miR-218-5p,WDR47,0,20.9,0.2663613259792328
hsa-miR-218-5p,ROBO1,1,,0.4248156249523163
hsa-miR-218-5p,BTBD9,0,,0.19360582530498505
hsa-miR-218-5p,NCALD,0,,0.0981043130159378
hsa-miR-218-5p,AKIRIN1,0,,0.12872712314128876
hsa-miR-22-3p,HM13,0,,0.16194532811641693
hsa-miR-22-3p,HCFC2,0,,0.2530275285243988
hsa-miR-22-3p,EGF,0,,0.3139972686767578
hsa-miR-22-3p,ST8SIA1,0,23.7,0.2550736665725708
hsa-miR-22-3p,PPHLN1,0,23.3,0.3966189920902252
hsa-miR-22-3p,IGFBP4,0,,0.20130786299705505
hsa-miR-22-3p,PAX1,0,,0.20920710265636444
hsa-miR-22-3p,GATAD2B,0,,0.18978075683116913
hsa-miR-22-3p,IQGAP3,0,26.0,0.21666787564754486
hsa-miR-22-3p,LTF,0,23.7,0.2510380744934082
hsa-miR-22-3p,ERBB3,1,24.0,0.4535956382751465
hsa-miR-22-3p,POU6F2,0,22.4,0.1308986097574234
hsa-miR-22-3p,BTG1,1,,0.41184327006340027
hsa-miR-22-3p,GDPGP1,0,,0.16003042459487915
hsa-miR-22-3p,CCAR1,0,21.6,0.23959943652153015
hsa-miR-22-3p,PPT1,0,22.7,0.43095824122428894
hsa-miR-22-3p,WNT1,1,25.5,0.2748050093650818
hsa-miR-22-3p,ACE,0,25.0,0.24879926443099976
hsa-miR-22-3p,ZC3H13,0,22.3,0.536404013633728
hsa-miR-22-3p,WDR52,0,25.8,0.2045997977256775
hsa-miR-22-3p,MYCBP,1,,0.2530673146247864
hsa-miR-22-3p,MAOA,1,,0.31977152824401855
hsa-miR-22-3p,CACNA1E,0,,0.09357447177171707
hsa-miR-22-3p,ELF5,0,25.3,0.3101601004600525
hsa-miR-22-3p,RUNX1,0,19.6,0.35176485776901245
hsa-miR-22-3p,UBE2QL1,0,,0.15559187531471252
hsa-miR-22-3p,SETD1A,0,22.1,0.2643794119358063
hsa-miR-22-3p,HTR2C,1,,0.24749095737934113
hsa-miR-22-3p,PCDHB16,0,,0.19261927902698517
hsa-miR-22-3p,CENPO,0,,0.22632166743278503
hsa-miR-22-3p,HDAC6,1,26.0,0.24014078080654144
hsa-miR-22-3p,IRF5,1,28.2,0.4576689302921295
hsa-miR-22-3p,CDKN1A,1,26.3,0.28366702795028687
hsa-miR-22-3p,EPB41L4A,0,,0.28471556305885315
hsa-miR-22-3p,ZNF85,0,20.8,0.10100775957107544
hsa-miR-22-3p,ZSCAN25,0,,0.24121388792991638
hsa-miR-22-3p,TBPL1,0,12.0,0.2768228054046631
hsa-miR-22-3p,PPARA,1,25.2,0.2682690918445587
hsa-miR-22-3p,BGN,0,24.2,0.20385651290416718
hsa-miR-22-3p,RPUSD1,0,31.1,0.21901381015777588
hsa-miR-22-3p,RAD1,0,,0.30686140060424805
hsa-miR-22-3p,PTEN,1,,0.4002627432346344
hsa-miR-22-3p,CCDC126,0,22.4,0.3488168716430664
hsa-miR-22-3p,TET2,1,26.6,0.4895978569984436
hsa-miR-22-3p,HDAC4,1,23.6,0.20675231516361237
hsa-miR-22-3p,WNK2,0,26.6,0.18436267971992493
hsa-miR-22-3p,KATNBL1,0,,0.3485926389694214
hsa-miR-22-3p,ITGB8,0,,0.24239693582057953
hsa-miR-22-3p,RGS2,1,22.3,0.6500056982040405
hsa-miR-22-3p,CHMP1A,0,29.6,0.1787337362766266
hsa-miR-22-3p,ESR1,1,,0.40207216143608093
hsa-miR-22-3p,NELL2,0,21.6,0.791386067867279
hsa-miR-22-3p,TBC1D13,0,,0.13547039031982422
hsa-miR-22-3p,CECR2,0,10.0,0.3035140335559845
hsa-miR-22-3p,ANKFY1,0,21.7,0.14767655730247498
hsa-miR-22-3p,ARPC5,1,26.5,0.6820568442344666
hsa-miR-22-3p,OBSL1,0,28.0,0.2056829184293747
hsa-miR-22-3p,GPD1,0,29.0,0.22073403000831604
hsa-miR-22-3p,SP1,1,,0.08899477124214172
hsa-miR-22-3p,RCOR1,1,,0.2942952811717987
hsa-miR-22-3p,ADCY7,0,25.0,0.17796967923641205
hsa-miR-22-3p,ERVFRD-1,0,25.6,0.21829700469970703
hsa-miR-22-3p,SLC25A12,0,,0.2514154314994812
hsa-miR-22-3p,AAK1,0,27.2,0.18929168581962585
hsa-miR-22-3p,RPLP1,0,20.2,0.4172733724117279
hsa-miR-22-3p,AL353791.1,0,,0.254362016916275
hsa-miR-22-3p,JPH2,0,25.3,0.24091854691505432
hsa-miR-22-3p,ZFYVE9,0,,0.31552350521087646
hsa-miR-22-3p,CRTC1,0,,0.1727617084980011
hsa-miR-22-3p,ERGIC2,0,,0.2610032558441162
hsa-miR-22-3p,TIAM1,1,25.5,0.2769688665866852
hsa-miR-22-3p,POC1B,0,22.9,0.5626519918441772
hsa-miR-22-3p,CD151,1,22.3,0.3082757592201233
hsa-miR-22-3p,CENPL,0,,0.27646780014038086
hsa-miR-22-3p,NCOA1,1,,0.34669995307922363
hsa-miR-221-3p,DIRAS3,1,22.6,0.5817935466766357
hsa-miR-221-3p,ZEB2,1,,0.2317074090242386
hsa-miR-221-3p,PRELID2,0,23.9,0.16598254442214966
hsa-miR-221-3p,SLC6A11,0,,0.18424704670906067
hsa-miR-221-3p,BTLA,0,,0.09870260953903198
hsa-miR-221-3p,PCYOX1,0,,0.14758522808551788
hsa-miR-221-3p,ANXA1,1,24.5,0.34500235319137573
hsa-miR-221-3p,RB1,1,23.6,0.23781269788742065
hsa-miR-221-3p,DKK2,1,,0.30560949444770813
hsa-miR-221-3p,CERS2,1,27.1,0.44159170985221863
hsa-miR-221-3p,DPH6,0,22.2,0.2854028344154358
hsa-miR-221-3p,ANKRD32,0,,0.20521840453147888
hsa-miR-221-3p,TRPS1,1,14.3,0.1968255490064621
hsa-miR-221-3p,RAB1A,1,,0.18883958458900452
hsa-miR-221-3p,CTCF,1,24.9,0.2364342361688614
hsa-miR-221-3p,CDKN1C,1,28.2,0.24662762880325317
hsa-miR-221-3p,BNIP3,1,28.8,0.24545319378376007
hsa-miR-221-3p,APAF1,1,16.8,0.285679429769516
hsa-miR-221-3p,IGSF3,0,,0.15035945177078247
hsa-miR-221-3p,ROS1,0,22.3,0.22843427956104279
hsa-miR-221-3p,PRDM1,0,,0.21462476253509521
hsa-miR-221-3p,OGFRL1,0,,0.11693296581506729
hsa-miR-221-3p,RAB3B,0,,0.06292843818664551
hsa-miR-221-3p,ACSM5,0,24.0,0.24876709282398224
hsa-miR-221-3p,TIMP3,1,,0.22337093949317932
hsa-miR-221-3p,ERVMER34-1,0,,0.16749966144561768
hsa-miR-221-3p,CREBZF,1,,0.22763101756572723
hsa-miR-221-3p,FPR3,0,24.0,0.17077714204788208
hsa-miR-221-3p,PRKAR2A,0,27.1,0.1793079525232315
hsa-miR-221-3p,RHBDL3,0,,0.05001555755734444
hsa-miR-221-3p,RAPH1,0,24.0,0.10130127519369125
hsa-miR-221-3p,PARG,0,,0.16457200050354004
hsa-miR-221-3p,PHLDB2,0,24.1,0.26255887746810913
hsa-miR-221-3p,CDKN1B,1,24.9,0.48453181982040405
hsa-miR-221-3p,SPA17,0,,0.15745267271995544
hsa-miR-221-3p,FAM96A,0,22.1,0.21662521362304688
hsa-miR-221-3p,REV1,0,22.3,0.343820184469223
hsa-miR-221-3p,BBC3,1,26.5,0.288978636264801
hsa-miR-221-3p,NRG4,0,,0.1866026520729065
hsa-miR-221-3p,HTR4,0,27.5,0.21609458327293396
hsa-miR-221-3p,SYT10,0,,0.364529550075531
hsa-miR-221-3p,DNMT3B,0,28.9,0.1564219892024994
hsa-miR-221-3p,GFRA1,0,,0.07760514318943024
hsa-miR-221-3p,KIF20A,0,26.3,0.6448234915733337
hsa-miR-221-3p,BNIP3L,1,,0.127921923995018
hsa-miR-221-3p,PCMTD2,0,28.3,0.26203954219818115
hsa-miR-221-3p,DDX18,0,29.1,0.22210994362831116
hsa-miR-221-3p,ICAM1,1,28.3,0.23779577016830444
hsa-miR-221-3p,ATOH8,0,,0.0873366966843605
hsa-miR-221-3p,ACOT11,0,31.5,0.14083890616893768
hsa-miR-221-3p,KMT2A,1,,0.38960880041122437
hsa-miR-221-3p,PHEX,0,,0.1648593246936798
hsa-miR-221-3p,SYK,0,,0.14437316358089447
hsa-miR-221-3p,PAK1,1,28.2,0.20660662651062012
hsa-miR-221-3p,GAPVD1,0,24.2,0.26951396465301514
hsa-miR-221-3p,NAP1L1,0,23.6,0.25772273540496826
hsa-miR-221-3p,ADO,0,,0.23650486767292023
hsa-miR-221-3p,C5orf15,0,29.8,0.1935552954673767
hsa-miR-221-3p,BMF,1,,0.16189226508140564
hsa-miR-221-3p,AFF1,1,,0.14604344964027405
hsa-miR-221-3p,WEE1,1,,0.262302041053772
hsa-miR-221-3p,PAG1,0,,0.13136383891105652
hsa-miR-221-3p,C12orf54,0,28.6,0.38687998056411743
hsa-miR-221-3p,TMEM2,0,25.3,0.24128475785255432
hsa-miR-221-3p,UBR2,0,28.3,0.18048149347305298
hsa-miR-221-3p,FOXO3,1,,0.15475694835186005
hsa-miR-221-3p,E2F2,0,,0.23445603251457214
hsa-miR-221-3p,KLHL24,0,26.1,0.13976401090621948
hsa-miR-221-3p,ARSG,0,,0.17526935040950775
hsa-miR-221-3p,MARVELD1,0,,0.1129593774676323
hsa-miR-221-3p,PRTG,0,26.6,0.08496695756912231
hsa-miR-221-3p,KIT,1,,0.38812804222106934
hsa-miR-221-3p,DYNLL2,0,,0.14181086421012878
hsa-miR-221-3p,CD28,0,,0.19073542952537537
hsa-miR-221-3p,FMR1,1,21.2,0.46944186091423035
hsa-miR-221-3p,TIMP2,0,,0.10065345466136932
hsa-miR-221-3p,HRNR,0,24.0,0.28739309310913086
hsa-miR-221-3p,TCF3,0,28.3,0.23027822375297546
hsa-miR-221-3p,KBTBD7,0,,0.2304404377937317
hsa-miR-221-3p,PLRG1,0,,0.14905360341072083
hsa-miR-221-3p,DICER1,1,,0.14461703598499298
hsa-miR-221-3p,HECTD2,1,23.4,0.6147686839103699
hsa-miR-221-3p,PARL,0,,0.1531285047531128
hsa-miR-221-3p,TMED7,1,,0.16898953914642334
hsa-miR-221-3p,ESR1,1,,0.2456897795200348
hsa-miR-221-3p,ZNF778,0,,0.16706639528274536
hsa-miR-221-3p,GRHL1,0,24.6,0.21820323169231415
hsa-miR-221-3p,APOL3,0,,0.1742309331893921
hsa-miR-221-3p,NAA30,0,,0.09802094846963882
hsa-miR-221-3p,KCNQ3,0,,0.14663544297218323
hsa-miR-221-3p,TTC39B,0,24.2,0.09999381005764008
hsa-miR-221-3p,MYBL1,1,,0.28827103972435
hsa-miR-221-3p,BAG2,0,,0.0986863225698471
hsa-miR-221-3p,DUT,0,24.7,0.233555406332016
hsa-miR-221-3p,GFM1,0,25.0,0.19288580119609833
hsa-miR-221-3p,DDIT4,1,27.7,0.2490186244249344
hsa-miR-221-3p,RPL8,0,26.7,0.1306292563676834
hsa-miR-221-3p,SLC22A10,0,23.8,0.5503461360931396
hsa-miR-221-3p,VEZF1,0,,0.23965629935264587
hsa-miR-221-3p,KCNMB3,0,17.4,0.31571975350379944
hsa-miR-221-3p,C12orf36,0,26.4,0.16461455821990967
hsa-miR-221-3p,SYAP1,0,,0.08868148177862167
hsa-miR-221-3p,CD47,0,,0.292555570602417
hsa-miR-221-3p,FOS,1,27.4,0.3176550269126892
hsa-miR-221-3p,ETS1,1,,0.259975790977478
hsa-miR-222-3p,CAMK1D,0,28.1,0.22227714955806732
hsa-miR-222-3p,DIRAS3,1,25.7,0.5683802962303162
hsa-miR-222-3p,RSF1,0,,0.18379080295562744
hsa-miR-222-3p,ACBD7,0,,0.18837593495845795
hsa-miR-222-3p,DKK2,1,,0.31019365787506104
hsa-miR-222-3p,CERS2,1,29.7,0.47864094376564026
hsa-miR-222-3p,TRPS1,1,14.3,0.2316359430551529
hsa-miR-222-3p,KIAA1210,0,,0.1423151195049286
hsa-miR-222-3p,CYP7B1,0,,0.15260502696037292
hsa-miR-222-3p,GLUL,0,,0.09355901181697845
hsa-miR-222-3p,CDKN1C,1,24.1,0.21983259916305542
hsa-miR-222-3p,CLASP1,0,,0.10943786054849625
hsa-miR-222-3p,PTPN3,0,,0.1976909637451172
hsa-miR-222-3p,SOD2,1,25.1,0.209831103682518
hsa-miR-222-3p,LIPG,0,23.9,0.0957203358411789
hsa-miR-222-3p,MMP1,1,22.0,0.3337886929512024
hsa-miR-222-3p,PLXNC1,0,,0.3365473747253418
hsa-miR-222-3p,MYH9,0,12.2,0.07043900340795517
hsa-miR-222-3p,UCP3,0,26.1,0.18066680431365967
hsa-miR-222-3p,TIMP3,1,,0.20494292676448822
hsa-miR-222-3p,NAF1,0,22.0,0.23215705156326294
hsa-miR-222-3p,TP53INP1,0,,0.2198740839958191
hsa-miR-222-3p,CDKN1B,1,25.3,0.5206965208053589
hsa-miR-222-3p,ZNF493,0,26.5,0.18437406420707703
hsa-miR-222-3p,BBC3,1,27.4,0.2936830222606659
hsa-miR-222-3p,FUT1,0,,0.19887293875217438
hsa-miR-222-3p,TTF2,0,,0.2104601114988327
hsa-miR-222-3p,HMGCLL1,0,24.1,0.22678229212760925
hsa-miR-222-3p,DLG2,0,23.3,0.08789727091789246
hsa-miR-222-3p,ICAM1,1,26.2,0.2237541228532791
hsa-miR-222-3p,ZBTB40,0,,0.12120816111564636
hsa-miR-222-3p,PPP2R2A,1,,0.20761504769325256
hsa-miR-222-3p,UBE2D3,0,,0.20439797639846802
hsa-miR-222-3p,RNF165,0,25.1,0.06629300862550735
hsa-miR-222-3p,RECK,1,26.8,0.40146809816360474
hsa-miR-222-3p,LRFN2,0,25.5,0.30413320660591125
hsa-miR-222-3p,SYNCRIP,0,26.2,0.1806364357471466
hsa-miR-222-3p,SLC35F5,0,20.4,0.19426175951957703
hsa-miR-222-3p,UBR2,0,26.1,0.17349621653556824
hsa-miR-222-3p,FOXO3,1,,0.15135988593101501
hsa-miR-222-3p,GAB2,0,,0.14368683099746704
hsa-miR-222-3p,ASCL4,0,32.6,0.23875907063484192
hsa-miR-222-3p,KIT,1,,0.3808022141456604
hsa-miR-222-3p,OSBPL3,0,,0.17879915237426758
hsa-miR-222-3p,PHACTR2,0,20.1,0.2021149843931198
hsa-miR-222-3p,TRPM3,0,27.3,0.08866193890571594
hsa-miR-222-3p,DICER1,1,,0.1454704999923706
hsa-miR-222-3p,ESR1,1,,0.22984282672405243
hsa-miR-222-3p,C2CD2,0,,0.14787867665290833
hsa-miR-222-3p,GPR68,0,26.8,0.2516239285469055
hsa-miR-222-3p,SEPT8,0,27.5,0.19297565519809723
hsa-miR-222-3p,FBXO3,0,,0.21172483265399933
hsa-miR-222-3p,SERPINB1,0,27.9,0.33395546674728394
hsa-miR-222-3p,GSE1,0,,0.13232693076133728
hsa-miR-222-3p,CFL2,0,,0.17575594782829285
hsa-miR-222-3p,AHRR,0,27.2,0.2102384865283966
hsa-miR-222-3p,AMIGO1,0,,0.25962379574775696
hsa-miR-222-3p,HSPB11,0,28.2,0.24692809581756592
hsa-miR-222-3p,DDX55,0,31.7,0.23410214483737946
hsa-miR-222-3p,AADACL2,0,18.8,0.42409747838974
hsa-miR-222-3p,PRKD1,0,27.3,0.21613621711730957
hsa-miR-222-3p,ZNF589,0,19.5,0.08984725922346115
hsa-miR-222-3p,METTL8,0,,0.18669596314430237
hsa-miR-222-3p,PEX26,0,,0.017074741423130035
hsa-miR-222-3p,FOS,1,27.8,0.36317896842956543
hsa-miR-222-3p,COL27A1,0,28.4,0.10074331611394882
hsa-miR-222-3p,PUS7,0,26.4,0.167672798037529
hsa-miR-222-3p,ETS1,1,,0.23939397931098938
hsa-miR-223-3p,ARSJ,0,19.2,0.2535610795021057
hsa-miR-223-3p,CFTR,1,25.5,0.28379249572753906
hsa-miR-223-3p,SLC47A1,0,19.5,0.26404160261154175
hsa-miR-223-3p,LPHN2,0,,0.2421131432056427
hsa-miR-223-3p,TXNRD3,0,26.4,0.3428599238395691
hsa-miR-223-3p,ARTN,1,25.4,0.19383585453033447
hsa-miR-223-3p,HIPK3,0,,0.23920771479606628
hsa-miR-223-3p,TMC5,0,22.2,0.27401161193847656
hsa-miR-223-3p,SEPT10,0,22.9,0.4720757305622101
hsa-miR-223-3p,RHOB,1,24.8,0.5562796592712402
hsa-miR-223-3p,LAMA4,0,18.1,0.2176542580127716
hsa-miR-223-3p,ZNF391,0,,0.26012149453163147
hsa-miR-223-3p,LMO2,1,23.8,0.4075661301612854
hsa-miR-223-3p,PLD5,0,,0.5250118374824524
hsa-miR-223-3p,MPRIP,0,,0.2381161004304886
hsa-miR-223-3p,CCT3,0,17.4,0.43682384490966797
hsa-miR-223-3p,RBBP4,0,16.3,0.1474032700061798
hsa-miR-223-3p,PPTC7,0,,0.2049458920955658
hsa-miR-223-3p,PTBP2,1,19.6,0.34125256538391113
hsa-miR-223-3p,USP32,0,25.6,0.5452024936676025
hsa-miR-223-3p,POLI,0,,0.28130483627319336
hsa-miR-223-3p,PAX6,1,,0.3828006684780121
hsa-miR-223-3p,PRDM1,1,,0.2589593529701233
hsa-miR-223-3p,CP,0,19.7,0.2922115921974182
hsa-miR-223-3p,ATM,1,,0.08889584243297577
hsa-miR-223-3p,PGM5,0,21.9,0.17279374599456787
hsa-miR-223-3p,STXBP5,0,17.1,0.15469270944595337
hsa-miR-223-3p,SSX4,0,21.8,0.37660056352615356
hsa-miR-223-3p,FOXO1,1,,0.29147541522979736
hsa-miR-223-3p,PARP1,1,24.2,0.4517786204814911
hsa-miR-223-3p,ATG7,0,,0.4511012136936188
hsa-miR-223-3p,LIF,1,,0.19908809661865234
hsa-miR-223-3p,MEF2C,1,,0.3087931275367737
hsa-miR-223-3p,SP3,1,,0.3845025300979614
hsa-miR-223-3p,NFIA,1,,0.20782789587974548
hsa-miR-223-3p,CYB5A,1,17.6,0.6880226731300354
hsa-miR-223-3p,SEZ6L,0,18.1,0.27402573823928833
hsa-miR-223-3p,KLRC4,0,,0.31964677572250366
hsa-miR-223-3p,KL,0,25.0,0.46979495882987976
hsa-miR-223-3p,VPS13C,0,,0.24397704005241394
hsa-miR-223-3p,POTED,0,,0.1648569405078888
hsa-miR-223-3p,CTD-2228K2.5,0,,0.13785462081432343
hsa-miR-223-3p,KLHDC7A,0,,0.15993398427963257
hsa-miR-223-3p,EPB41L3,1,17.1,0.25026780366897583
hsa-miR-223-3p,FUNDC2,0,,0.2541443109512329
hsa-miR-223-3p,IGF2BP3,0,,0.1671120524406433
hsa-miR-223-3p,ARHGEF37,0,,0.29697057604789734
hsa-miR-223-3p,PLXDC1,0,22.7,0.19639769196510315
hsa-miR-223-3p,CDYL,0,21.5,0.2035406231880188
hsa-miR-223-3p,KSR2,0,30.6,0.06861534714698792
hsa-miR-223-3p,FAM102A,0,,0.1424180567264557
hsa-miR-223-3p,FBXW7,1,21.7,0.4986144006252289
hsa-miR-223-3p,ECT2,1,20.6,0.3316488564014435
hsa-miR-223-3p,IGF1R,1,,0.3343490958213806
hsa-miR-223-3p,NUP160,0,24.8,0.29807883501052856
hsa-miR-223-3p,CHUK,1,22.9,0.2667704224586487
hsa-miR-223-3p,ETV7,0,16.1,0.1540353000164032
hsa-miR-223-3p,STMN1,1,24.7,0.27880221605300903
hsa-miR-223-3p,C11orf21,0,,0.04467635229229927
hsa-miR-223-3p,RFTN2,0,,0.2923940122127533
hsa-miR-223-3p,WDR35,0,20.9,0.22180487215518951
hsa-miR-223-3p,CAPRIN1,1,17.7,0.4328281283378601
hsa-miR-223-3p,RP11-386G21.2,0,19.7,0.4429624080657959
hsa-miR-223-3p,C5orf46,0,19.6,0.3477230966091156
hsa-miR-223-3p,HSP90B1,1,,0.28400182723999023
hsa-miR-223-3p,ATG9B,0,25.4,0.0807199776172638
hsa-miR-223-3p,E2F1,1,27.0,0.1327723115682602
hsa-miR-223-3p,GMEB1,0,,0.1150398701429367
hsa-miR-223-3p,ZXDC,0,26.0,0.34607595205307007
hsa-miR-223-3p,SCARB1,1,24.3,0.33561769127845764
hsa-miR-223-3p,NUDCD2,0,,0.06304778158664703
hsa-miR-224-5p,OSTM1,0,,0.15164463222026825
hsa-miR-224-5p,PTX3,1,19.6,0.5248986482620239
hsa-miR-224-5p,GOLGA6L4,0,20.1,0.22684238851070404
hsa-miR-224-5p,HDHD2,0,20.8,0.14408671855926514
hsa-miR-224-5p,FOSB,1,23.5,0.05005727335810661
hsa-miR-224-5p,COL4A5,0,19.7,0.2203899621963501
hsa-miR-224-5p,CDC42,1,22.1,0.21806395053863525
hsa-miR-224-5p,RCN1,0,22.5,0.24085421860218048
hsa-miR-224-5p,SLC16A3,0,,0.07675382494926453
hsa-miR-224-5p,IFITM2,0,23.8,0.2372259944677353
hsa-miR-224-5p,PEBP1,1,20.8,0.12519210577011108
hsa-miR-224-5p,TTC9,0,,0.07926498353481293
hsa-miR-224-5p,POGLUT1,0,,0.13180741667747498
hsa-miR-224-5p,ZCCHC14,0,,0.04940168932080269
hsa-miR-224-5p,RP11-366L20.2,0,21.1,0.0743982344865799
hsa-miR-224-5p,KLK10,1,,0.06189986318349838
hsa-miR-224-5p,CHURC1,0,,0.06452152132987976
hsa-miR-224-5p,PDE8A,0,25.4,0.15039122104644775
hsa-miR-224-5p,RNASEH1,0,,0.18261167407035828
hsa-miR-224-5p,SNAI3,0,28.5,0.1804131269454956
hsa-miR-224-5p,DIO1,1,23.4,0.18178662657737732
hsa-miR-224-5p,AC107021.1,0,21.5,0.21637511253356934
hsa-miR-224-5p,SMAD4,1,18.3,0.16238242387771606
hsa-miR-224-5p,PRLR,0,24.5,0.18312770128250122
hsa-miR-224-5p,TGOLN2,0,28.2,0.03579207509756088
hsa-miR-224-5p,PDLIM7,0,22.9,0.14131149649620056
hsa-miR-224-5p,APC,0,,0.1958611011505127
hsa-miR-224-5p,KREMEN1,0,24.2,0.11019110679626465
hsa-miR-224-5p,EYA4,1,19.9,0.2399609237909317
hsa-miR-224-5p,IL5RA,0,19.4,0.10121225565671921
hsa-miR-224-5p,BEND6,0,20.2,0.22416962683200836
hsa-miR-224-5p,HOXD10,1,20.5,0.22771970927715302
hsa-miR-224-5p,AP2M1,1,20.6,0.2722005844116211
hsa-miR-224-5p,PDE3B,0,,0.08437202870845795
hsa-miR-224-5p,API5,1,23.8,0.11602047085762024
hsa-miR-224-5p,KCNMB1,0,23.6,0.06239703297615051
hsa-miR-224-5p,FBXL20,0,25.9,0.04380027949810028
hsa-miR-224-5p,NCOA6,1,22.0,0.29273685812950134
hsa-miR-224-5p,SLITRK3,0,,0.20468232035636902
hsa-miR-224-5p,MAPK8,0,16.1,0.15951195359230042
hsa-miR-224-5p,COPS8,0,,0.03380836173892021
hsa-miR-224-5p,PSEN1,0,18.1,0.09776224941015244
hsa-miR-224-5p,SLC4A4,0,17.7,0.1505817174911499
hsa-miR-224-5p,KIAA1715,0,20.5,0.06337077915668488
hsa-miR-224-5p,SESN1,0,26.0,0.21504318714141846
hsa-miR-224-5p,NIT1,1,24.1,0.1200944259762764
hsa-miR-224-5p,SLC1A2,0,14.0,0.12157312035560608
hsa-miR-224-5p,GLRA3,0,,0.16766080260276794
hsa-miR-224-5p,CD59,0,20.5,0.08081860095262527
hsa-miR-224-5p,ACTR3B,0,23.7,0.2262125313282013
hsa-miR-224-5p,WNT2B,0,,0.08151008188724518
hsa-miR-224-5p,ZNF85,0,21.5,0.2379855215549469
hsa-miR-224-5p,FAM219B,0,,0.11635984480381012
hsa-miR-224-5p,XKR4,0,,0.11730392277240753
hsa-miR-224-5p,MBD2,1,23.9,0.23935571312904358
hsa-miR-224-5p,EDNRA,1,,0.07888498902320862
hsa-miR-224-5p,PHLPP1,1,23.9,0.2706260681152344
hsa-miR-224-5p,CXCR4,1,20.0,0.3306525945663452
hsa-miR-23a-3p,LDHA,1,,0.01938435435295105
hsa-miR-23a-3p,GPATCH2L,0,22.3,0.28832149505615234
hsa-miR-23a-3p,SPRY2,1,22.1,0.36253684759140015
hsa-miR-23a-3p,NKAIN2,0,24.4,0.11815737932920456
hsa-miR-23a-3p,C12orf39,0,21.5,0.21480078995227814
hsa-miR-23a-3p,RASSF9,0,,0.13764289021492004
hsa-miR-23a-3p,FAS,1,,0.25156331062316895
hsa-miR-23a-3p,MSANTD4,0,,0.06165198236703873
hsa-miR-23a-3p,APOOL,0,,0.05310957133769989
hsa-miR-23a-3p,RAP2B,0,,0.132548525929451
hsa-miR-23a-3p,NEK6,1,,0.28616923093795776
hsa-miR-23a-3p,APAF1,1,15.6,0.2682025134563446
hsa-miR-23a-3p,B3GAT2,0,,0.05483135208487511
hsa-miR-23a-3p,NARG2,0,,0.1082238107919693
hsa-miR-23a-3p,AMD1,0,,0.026916727423667908
hsa-miR-23a-3p,SLC22A3,0,,0.04864423722028732
hsa-miR-23a-3p,ZNF486,0,19.4,0.09416254609823227
hsa-miR-23a-3p,LPAR1,1,,0.24842354655265808
hsa-miR-23a-3p,AC002472.13,0,,0.12686604261398315
hsa-miR-23a-3p,CFDP1,0,23.2,0.18980199098587036
hsa-miR-23a-3p,POU4F2,1,21.3,0.37441757321357727
hsa-miR-23a-3p,ATAT1,1,29.7,0.0990915298461914
hsa-miR-23a-3p,SLC35F1,0,,0.04796016216278076
hsa-miR-23a-3p,PPP2R5E,1,,0.26468533277511597
hsa-miR-23a-3p,MYH1,1,18.0,0.6928421258926392
hsa-miR-23a-3p,HS3ST3A1,0,,0.22348356246948242
hsa-miR-23a-3p,CXCL12,1,24.2,0.19023030996322632
hsa-miR-23a-3p,ZNF622,0,27.7,0.08572526276111603
hsa-miR-23a-3p,RPL34,0,21.0,0.03694802150130272
hsa-miR-23a-3p,TLK1,0,,0.1942945271730423
hsa-miR-23a-3p,LDHB,1,18.7,0.2701631188392639
hsa-miR-23a-3p,FAM69B,0,23.9,0.1106884777545929
hsa-miR-23a-3p,CDC42SE2,0,,0.12760765850543976
hsa-miR-23a-3p,JAGN1,0,27.8,0.15962783992290497
hsa-miR-23a-3p,CSGALNACT2,0,,0.1408235877752304
hsa-miR-23a-3p,BNIP3L,0,,0.17666494846343994
hsa-miR-23a-3p,PTPRK,0,25.3,0.21075132489204407
hsa-miR-23a-3p,ZNF732,0,23.6,0.6244256496429443
hsa-miR-23a-3p,CMTM1,0,20.5,0.23543961346149445
hsa-miR-23a-3p,AC135178.1,0,,0.3186010420322418
hsa-miR-23a-3p,PIGS,0,23.1,0.15174812078475952
hsa-miR-23a-3p,SSBP2,0,,0.2074468582868576
hsa-miR-23a-3p,MT2A,1,18.4,0.7707198262214661
hsa-miR-23a-3p,LYRM5,0,25.2,0.21153311431407928
hsa-miR-23a-3p,PPFIA4,0,,0.03342112898826599
hsa-miR-23a-3p,IL6R,1,,0.22654268145561218
hsa-miR-23a-3p,DENND1A,0,27.5,0.3157365024089813
hsa-miR-23a-3p,PPARGC1A,1,,0.12097898125648499
hsa-miR-23a-3p,VN1R1,0,,0.1058139055967331
hsa-miR-23a-3p,MYLK4,0,,0.1132960170507431
hsa-miR-23a-3p,SRFBP1,0,,0.0867382138967514
hsa-miR-23a-3p,DKFZP434H0512,0,,0.29303836822509766
hsa-miR-23a-3p,NPC1,0,25.1,0.07366480678319931
hsa-miR-23a-3p,TOP1,1,22.1,0.3215214014053345
hsa-miR-23a-3p,PTEN,1,,0.11980026960372925
hsa-miR-23a-3p,HCN4,0,,0.0504661425948143
hsa-miR-23a-3p,FOXO3,1,,0.1133561059832573
hsa-miR-23a-3p,TAF1D,0,,0.033819399774074554
hsa-miR-23a-3p,HMGB2,1,,0.24585872888565063
hsa-miR-23a-3p,MYH2,1,20.0,0.2088278830051422
hsa-miR-23a-3p,FANCG,1,23.6,0.17190459370613098
hsa-miR-23a-3p,GRIA3,0,28.6,0.06417123228311539
hsa-miR-23a-3p,OSBPL3,0,,0.19409649074077606
hsa-miR-23a-3p,FMR1,0,18.3,0.20566174387931824
hsa-miR-23a-3p,HMGN2,1,22.9,0.33284449577331543
hsa-miR-23a-3p,HOXB4,1,24.4,0.244047611951828
hsa-miR-23a-3p,SERINC1,0,,0.12776753306388855
hsa-miR-23a-3p,FCRL5,0,20.8,0.22916986048221588
hsa-miR-23a-3p,PTPN11,1,20.0,0.14080238342285156
hsa-miR-23a-3p,TRPA1,0,22.7,0.10843198746442795
hsa-miR-23a-3p,FAM114A1,0,,0.04038093611598015
hsa-miR-23a-3p,UMODL1,0,22.8,0.1880490779876709
hsa-miR-23a-3p,KLRG1,0,22.2,0.23038634657859802
hsa-miR-23a-3p,CTXN3,0,27.3,0.13082201778888702
hsa-miR-23a-3p,SP1,0,,0.06046533212065697
hsa-miR-23a-3p,TMPRSS2,0,22.2,0.15403151512145996
hsa-miR-23a-3p,HID1,0,25.2,0.20151132345199585
hsa-miR-23a-3p,LITAF,0,21.1,0.10135804861783981
hsa-miR-23a-3p,ABI3BP,0,24.7,0.11672414839267731
hsa-miR-23a-3p,CACNB2,0,,0.04265126585960388
hsa-miR-23a-3p,CTC-432M15.3,0,,0.10443229973316193
hsa-miR-23a-3p,POLR2K,0,21.2,0.22272807359695435
hsa-miR-23a-3p,IRF1,1,,0.13221348822116852
hsa-miR-23a-3p,C5orf63,0,20.5,0.6397575736045837
hsa-miR-23a-3p,GSPT2,0,19.5,0.24622640013694763
hsa-miR-23a-3p,HECTD1,0,21.3,0.22011053562164307
hsa-miR-23a-3p,MYH4,1,18.0,0.6203917264938354
hsa-miR-23a-3p,DCBLD1,0,21.4,0.2705998718738556
hsa-miR-23a-3p,ERP27,0,23.7,0.16853326559066772
hsa-miR-23a-3p,DEFB107B,0,26.0,0.12988416850566864
hsa-miR-23a-3p,KLF3,1,24.9,0.2310437262058258
hsa-miR-24-3p,PSAP,1,29.6,0.27289193868637085
hsa-miR-24-3p,ZNF578,0,,0.1463601291179657
hsa-miR-24-3p,LDHA,1,,0.25930267572402954
hsa-miR-24-3p,PCBP2,0,30.0,0.2980159521102905
hsa-miR-24-3p,IKBKAP,0,28.4,0.272935688495636
hsa-miR-24-3p,NOS3,1,28.0,0.2957809269428253
hsa-miR-24-3p,GCSAML,0,,0.15515543520450592
hsa-miR-24-3p,EP400NL,0,26.2,0.24690696597099304
hsa-miR-24-3p,SYTL3,0,28.8,0.12035473436117172
hsa-miR-24-3p,WNT11,0,27.3,0.160392627120018
hsa-miR-24-3p,B3GNT3,0,24.0,0.1342916339635849
hsa-miR-24-3p,IQSEC3,0,10.4,0.08686180412769318
hsa-miR-24-3p,ERCC8,0,,0.13527825474739075
hsa-miR-24-3p,KREMEN1,0,25.8,0.2572571635246277
hsa-miR-24-3p,NID1,0,,0.28611189126968384
hsa-miR-24-3p,SLC25A26,0,24.7,0.10154959559440613
hsa-miR-24-3p,EDEM1,0,27.5,0.23821337521076202
hsa-miR-24-3p,CAV2,0,28.7,0.10636037588119507
hsa-miR-24-3p,TCAIM,0,26.6,0.1751093566417694
hsa-miR-24-3p,DND1,1,25.7,0.47565293312072754
hsa-miR-24-3p,FAF1,1,,0.10659432411193848
hsa-miR-24-3p,ARHGAP19,1,,0.17351597547531128
hsa-miR-24-3p,AGPAT2,1,34.8,0.3867877721786499
hsa-miR-24-3p,IMPA1,0,,0.12720435857772827
hsa-miR-24-3p,NAPB,0,,0.2172204852104187
hsa-miR-24-3p,MYC,1,26.9,0.33967044949531555
hsa-miR-24-3p,MXI1,1,,0.22433710098266602
hsa-miR-24-3p,SEMA6A,0,,0.2329404354095459
hsa-miR-24-3p,SLC18B1,0,29.3,0.33001887798309326
hsa-miR-24-3p,ACVR1B,1,23.3,0.1958630383014679
hsa-miR-24-3p,SNRNP25,0,25.0,0.17621561884880066
hsa-miR-24-3p,MSS51,0,26.8,0.26694321632385254
hsa-miR-24-3p,RBM11,0,26.6,0.580154299736023
hsa-miR-24-3p,ENO2,0,25.0,0.18540792167186737
hsa-miR-24-3p,VWA2,0,23.8,0.2597866654396057
hsa-miR-24-3p,ZNF841,0,,0.12503139674663544
hsa-miR-24-3p,BRCA1,1,23.8,0.12579336762428284
hsa-miR-24-3p,MEN1,1,23.7,0.2819594144821167
hsa-miR-24-3p,CCDC80,0,,0.07084569334983826
hsa-miR-24-3p,ITIH5,0,25.0,0.11224190890789032
hsa-miR-24-3p,APOA5,0,28.0,0.19267244637012482
hsa-miR-24-3p,AFF1,0,,0.16091486811637878
hsa-miR-24-3p,C19orf82,0,26.9,0.22379444539546967
hsa-miR-24-3p,WAPAL,0,,0.19065839052200317
hsa-miR-24-3p,ATP5G1,0,10.7,0.08866419643163681
hsa-miR-24-3p,WT1,0,,0.16604618728160858
hsa-miR-24-3p,SH3PXD2A,1,31.8,0.1054157242178917
hsa-miR-24-3p,VNN3,0,25.3,0.3974878191947937
hsa-miR-24-3p,HNRNPUL1,0,,0.13394401967525482
hsa-miR-24-3p,AS3MT,0,,0.1610628068447113
hsa-miR-24-3p,PTER,0,,0.21076591312885284
hsa-miR-24-3p,FOXO4,0,30.8,0.30023255944252014
hsa-miR-24-3p,FAM154A,0,30.5,0.1439397782087326
hsa-miR-24-3p,MLEC,1,,0.19011211395263672
hsa-miR-24-3p,PLEK,0,25.5,0.46529731154441833
hsa-miR-24-3p,APOL3,0,,0.18977779150009155
hsa-miR-24-3p,CLIP2,0,,0.09938381612300873
hsa-miR-24-3p,PDSS2,0,18.8,0.29813650250434875
hsa-miR-24-3p,ZCRB1,0,20.8,0.5888916254043579
hsa-miR-24-3p,ATXN1,0,,0.06295497715473175
hsa-miR-24-3p,CEACAM21,0,27.3,0.5562731027603149
hsa-miR-24-3p,TP53INP2,0,,0.16604307293891907
hsa-miR-24-3p,CGNL1,0,,0.17318204045295715
hsa-miR-24-3p,ARPC4-TTLL3,0,30.3,0.1989065259695053
hsa-miR-24-3p,MMP14,1,28.4,0.31186193227767944
hsa-miR-24-3p,GRAP2,0,,0.10541830211877823
hsa-miR-24-3p,SPG7,0,26.6,0.06043398007750511
hsa-miR-24-3p,ARID5A,0,27.3,0.3003530502319336
hsa-miR-24-3p,CLCN6,0,29.4,0.24955858290195465
hsa-miR-24-3p,CA13,0,,0.14743787050247192
hsa-miR-24-3p,CHRNA7,0,,0.18737834692001343
hsa-miR-24-3p,RPL12,0,,0.1718202382326126
hsa-miR-24-3p,ZNF595,0,25.9,0.19357401132583618
hsa-miR-24-3p,EIF2S3,1,,0.16567853093147278
hsa-miR-24-3p,SERTM1,0,,0.263663649559021
hsa-miR-24-3p,C17orf70,0,28.0,0.11162353307008743
hsa-miR-24-3p,TRAF5,0,,0.2388286143541336
hsa-miR-24-3p,KANK2,0,23.9,0.08605873584747314
hsa-miR-24-3p,ALG14,0,,0.05027025192975998
hsa-miR-24-3p,FURIN,1,29.4,0.11075592041015625
hsa-miR-24-3p,GALNT15,0,,0.29760366678237915
hsa-miR-24-3p,ZBTB20,0,,0.11565987765789032
hsa-miR-24-3p,INF2,0,28.2,0.11019407957792282
hsa-miR-24-3p,FAM155A,0,,0.10377583652734756
hsa-miR-24-3p,UAP1L1,0,27.6,0.1052548959851265
hsa-miR-24-3p,DACT3,0,28.4,0.15903052687644958
hsa-miR-24-3p,MCHR1,0,25.6,0.220406636595726
hsa-miR-24-3p,KCNN1,0,27.0,0.12007471174001694
hsa-miR-24-3p,MOXD1,0,27.6,0.20363689959049225
hsa-miR-24-3p,RAD52,0,27.5,0.2351166009902954
hsa-miR-24-3p,ZNF217,1,,0.39495015144348145
hsa-miR-24-3p,PPP1R27,0,28.6,0.3441835939884186
hsa-miR-24-3p,DIP2A,0,24.0,0.36462536454200745
hsa-miR-24-3p,INPP4B,0,25.8,0.17261448502540588
hsa-miR-24-3p,CELF2,0,,0.20716379582881927
hsa-miR-24-3p,HMOX1,1,30.6,0.21558934450149536
hsa-miR-24-3p,XIAP,1,,0.3677634298801422
hsa-miR-24-3p,GAP43,0,24.8,0.24017009139060974
hsa-miR-24-3p,SLC41A1,0,,0.2635458707809448
hsa-miR-24-3p,RNF115,0,,0.14921650290489197
hsa-miR-24-3p,TMEM138,0,21.6,0.23156866431236267
hsa-miR-24-3p,C1orf210,0,,0.19645848870277405
hsa-miR-24-3p,PTPRF,1,,0.3181060552597046
hsa-miR-24-3p,CYCS,0,,0.15555423498153687
hsa-miR-24-3p,HAVCR1,0,,0.15347076952457428
hsa-miR-24-3p,CDKN1B,1,25.5,0.38533058762550354
hsa-miR-24-3p,C10orf105,0,,0.12221793830394745
hsa-miR-24-3p,CD180,0,,0.24859867990016937
hsa-miR-24-3p,NDUFS1,0,,0.15863722562789917
hsa-miR-24-3p,ANKRD44,0,27.5,0.8297024369239807
hsa-miR-24-3p,ELAC1,0,28.8,0.28766608238220215
hsa-miR-24-3p,CCNI2,0,31.3,0.3110409080982208
hsa-miR-24-3p,ZNF33B,0,,0.1314067244529724
hsa-miR-24-3p,VSIG4,0,26.9,0.14597570896148682
hsa-miR-24-3p,EPX,0,27.7,0.27530768513679504
hsa-miR-24-3p,SEZ6,0,23.3,0.23671691119670868
hsa-miR-24-3p,MRPS30,0,,0.14130981266498566
hsa-miR-24-3p,NAGA,0,25.5,0.16290044784545898
hsa-miR-24-3p,SURF6,0,,0.08485697209835052
hsa-miR-24-3p,DHFR,1,26.0,0.1499335616827011
hsa-miR-24-3p,TMF1,0,,0.24760198593139648
hsa-miR-24-3p,CHEK1,1,26.2,0.23660330474376678
hsa-miR-24-3p,TYRO3,0,,0.18419687449932098
hsa-miR-24-3p,ACAD9,0,29.9,0.2676188051700592
hsa-miR-24-3p,AC005003.1,0,,0.27294331789016724
hsa-miR-24-3p,PPFIA4,0,,0.19982144236564636
hsa-miR-24-3p,PTCD1,0,,0.1221112385392189
hsa-miR-24-3p,CCNC,0,25.9,0.21232298016548157
hsa-miR-24-3p,ULK1,0,29.1,0.16928605735301971
hsa-miR-24-3p,DAZAP1,0,24.4,0.3863624334335327
hsa-miR-24-3p,KLKB1,0,25.5,0.30488961935043335
hsa-miR-24-3p,MSANTD2,0,24.9,0.12762509286403656
hsa-miR-24-3p,SSSCA1,0,35.4,0.180886372923851
hsa-miR-24-3p,PQLC2,0,,0.1416860967874527
hsa-miR-24-3p,SLC25A25,0,30.1,0.13080114126205444
hsa-miR-24-3p,C19orf24,0,29.8,0.2853963375091553
hsa-miR-24-3p,DPY19L3,0,27.0,0.252794086933136
hsa-miR-24-3p,PLOD2,0,25.7,0.3050011396408081
hsa-miR-24-3p,LY75,0,25.8,0.1770232915878296
hsa-miR-24-3p,MYO18B,0,29.6,0.3050543963909149
hsa-miR-24-3p,EIF3L,0,31.0,0.21000324189662933
hsa-miR-24-3p,ILDR2,0,21.3,0.12162861227989197
hsa-miR-24-3p,FBXO45,0,,0.13811933994293213
hsa-miR-24-3p,XYLT1,0,,0.1374703198671341
hsa-miR-24-3p,RP11-111M22.2,0,20.8,0.08760947734117508
hsa-miR-24-3p,DYRK2,1,,0.2595479488372803
hsa-miR-24-3p,MAPK14,1,,0.10862977802753448
hsa-miR-24-3p,OSCAR,0,33.2,0.1495719850063324
hsa-miR-24-3p,PSG1,0,24.3,0.29343748092651367
hsa-miR-24-3p,KDSR,0,,0.18249565362930298
hsa-miR-24-3p,MAP3K9,1,,0.164132758975029
hsa-miR-24-3p,FXYD3,0,28.2,0.16036424040794373
hsa-miR-24-3p,ZNF641,0,,0.15216563642024994
hsa-miR-24-3p,ZNF805,0,,0.16397200524806976
hsa-miR-24-3p,MCMBP,0,,0.11997358500957489
hsa-miR-24-3p,MPV17,0,26.9,0.2527075409889221
hsa-miR-24-3p,ZNF154,0,,0.10122992098331451
hsa-miR-24-3p,CD5L,0,28.9,0.32487496733665466
hsa-miR-24-3p,PTPN9,1,,0.22479994595050812
hsa-miR-24-3p,NUDT4,0,,0.16809439659118652
hsa-miR-24-3p,NLE1,0,,0.06103337183594704
hsa-miR-24-3p,TMEM38A,0,31.6,0.169551283121109
hsa-miR-24-3p,PEX5,0,30.9,0.25991252064704895
hsa-miR-24-3p,MN1,0,,0.10355144739151001
hsa-miR-24-3p,UGT1A6,0,21.7,0.2839503288269043
hsa-miR-24-3p,C6orf25,0,25.9,0.19394823908805847
hsa-miR-24-3p,NUDT19,0,,0.17839545011520386
hsa-miR-24-3p,CLVS2,0,,0.141258105635643
hsa-miR-24-3p,STOML1,0,,0.13838152587413788
hsa-miR-24-3p,NDUFAF3,0,28.9,0.16985133290290833
hsa-miR-24-3p,JPH2,1,25.3,0.1996767222881317
hsa-miR-24-3p,UBAP2,0,27.0,0.25401240587234497
hsa-miR-24-3p,PAK4,1,,0.2371886968612671
hsa-miR-24-3p,RDH13,0,,0.17846238613128662
hsa-miR-24-3p,URGCP,0,18.5,0.1512255221605301
hsa-miR-24-3p,HNF4A,1,,0.19978442788124084
hsa-miR-24-3p,DHRS7B,0,27.9,0.27357685565948486
hsa-miR-24-3p,CALCR,0,27.7,0.5337719917297363
hsa-miR-24-3p,UGT1A10,0,21.7,0.2839503288269043
hsa-miR-24-3p,LPXN,0,23.4,0.1642342507839203
hsa-miR-24-3p,FGFBP3,0,24.2,0.3473615050315857
hsa-miR-24-3p,PEX13,0,23.5,0.13368353247642517
hsa-miR-24-3p,FHAD1,0,23.7,0.1876651793718338
hsa-miR-24-3p,ZNF626,0,,0.20191824436187744
hsa-miR-25-3p,INF2,0,25.6,0.1649538278579712
hsa-miR-25-3p,PGBD4,0,,0.04741431772708893
hsa-miR-25-3p,EPT1,0,,0.16354796290397644
hsa-miR-25-3p,MDM2,1,29.0,0.2131992131471634
hsa-miR-25-3p,RECK,1,22.3,0.26818710565567017
hsa-miR-25-3p,PTEN,1,,0.3304922580718994
hsa-miR-25-3p,RGL1,0,,0.21864867210388184
hsa-miR-25-3p,DSC2,1,,0.5421503782272339
hsa-miR-25-3p,HEG1,0,,0.20255404710769653
hsa-miR-25-3p,GRIA3,0,21.5,0.18769054114818573
hsa-miR-25-3p,CREM,0,25.2,0.2898445129394531
hsa-miR-25-3p,CDKN1C,1,21.8,0.32394731044769287
hsa-miR-25-3p,SMAD7,1,25.6,0.27594590187072754
hsa-miR-25-3p,DNAJB4,0,,0.018253296613693237
hsa-miR-25-3p,SERPINB10,0,26.5,0.2712012529373169
hsa-miR-25-3p,CERS1,0,28.3,0.19667907059192657
hsa-miR-25-3p,TBC1D8B,0,23.2,0.2950788140296936
hsa-miR-25-3p,ZNF792,0,23.1,0.17572523653507233
hsa-miR-25-3p,TP53,1,29.4,0.17782986164093018
hsa-miR-25-3p,DCAF12L2,0,23.0,0.2459995150566101
hsa-miR-25-3p,BCL2L11,1,25.3,0.32184019684791565
hsa-miR-25-3p,ATP2A2,1,26.1,0.45946621894836426
hsa-miR-25-3p,LATS2,1,24.9,0.5385174751281738
hsa-miR-25-3p,STAT2,0,28.3,0.061894506216049194
hsa-miR-25-3p,C15orf38,0,,0.020357094705104828
hsa-miR-25-3p,MSTO1,0,23.4,0.23134830594062805
hsa-miR-25-3p,ZNF222,0,21.7,0.19668152928352356
hsa-miR-25-3p,REV3L,1,23.1,0.33715808391571045
hsa-miR-25-3p,KAT2B,1,20.4,0.41503381729125977
hsa-miR-25-3p,KIAA0391,0,,0.041346997022628784
hsa-miR-25-3p,EZH2,1,21.8,0.3462662994861603
hsa-miR-25-3p,MTPAP,0,,0.016838833689689636
hsa-miR-25-3p,PGBD2,0,25.1,0.3211260437965393
hsa-miR-25-3p,CDH1,1,,0.03956317901611328
hsa-miR-25-3p,TCF4,0,,0.263860285282135
hsa-miR-25-3p,CSMD3,0,22.0,0.2700960636138916
hsa-miR-25-3p,DCAF11,0,31.0,0.11755868792533875
hsa-miR-25-3p,PRPS1,0,11.0,0.037674419581890106
hsa-miR-25-3p,PLEKHA3,0,,0.06631644815206528
hsa-miR-25-3p,TFAP2A,0,23.7,0.11290659010410309
hsa-miR-25-3p,CCDC89,0,21.6,0.4524577856063843
hsa-miR-26a-5p,HLA-A,0,,0.09356710314750671
hsa-miR-26a-5p,THOC5,0,,0.1285238265991211
hsa-miR-26a-5p,LIN7A,0,,0.1216774508357048
hsa-miR-26a-5p,CDK6,1,,0.11309220641851425
hsa-miR-26a-5p,DOPEY1,0,20.3,0.19304263591766357
hsa-miR-26a-5p,ZEB2,0,,0.11895130574703217
hsa-miR-26a-5p,CCNE1,1,19.3,0.15955910086631775
hsa-miR-26a-5p,TMEM33,0,,0.1950630098581314
hsa-miR-26a-5p,CHD1,1,,0.19851061701774597
hsa-miR-26a-5p,RB1,1,22.9,0.1877783238887787
hsa-miR-26a-5p,AMACR,1,29.0,0.16503240168094635
hsa-miR-26a-5p,COX7A1,0,27.8,0.2742287218570709
hsa-miR-26a-5p,MS4A7,0,18.8,0.03106836974620819
hsa-miR-26a-5p,GPR173,0,,0.05539732426404953
hsa-miR-26a-5p,RPL36A-HNRNPH2,0,,0.14955100417137146
hsa-miR-26a-5p,NDUFV3,0,,0.032184407114982605
hsa-miR-26a-5p,MAP3K2,1,,0.2334921509027481
hsa-miR-26a-5p,COL11A2,0,24.0,0.04785844683647156
hsa-miR-26a-5p,PAQR5,0,,0.10527125746011734
hsa-miR-26a-5p,CPEB2,1,,0.11055883020162582
hsa-miR-26a-5p,PCK1,0,20.5,0.12898004055023193
hsa-miR-26a-5p,IL6ST,0,,0.08572636544704437
hsa-miR-26a-5p,STARD13,0,21.5,0.411064475774765
hsa-miR-26a-5p,TMEM260,0,19.3,0.0969560369849205
hsa-miR-26a-5p,CCND2,1,,0.15602567791938782
hsa-miR-26a-5p,BAG4,1,,0.3359500765800476
hsa-miR-26a-5p,PPTC7,0,,0.11878175288438797
hsa-miR-26a-5p,ZNF484,0,28.0,0.19445979595184326
hsa-miR-26a-5p,SMAD4,1,17.6,0.16756662726402283
hsa-miR-26a-5p,CD276,0,25.4,0.07844594120979309
hsa-miR-26a-5p,RP1-170O19.20,0,,0.21498039364814758
hsa-miR-26a-5p,LMOD1,0,23.3,0.06840335577726364
hsa-miR-26a-5p,PLAG1,1,,0.061280157417058945
hsa-miR-26a-5p,OPCML,0,,0.09682896733283997
hsa-miR-26a-5p,NR0B1,0,20.5,0.6227747797966003
hsa-miR-26a-5p,ZNF446,0,,0.019967690110206604
hsa-miR-26a-5p,EIF5A2,0,,0.06925000995397568
hsa-miR-26a-5p,CPEB3,1,,0.03608275204896927
hsa-miR-26a-5p,RABGAP1L,0,23.5,0.14489243924617767
hsa-miR-26a-5p,ATM,0,,0.20837664604187012
hsa-miR-26a-5p,DUXA,0,,0.2107362151145935
hsa-miR-26a-5p,PLEKHG2,0,22.8,0.04008442908525467
hsa-miR-26a-5p,SLC7A6,0,,0.12702681124210358
hsa-miR-26a-5p,TRAPPC13,0,,0.15224425494670868
hsa-miR-26a-5p,RAPGEF3,0,,0.21810097992420197
hsa-miR-26a-5p,KIAA1462,0,,0.11482704430818558
hsa-miR-26a-5p,SENP6,0,24.2,0.17069867253303528
hsa-miR-26a-5p,EZH2,1,22.9,0.6382856369018555
hsa-miR-26a-5p,HMGA2,1,23.6,0.24126467108726501
hsa-miR-26a-5p,GPR52,0,20.6,0.560248613357544
hsa-miR-26a-5p,PCMTD2,0,20.6,0.1077280193567276
hsa-miR-26a-5p,NIP7,0,26.0,0.1982118934392929
hsa-miR-26a-5p,ARL14EP,0,,0.153493732213974
hsa-miR-26a-5p,GDAP1,1,,0.13332542777061462
hsa-miR-26a-5p,SLAMF1,0,23.1,0.0965680181980133
hsa-miR-26a-5p,KLF8,0,,0.15769445896148682
hsa-miR-26a-5p,TSR1,0,24.0,0.06312941759824753
hsa-miR-26a-5p,SERBP1,1,,0.25379273295402527
hsa-miR-26a-5p,TMEM202,0,22.4,0.2478068768978119
hsa-miR-26a-5p,UBE2D3,0,,0.0383080318570137
hsa-miR-26a-5p,PLA2G2C,0,,0.05592357739806175
hsa-miR-26a-5p,TFAP2A,0,18.8,0.15616732835769653
hsa-miR-26a-5p,STAR,0,21.4,0.05066749453544617
hsa-miR-26a-5p,KLHDC8B,0,22.0,0.08730193227529526
hsa-miR-26a-5p,C4orf19,0,23.5,0.040909335017204285
hsa-miR-26a-5p,HIF1AN,0,,0.09713483601808548
hsa-miR-26a-5p,C1orf52,0,23.6,0.1197434514760971
hsa-miR-26a-5p,PPP3CC,0,15.0,0.10216180980205536
hsa-miR-26a-5p,PTEN,1,,0.24673768877983093
hsa-miR-26a-5p,GSK3B,1,,0.10818873345851898
hsa-miR-26a-5p,FILIP1,0,19.5,0.24213622510433197
hsa-miR-26a-5p,CSF2RB,0,22.7,0.19016261398792267
hsa-miR-26a-5p,IL6,1,24.0,0.21398606896400452
hsa-miR-26a-5p,RAPGEF6,0,23.4,0.3003121018409729
hsa-miR-26a-5p,ILDR2,0,21.0,0.06583830714225769
hsa-miR-26a-5p,HPGD,0,24.1,0.31829899549484253
hsa-miR-26a-5p,ARL4C,1,,0.15320901572704315
hsa-miR-26a-5p,HMGA1,1,26.5,0.5041670203208923
hsa-miR-26a-5p,MAGOHB,0,,0.12710466980934143
hsa-miR-26a-5p,MTDH,1,,0.2929513454437256
hsa-miR-26a-5p,POM121C,0,,0.14057140052318573
hsa-miR-26a-5p,ESR1,1,,0.1693502813577652
hsa-miR-26a-5p,HBS1L,0,20.8,0.10302232950925827
hsa-miR-26a-5p,ZNF470,0,24.2,0.11358354985713959
hsa-miR-26a-5p,GRIN2A,0,,0.10711856931447983
hsa-miR-26a-5p,CCNE2,1,26.3,0.21473146975040436
hsa-miR-26a-5p,RCBTB1,1,27.5,0.31861990690231323
hsa-miR-26a-5p,MICU3,0,,0.09512622654438019
hsa-miR-26a-5p,MRPL10,0,22.2,0.07444843649864197
hsa-miR-26a-5p,DLD,0,,0.028946928679943085
hsa-miR-26a-5p,TMPRSS11F,0,19.1,0.21624797582626343
hsa-miR-26a-5p,NOL4,0,22.0,0.09425855427980423
hsa-miR-26a-5p,SETD7,0,22.8,0.19948288798332214
hsa-miR-26a-5p,HNF1B,0,27.9,0.23332855105400085
hsa-miR-26a-5p,SMAD1,1,23.5,0.2728259861469269
hsa-miR-26a-5p,ING2,0,,0.18465206027030945
hsa-miR-26a-5p,KLF11,0,,0.09952594339847565
hsa-miR-26a-5p,CPEB4,1,17.8,0.09947475045919418
hsa-miR-26a-5p,FAM69A,0,20.7,0.15628841519355774
hsa-miR-26a-5p,PRKCD,1,23.6,0.4872620403766632
hsa-miR-26a-5p,SMG7,0,20.9,0.16101107001304626
hsa-miR-26a-5p,PSMB2,0,,0.04249799996614456
hsa-miR-26a-5p,FGF9,1,,0.17786070704460144
hsa-miR-26a-5p,CERS6,0,,0.0904417634010315
hsa-miR-26a-5p,TMEM127,0,,0.08729206770658493
hsa-miR-26a-5p,ABCA1,1,21.5,0.14561286568641663
hsa-miR-26a-5p,SLC2A12,0,,0.1158529594540596
hsa-miR-27a-3p,PSAP,1,29.6,0.19774067401885986
hsa-miR-27a-3p,ZBTB10,1,,0.19780369102954865
hsa-miR-27a-3p,CRCP,0,,0.0641462504863739
hsa-miR-27a-3p,SPRY2,1,22.4,0.5122957229614258
hsa-miR-27a-3p,MYT1,1,25.4,0.4784603416919708
hsa-miR-27a-3p,PDE4DIP,0,25.3,0.18212415277957916
hsa-miR-27a-3p,PHB,1,25.3,0.38289564847946167
hsa-miR-27a-3p,SCD5,0,23.4,0.2570886015892029
hsa-miR-27a-3p,USP4,0,28.8,0.25357872247695923
hsa-miR-27a-3p,MB,0,,0.10809427499771118
hsa-miR-27a-3p,PRPF40A,0,,0.17977920174598694
hsa-miR-27a-3p,RP11-147C23.1,0,25.3,0.5391499996185303
hsa-miR-27a-3p,GATA2,1,28.1,0.17823255062103271
hsa-miR-27a-3p,ITPRIPL1,0,,0.2041756510734558
hsa-miR-27a-3p,ERVMER34-1,0,,0.2762533724308014
hsa-miR-27a-3p,EPC1,0,23.4,0.2138620913028717
hsa-miR-27a-3p,DLL4,0,28.3,0.25246891379356384
hsa-miR-27a-3p,HDHD3,0,23.4,0.2958540916442871
hsa-miR-27a-3p,CALD1,0,,0.20216971635818481
hsa-miR-27a-3p,DCLK2,0,25.1,0.16527783870697021
hsa-miR-27a-3p,KIF7,0,23.7,0.17309239506721497
hsa-miR-27a-3p,P2RY2,0,,0.06156263127923012
hsa-miR-27a-3p,PLAC8,0,22.6,0.19998948276042938
hsa-miR-27a-3p,FOXO1,1,,0.20964954793453217
hsa-miR-27a-3p,GRSF1,0,,0.20597383379936218
hsa-miR-27a-3p,ZNF442,0,,0.15853337943553925
hsa-miR-27a-3p,MAP2K4,1,,0.3750421404838562
hsa-miR-27a-3p,SEMA6A,1,,0.19244472682476044
hsa-miR-27a-3p,SOWAHC,0,,0.1838272511959076
hsa-miR-27a-3p,USP2,0,26.2,0.1424299031496048
hsa-miR-27a-3p,CXorf38,0,,0.19827187061309814
hsa-miR-27a-3p,SASH1,0,17.5,0.06597375869750977
hsa-miR-27a-3p,PAX3,1,25.1,0.468330442905426
hsa-miR-27a-3p,GDF6,0,,0.23232489824295044
hsa-miR-27a-3p,RAB23,0,,0.07326237112283707
hsa-miR-27a-3p,CNDP2,0,,0.14659172296524048
hsa-miR-27a-3p,UBE2Q1,0,23.3,0.16272082924842834
hsa-miR-27a-3p,PTPRO,0,15.2,0.16464616358280182
hsa-miR-27a-3p,ARFGEF1,0,20.1,0.27179163694381714
hsa-miR-27a-3p,SLC27A4,0,,0.14234481751918793
hsa-miR-27a-3p,ARHGAP19-SLIT1,0,,0.0789746642112732
hsa-miR-27a-3p,EPB41,0,14.5,0.21741804480552673
hsa-miR-27a-3p,NPC1,0,23.8,0.191496804356575
hsa-miR-27a-3p,STRADA,0,29.4,0.14594349265098572
hsa-miR-27a-3p,SETD8,0,25.1,0.32821720838546753
hsa-miR-27a-3p,WEE1,1,,0.14766281843185425
hsa-miR-27a-3p,ARSI,0,29.7,0.1536063253879547
hsa-miR-27a-3p,CD3D,0,,0.1476643830537796
hsa-miR-27a-3p,LRP8,0,,0.15764427185058594
hsa-miR-27a-3p,EGFR,1,24.3,0.3516526520252228
hsa-miR-27a-3p,ALDH4A1,0,31.5,0.5041324496269226
hsa-miR-27a-3p,C5AR2,0,23.2,0.1969650685787201
hsa-miR-27a-3p,UTP23,0,22.5,0.18655970692634583
hsa-miR-27a-3p,FBXW7,1,25.6,0.3823869228363037
hsa-miR-27a-3p,SMC2,0,,0.06463029980659485
hsa-miR-27a-3p,PDS5B,1,,0.43622273206710815
hsa-miR-27a-3p,SLC9A7,0,,0.238694429397583
hsa-miR-27a-3p,AFMID,0,25.0,0.31714171171188354
hsa-miR-27a-3p,GALR1,0,23.5,0.2065609097480774
hsa-miR-27a-3p,SLC7A11,1,,0.31581151485443115
hsa-miR-27a-3p,HOXA10,1,22.6,0.3206881284713745
hsa-miR-27a-3p,POU4F1,0,,0.15022458136081696
hsa-miR-27a-3p,THBS2,0,,0.22008199989795685
hsa-miR-27a-3p,GORAB,0,24.5,0.23667679727077484
hsa-miR-27a-3p,THRB,1,,0.1728944331407547
hsa-miR-27a-3p,APC,1,,0.15485604107379913
hsa-miR-27a-3p,ARRDC4,0,,0.21217775344848633
hsa-miR-27a-3p,SGCA,0,21.3,0.18060339987277985
hsa-miR-27a-3p,FBLN2,0,26.5,0.28663626313209534
hsa-miR-27a-3p,NFE2L2,1,20.0,0.3292402923107147
hsa-miR-27a-3p,MET,1,24.9,0.24122416973114014
hsa-miR-27a-3p,MAP3K9,0,,0.08891169726848602
hsa-miR-27a-3p,RGPD6,0,12.7,0.2552222013473511
hsa-miR-27a-3p,MRPL10,0,24.1,0.13899344205856323
hsa-miR-27a-3p,MEGF6,0,,0.12996020913124084
hsa-miR-27a-3p,SP1,1,,0.08931158483028412
hsa-miR-27a-3p,PAPD4,0,,0.12676937878131866
hsa-miR-27a-3p,SCUBE1,0,26.7,0.03866671398282051
hsa-miR-27a-3p,KDELC2,0,,0.19918709993362427
hsa-miR-27a-3p,CGRRF1,0,,0.20726139843463898
hsa-miR-27a-3p,GCC2,0,24.1,0.329345703125
hsa-miR-27a-3p,CLIC4,0,,0.15679046511650085
hsa-miR-27a-3p,GPR133,0,,0.19794027507305145
hsa-miR-27a-3p,MBLAC2,0,24.8,0.19453033804893494
hsa-miR-27a-3p,LRSAM1,0,26.4,0.08686864376068115
hsa-miR-27a-3p,IGF1,1,20.1,0.25656378269195557
hsa-miR-27a-3p,ABCA1,1,23.6,0.25500237941741943
hsa-miR-27a-3p,C1orf106,0,,0.23108185827732086
hsa-miR-27a-3p,SHF,0,27.7,0.23570552468299866
hsa-miR-27a-3p,POGK,0,,0.12512442469596863
hsa-miR-29a-3p,FBN1,1,,0.5242431163787842
hsa-miR-29a-3p,CREB5,0,,0.32916271686553955
hsa-miR-29a-3p,FKBP14,0,,0.30938202142715454
hsa-miR-29a-3p,LEPRE1,0,24.1,0.4209701120853424
hsa-miR-29a-3p,SLC16A2,0,,0.3158974051475525
hsa-miR-29a-3p,TNIP2,0,23.0,0.1940944790840149
hsa-miR-29a-3p,STX1B,0,20.6,0.2476380616426468
hsa-miR-29a-3p,PMM2,0,24.8,0.17099422216415405
hsa-miR-29a-3p,FAM122C,0,21.1,0.3006839156150818
hsa-miR-29a-3p,APOOL,0,,0.23267504572868347
hsa-miR-29a-3p,CCNT2,1,,0.4618110954761505
hsa-miR-29a-3p,C12orf4,0,,0.273534893989563
hsa-miR-29a-3p,SPIRE2,0,26.5,0.18348899483680725
hsa-miR-29a-3p,PALD1,0,25.0,0.15309160947799683
hsa-miR-29a-3p,NAV3,1,,0.39366239309310913
hsa-miR-29a-3p,LOX,1,,0.32496213912963867
hsa-miR-29a-3p,PDGFRB,1,21.3,0.3797062635421753
hsa-miR-29a-3p,LDHD,0,23.2,0.21799789369106293
hsa-miR-29a-3p,CD276,1,28.6,0.32083219289779663
hsa-miR-29a-3p,RAP1GDS1,0,20.5,0.29920560121536255
hsa-miR-29a-3p,MS4A6A,0,26.9,0.4790952205657959
hsa-miR-29a-3p,TMEM163,0,24.1,0.23735815286636353
hsa-miR-29a-3p,IL32,0,24.7,0.20475637912750244
hsa-miR-29a-3p,ZADH2,0,,0.1814230978488922
hsa-miR-29a-3p,GSTO2,0,24.3,0.5441297292709351
hsa-miR-29a-3p,PER1,1,23.8,0.10120032727718353
hsa-miR-29a-3p,RPL13,0,,0.17592614889144897
hsa-miR-29a-3p,COL5A2,1,,0.545773983001709
hsa-miR-29a-3p,DNMT3A,1,19.5,0.2879289388656616
hsa-miR-29a-3p,COL3A1,1,21.8,0.7575967311859131
hsa-miR-29a-3p,A1CF,0,,0.10993163287639618
hsa-miR-29a-3p,MYCN,1,19.5,0.4004995822906494
hsa-miR-29a-3p,SAPCD2,1,,0.14914894104003906
hsa-miR-29a-3p,MXI1,0,,0.2779041528701782
hsa-miR-29a-3p,TDG,1,,0.4312896132469177
hsa-miR-29a-3p,ZNF697,0,,0.26174500584602356
hsa-miR-29a-3p,SGCB,0,,0.4136125445365906
hsa-miR-29a-3p,MAP6D1,0,22.3,0.15899059176445007
hsa-miR-29a-3p,BCAS4,0,,0.09309884905815125
hsa-miR-29a-3p,TMEM181,0,,0.2535877227783203
hsa-miR-29a-3p,C7orf60,0,,0.4714886546134949
hsa-miR-29a-3p,MRPS11,0,,0.21424981951713562
hsa-miR-29a-3p,SULT4A1,0,22.1,0.2917596101760864
hsa-miR-29a-3p,OTUD7B,0,,0.07911790907382965
hsa-miR-29a-3p,AL626787.1,0,24.8,0.1800825595855713
hsa-miR-29a-3p,NADK2,0,,0.34036529064178467
hsa-miR-29a-3p,PTEN,1,,0.4064781367778778
hsa-miR-29a-3p,TNFAIP3,1,26.0,0.383327841758728
hsa-miR-29a-3p,SLFN12,0,,0.23733165860176086
hsa-miR-29a-3p,HDAC4,0,23.7,0.3554912507534027
hsa-miR-29a-3p,NASP,1,25.9,0.6282474398612976
hsa-miR-29a-3p,MKL1,0,27.2,0.1979467123746872
hsa-miR-29a-3p,RXRA,0,,0.07633420079946518
hsa-miR-29a-3p,PPP1R16A,0,20.7,0.1811542958021164
hsa-miR-29a-3p,PCYT2,0,,0.08502716571092606
hsa-miR-29a-3p,CLCN2,0,27.3,0.5765725374221802
hsa-miR-29a-3p,KPNA1,0,,0.3110600709915161
hsa-miR-29a-3p,MCL1,1,,0.34227848052978516
hsa-miR-29a-3p,KIAA2018,0,21.3,0.3438592553138733
hsa-miR-29a-3p,UBE4B,0,23.5,0.3116215765476227
hsa-miR-29a-3p,ID3,0,22.4,0.23223789036273956
hsa-miR-29a-3p,RSPO1,0,23.5,0.21493050456047058
hsa-miR-29a-3p,SERPINB9,1,,0.434357225894928
hsa-miR-29a-3p,HBP1,1,27.0,0.5605869889259338
hsa-miR-29a-3p,C14orf37,0,,0.15830297768115997
hsa-miR-29a-3p,FHL2,0,,0.21484233438968658
hsa-miR-29a-3p,IMPDH1,1,22.9,0.2180081158876419
hsa-miR-29a-3p,DMGDH,0,25.3,0.3178175091743469
hsa-miR-29a-3p,BACE1,1,,0.2289629876613617
hsa-miR-29a-3p,ABHD4,0,,0.2346620112657547
hsa-miR-29a-3p,ATXN1,0,,0.29949015378952026
hsa-miR-29a-3p,TTC39A,0,17.9,0.16749300062656403
hsa-miR-29a-3p,LPL,1,20.8,0.46318522095680237
hsa-miR-29a-3p,ITGA6,1,,0.2399226427078247
hsa-miR-29a-3p,BST1,0,,0.29169780015945435
hsa-miR-29a-3p,ITGA11,1,,0.2211461067199707
hsa-miR-29a-3p,ETV6,0,,0.2398296445608139
hsa-miR-29a-3p,ZNF225,0,,0.2664353847503662
hsa-miR-29a-3p,KIAA1199,0,,0.1682407259941101
hsa-miR-29a-3p,CLCN6,0,21.2,0.09955556690692902
hsa-miR-29a-3p,LRRC47,0,,0.06714369356632233
hsa-miR-29a-3p,PPP1R13B,1,23.2,0.35080981254577637
hsa-miR-29a-3p,CNIH1,0,14.3,0.21895772218704224
hsa-miR-29a-3p,DDX26B,0,22.4,0.27301907539367676
hsa-miR-29a-3p,BCAT2,0,24.4,0.25540047883987427
hsa-miR-29a-3p,CACNA1B,0,22.0,0.2444733828306198
hsa-miR-29a-3p,IGF1,1,18.2,0.43503549695014954
hsa-miR-29a-3p,ZNF614,0,21.2,0.2648470401763916
hsa-miR-29a-3p,LRRC3DN,0,,0.10866792500019073
hsa-miR-29a-3p,RP11-766F14.2,0,,0.2258482128381729
hsa-miR-29a-3p,AKT2,1,20.3,0.3302268981933594
hsa-miR-29a-3p,PREX1,0,26.8,0.15734462440013885
hsa-miR-29a-3p,CDK6,1,,0.18846431374549866
hsa-miR-29a-3p,CAMK1D,0,22.1,0.18032550811767578
hsa-miR-29a-3p,HEPACAM,0,21.9,0.17223511636257172
hsa-miR-29a-3p,REPS2,0,,0.22139279544353485
hsa-miR-29a-3p,DPP8,0,,0.24579590559005737
hsa-miR-29a-3p,PXDN,1,,0.5947309136390686
hsa-miR-29a-3p,GLB1L,0,25.4,0.19446784257888794
hsa-miR-29a-3p,TET1,1,,0.38624492287635803
hsa-miR-29a-3p,POLK,0,21.0,0.19284959137439728
hsa-miR-29a-3p,CCND2,1,,0.3150821924209595
hsa-miR-29a-3p,FAM181B,0,,0.16980591416358948
hsa-miR-29a-3p,ITFG3,0,24.3,0.18686440587043762
hsa-miR-29a-3p,COL4A2,1,23.7,0.4355647563934326
hsa-miR-29a-3p,MGARP,0,21.9,0.5191584825515747
hsa-miR-29a-3p,SMEK2,0,,0.2635954022407532
hsa-miR-29a-3p,ZFP36,1,21.9,0.24530760943889618
hsa-miR-29a-3p,STX16,0,,0.3228452503681183
hsa-miR-29a-3p,CPEB3,1,,0.2734411060810089
hsa-miR-29a-3p,IFIH1,0,13.1,0.2346523404121399
hsa-miR-29a-3p,RASAL2,0,,0.2299584299325943
hsa-miR-29a-3p,UBA3,0,22.7,0.37472039461135864
hsa-miR-29a-3p,MMP2,1,22.0,0.13018600642681122
hsa-miR-29a-3p,RP11-385D13.1,0,,0.19011440873146057
hsa-miR-29a-3p,C4orf29,0,30.5,0.3359687328338623
hsa-miR-29a-3p,FBXL12,0,27.2,0.13819801807403564
hsa-miR-29a-3p,NDUFS1,0,,0.2319919466972351
hsa-miR-29a-3p,DNMT3B,1,24.3,0.5164810419082642
hsa-miR-29a-3p,KCNAB2,0,25.5,0.28654104471206665
hsa-miR-29a-3p,TCP10L,0,25.2,0.1372961550951004
hsa-miR-29a-3p,CCDC144NL,0,,0.30400362610816956
hsa-miR-29a-3p,ARC,0,26.3,0.11062255501747131
hsa-miR-29a-3p,MMD2,0,21.7,0.2705409824848175
hsa-miR-29a-3p,SPARC,1,,0.41888681054115295
hsa-miR-29a-3p,ZNF197,0,25.7,0.29862460494041443
hsa-miR-29a-3p,YBX3,0,24.1,0.42727094888687134
hsa-miR-29a-3p,FGA,1,18.0,0.4629985988140106
hsa-miR-29a-3p,WDR72,0,,0.18044620752334595
hsa-miR-29a-3p,ABL1,1,,0.1987457573413849
hsa-miR-29a-3p,COL4A1,1,24.1,0.5485444068908691
hsa-miR-29a-3p,ADAMTS9,1,22.6,0.530490517616272
hsa-miR-29a-3p,TMEM213,0,18.6,0.11329303681850433
hsa-miR-29a-3p,LEPROT,0,,0.16217118501663208
hsa-miR-29a-3p,ARRB1,0,,0.069001704454422
hsa-miR-29a-3p,NHLRC2,0,,0.2162548154592514
hsa-miR-29a-3p,PPM1D,1,,0.29802507162094116
hsa-miR-29a-3p,ZNF878,0,,0.34436097741127014
hsa-miR-29a-3p,GREB1,0,28.0,0.29800546169281006
hsa-miR-29a-3p,SYT7,0,,0.15744909644126892
hsa-miR-29a-3p,CDC42,1,21.8,0.33122098445892334
hsa-miR-29a-3p,PIK3R1,1,,0.31250816583633423
hsa-miR-29a-3p,MRPS23,0,21.0,0.6435550451278687
hsa-miR-29a-3p,FOXO3,1,,0.25102028250694275
hsa-miR-29a-3p,KREMEN2,1,25.9,0.5818428993225098
hsa-miR-29a-3p,TACO1,0,,0.08078815042972565
hsa-miR-29a-3p,CCDC41,0,22.0,0.24945998191833496
hsa-miR-29a-3p,C12orf76,0,22.1,0.505422830581665
hsa-miR-29a-3p,TLX2,0,23.1,0.3776518404483795
hsa-miR-29a-3p,SCIMP,0,25.7,0.23946842551231384
hsa-miR-29a-3p,SPRY3,0,,0.21802963316440582
hsa-miR-29a-3p,VEGFA,1,20.5,0.5591818690299988
hsa-miR-29a-3p,TRIM45,0,,0.1385871171951294
hsa-miR-29a-3p,ZNF517,0,25.1,0.16514164209365845
hsa-miR-29a-3p,SEC23A,0,24.9,0.5241414904594421
hsa-miR-29a-3p,DICER1,1,,0.4292311668395996
hsa-miR-29a-3p,SEC16B,0,23.5,0.1361570954322815
hsa-miR-29a-3p,ITSN1,0,22.7,0.07140947133302689
hsa-miR-29a-3p,CHTOP,0,21.1,0.3715733289718628
hsa-miR-29a-3p,TTC14,0,17.4,0.1871384084224701
hsa-miR-29a-3p,DBT,0,17.6,0.347822904586792
hsa-miR-29a-3p,PRIM1,0,,0.2446494847536087
hsa-miR-29a-3p,NAA60,0,24.0,0.11588773131370544
hsa-miR-29a-3p,SAMD13,0,21.8,0.43714413046836853
hsa-miR-29a-3p,DERL3,0,24.9,0.24943536520004272
hsa-miR-29a-3p,ALKBH8,0,24.9,0.27219948172569275
hsa-miR-29a-3p,BCL2,1,,0.21314506232738495
hsa-miR-29a-3p,SERPINH1,1,24.2,0.25616586208343506
hsa-miR-29a-3p,LAMC2,1,26.3,0.1772327572107315
hsa-miR-29a-3p,HAL,0,22.7,0.5964366793632507
hsa-miR-29a-3p,FAM101A,0,24.1,0.17910081148147583
hsa-miR-29a-3p,CNTRL,0,19.8,0.36648494005203247
hsa-miR-29a-3p,MTG2,0,21.7,0.1903778314590454
hsa-miR-29a-3p,KLF4,1,25.1,0.3154333233833313
hsa-miR-29a-3p,MYOD1,0,25.7,0.4904215633869171
hsa-miR-29a-3p,ATP2B1,0,,0.2620928883552551
hsa-miR-29a-3p,ZKSCAN4,0,,0.4276314377784729
hsa-miR-29a-3p,NPFFR1,0,,0.10534932464361191
hsa-miR-29a-3p,RNF141,0,18.8,0.43683016300201416
hsa-miR-29a-3p,BCL7A,1,,0.1279015690088272
hsa-miR-29a-3p,ARFRP1,0,25.3,0.16356560587882996
hsa-miR-29a-3p,PDE7A,0,22.5,0.2058589905500412
hsa-miR-302a-3p,SCN2A,0,,0.21542948484420776
hsa-miR-302a-3p,HAUS2,0,22.5,0.040543995797634125
hsa-miR-302a-3p,ACYP2,0,23.4,0.5369007587432861
hsa-miR-302a-3p,TSSK1B,0,24.1,0.23435305058956146
hsa-miR-302a-3p,CCND1,1,23.3,0.1986478567123413
hsa-miR-302a-3p,TSPAN5,0,,0.2509031891822815
hsa-miR-302a-3p,CABLES1,0,,0.2716708779335022
hsa-miR-302a-3p,CNN1,0,22.9,0.26645398139953613
hsa-miR-302a-3p,RRP7A,0,,0.03679851442575455
hsa-miR-302a-3p,DMXL1,0,,0.0789266973733902
hsa-miR-302a-3p,MAPRE2,0,19.2,0.06031415984034538
hsa-miR-302a-3p,IL7R,0,21.9,0.14158254861831665
hsa-miR-302a-3p,RHBDD1,0,19.3,0.22035008668899536
hsa-miR-302a-3p,GPR135,0,,0.12007054686546326
hsa-miR-302a-3p,LEFTY2,1,23.8,0.4691147804260254
hsa-miR-302a-3p,CD300LB,0,23.9,0.02960439771413803
hsa-miR-302a-3p,CHD7,0,22.5,0.2652292847633362
hsa-miR-302a-3p,HAP1,0,,0.04738224297761917
hsa-miR-302a-3p,FEZ2,0,24.8,0.24564164876937866
hsa-miR-302a-3p,NDUFC2,0,24.8,0.07511721551418304
hsa-miR-302a-3p,ARAP1,0,,0.3183023929595947
hsa-miR-302a-3p,HNRNPUL1,0,,0.22750701010227203
hsa-miR-302a-3p,LEFTY1,1,22.3,0.6369375586509705
hsa-miR-302a-3p,PIK3R3,0,,0.1329309493303299
hsa-miR-302a-3p,SNX19,0,23.0,0.13069072365760803
hsa-miR-302a-3p,U2SURP,0,,0.14450393617153168
hsa-miR-302a-3p,EHD4,0,,0.2841588854789734
hsa-miR-302a-3p,FBXO18,0,22.4,0.2047821581363678
hsa-miR-302a-3p,PRKAR2A,0,25.8,0.03637325018644333
hsa-miR-302a-3p,LDHAL6B,0,22.0,0.269135057926178
hsa-miR-302a-3p,SGK494,0,,0.05927009880542755
hsa-miR-302a-3p,PGM2L1,0,,0.03603140264749527
hsa-miR-302a-3p,TUBGCP4,0,24.3,0.04255496710538864
hsa-miR-302a-3p,AKT1,1,,0.3164350390434265
hsa-miR-302a-3p,TXLNA,0,,0.12059149891138077
hsa-miR-302a-3p,THAP2,0,29.8,0.2950107455253601
hsa-miR-302a-3p,CD68,0,24.0,0.08555486798286438
hsa-miR-302a-3p,PPP1R9A,0,,0.26158851385116577
hsa-miR-302a-3p,KLF6,0,23.7,0.18360967934131622
hsa-miR-302a-3p,ZNF321P,0,,0.04228334501385689
hsa-miR-302a-3p,TOB2,1,,0.10465005785226822
hsa-miR-302a-3p,SPARC,0,,0.1721256673336029
hsa-miR-302a-3p,SLAIN1,1,24.7,0.3024226427078247
hsa-miR-302a-3p,C5orf28,0,,0.18567107617855072
hsa-miR-302a-3p,DAZAP2,1,25.3,0.23589269816875458
hsa-miR-302a-3p,MTG2,0,26.2,0.039950255304574966
hsa-miR-302a-3p,CTAGE9,0,23.5,0.17736190557479858
hsa-miR-302a-3p,MBD2,1,22.6,0.3932470679283142
hsa-miR-302a-3p,NR2F2,1,,0.1803518384695053
hsa-miR-302a-3p,CTC-236F12.4,0,21.7,0.267630010843277
hsa-miR-302a-3p,PDE4D,0,24.4,0.17375941574573517
hsa-miR-302a-3p,NWD1,0,,0.05088597536087036
hsa-miR-302a-3p,NANOS1,0,,0.034240707755088806
hsa-miR-302a-3p,RNF152,0,,0.18633948266506195
hsa-miR-30a-5p,CCDC80,0,,0.21559876203536987
hsa-miR-30a-5p,ZNF773,0,24.0,0.12743134796619415
hsa-miR-30a-5p,FAM155A,0,,0.1481068730354309
hsa-miR-30a-5p,ST8SIA1,0,18.3,0.1317823827266693
hsa-miR-30a-5p,HIAT1,0,,0.19593805074691772
hsa-miR-30a-5p,METTL13,0,23.5,0.15958791971206665
hsa-miR-30a-5p,MRPL3,0,,0.1895267814397812
hsa-miR-30a-5p,ZNF770,0,,0.15510758757591248
hsa-miR-30a-5p,SPIRE1,0,,0.19062042236328125
hsa-miR-30a-5p,EFCAB14,0,13.6,0.140436589717865
hsa-miR-30a-5p,LRP4,0,,0.18878772854804993
hsa-miR-30a-5p,KALRN,0,27.9,0.16255506873130798
hsa-miR-30a-5p,EXOSC6,0,,0.11971017718315125
hsa-miR-30a-5p,BCL9,1,20.8,0.15379837155342102
hsa-miR-30a-5p,CCDC14,0,20.5,0.3198463022708893
hsa-miR-30a-5p,CPEB2,0,,0.11345277726650238
hsa-miR-30a-5p,ESR2,1,22.7,0.0675550326704979
hsa-miR-30a-5p,ZNF514,0,,0.05635455995798111
hsa-miR-30a-5p,RNF43,0,21.3,0.11192453652620316
hsa-miR-30a-5p,SNTB1,0,,0.16662022471427917
hsa-miR-30a-5p,TRDN,0,22.0,0.16043272614479065
hsa-miR-30a-5p,VKORC1L1,0,,0.29667264223098755
hsa-miR-30a-5p,HACE1,0,,0.16370615363121033
hsa-miR-30a-5p,OXTR,0,,0.16650325059890747
hsa-miR-30a-5p,KPNB1,0,,0.18319900333881378
hsa-miR-30a-5p,AVEN,1,20.0,0.31266599893569946
hsa-miR-30a-5p,RSAD1,0,21.7,0.16563960909843445
hsa-miR-30a-5p,NSG1,0,24.5,0.2927957773208618
hsa-miR-30a-5p,LEFTY1,0,19.2,0.23320910334587097
hsa-miR-30a-5p,PRDM1,1,,0.2811855673789978
hsa-miR-30a-5p,MTDH,1,,0.23257242143154144
hsa-miR-30a-5p,TP53,1,26.0,0.19571948051452637
hsa-miR-30a-5p,ZNF287,0,22.8,0.07987365126609802
hsa-miR-30a-5p,MARCH6,0,,0.24183355271816254
hsa-miR-30a-5p,BCL11A,1,20.6,0.10384409874677658
hsa-miR-30a-5p,ARFIP1,0,,0.17962464690208435
hsa-miR-30a-5p,CLCN3,0,,0.09853510558605194
hsa-miR-30a-5p,RPS6KA5,0,18.1,0.15100863575935364
hsa-miR-30a-5p,PPP2R2B,0,26.8,0.18031957745552063
hsa-miR-30a-5p,PPM1A,0,,0.11709677428007126
hsa-miR-30a-5p,BECN1,1,23.0,0.5073216557502747
hsa-miR-30a-5p,RASAL2,0,,0.12063486129045486
hsa-miR-30a-5p,TMTC3,0,,0.17721566557884216
hsa-miR-30a-5p,TRIM13,0,,0.1967596411705017
hsa-miR-30a-5p,EYA2,1,21.8,0.2718203663825989
hsa-miR-30a-5p,PPP2R5E,0,,0.18003055453300476
hsa-miR-30a-5p,HSPA5,1,20.1,0.13426341116428375
hsa-miR-30a-5p,SORCS3,0,27.1,0.16359968483448029
hsa-miR-30a-5p,C6orf89,0,,0.0828729197382927
hsa-miR-30a-5p,AC104472.1,0,20.8,0.46261414885520935
hsa-miR-30a-5p,RFTN2,0,,0.3010777533054352
hsa-miR-30a-5p,ZNRF2,0,,0.20943355560302734
hsa-miR-30a-5p,SRSF1,0,,0.09435772150754929
hsa-miR-30a-5p,SNAPC3,0,15.2,0.14305077493190765
hsa-miR-30a-5p,SMAD1,1,19.9,0.20145592093467712
hsa-miR-30a-5p,DNAJC16,0,22.6,0.20118460059165955
hsa-miR-30a-5p,GAREM,0,,0.14941255748271942
hsa-miR-30a-5p,RAPGEF2,0,,0.23457464575767517
hsa-miR-30a-5p,FAM126A,0,12.3,0.18436923623085022
hsa-miR-30a-5p,ACTR1A,0,,0.12997370958328247
hsa-miR-30a-5p,CCL19,0,19.2,0.46666279435157776
hsa-miR-30a-5p,RUNX2,1,,0.18620562553405762
hsa-miR-30a-5p,ZSWIM5,0,,0.08721861988306046
hsa-miR-30a-5p,SLC25A36,0,,0.17085495591163635
hsa-miR-30a-5p,TNRC6A,1,20.4,0.342412531375885
hsa-miR-30a-5p,VIM,1,15.3,0.2818332314491272
hsa-miR-30a-5p,PAX3,0,21.9,0.245942160487175
hsa-miR-30a-5p,FOXD1,1,,0.23245880007743835
hsa-miR-30a-5p,ERG,1,19.8,0.26809677481651306
hsa-miR-30a-5p,RQCD1,0,12.5,0.24214719235897064
hsa-miR-30a-5p,NOTCH1,1,21.8,0.18042951822280884
hsa-miR-30a-5p,PIK3CD,1,21.7,0.28571251034736633
hsa-miR-30a-5p,BDNF,1,,0.14921987056732178
hsa-miR-30a-5p,ABCC9,0,20.5,0.2592410147190094
hsa-miR-30a-5p,GAS2L3,0,,0.3049778938293457
hsa-miR-30a-5p,DSCC1,0,20.8,0.25446057319641113
hsa-miR-30a-5p,RGPD8,0,12.5,0.30346643924713135
hsa-miR-30a-5p,ELAVL3,0,,0.09100989997386932
hsa-miR-30a-5p,FUT11,0,,0.020311787724494934
hsa-miR-30a-5p,MUT,0,20.4,0.2768486738204956
hsa-miR-30a-5p,RP11-122A3.2,0,,0.32231682538986206
hsa-miR-30a-5p,ABL1,1,,0.302065372467041
hsa-miR-30a-5p,WNT9B,0,21.3,0.19271408021450043
hsa-miR-30a-5p,SNAI1,1,23.4,0.3299142122268677
hsa-miR-31-5p,NMNAT3,0,21.6,0.2533806264400482
hsa-miR-31-5p,MOB1A,0,26.0,0.11579477041959763
hsa-miR-31-5p,GRM6,0,,0.22485919296741486
hsa-miR-31-5p,DDX58,0,26.8,0.24293678998947144
hsa-miR-31-5p,KCNG1,0,25.8,0.14417977631092072
hsa-miR-31-5p,TMEM218,0,,0.37121668457984924
hsa-miR-31-5p,FLJ45079,0,,0.11332888156175613
hsa-miR-31-5p,RASA1,1,,0.38146939873695374
hsa-miR-31-5p,SIM2,0,27.4,0.17955705523490906
hsa-miR-31-5p,TCN2,0,,0.08347174525260925
hsa-miR-31-5p,DDR2,0,,0.13545414805412292
hsa-miR-31-5p,MPRIP,1,,0.0964098870754242
hsa-miR-31-5p,RBP2,0,,0.07416819036006927
hsa-miR-31-5p,FIBCD1,0,,0.13843049108982086
hsa-miR-31-5p,GABRB1,0,,0.13381327688694
hsa-miR-31-5p,CD84,0,,0.11673609912395477
hsa-miR-31-5p,AFF4,0,20.2,0.17562806606292725
hsa-miR-31-5p,RPN2,0,30.2,0.27714449167251587
hsa-miR-31-5p,FOXP3,1,25.2,0.23261675238609314
hsa-miR-31-5p,RP13-996F3.5,0,,0.22946017980575562
hsa-miR-31-5p,SV2C,0,21.9,0.1819990873336792
hsa-miR-31-5p,RDX,1,28.3,0.17711599171161652
hsa-miR-31-5p,RET,1,25.5,0.5304220914840698
hsa-miR-31-5p,MRPL13,0,22.5,0.3708084523677826
hsa-miR-31-5p,MCM2,1,26.1,0.3299938440322876
hsa-miR-31-5p,LSM10,0,,0.09767899662256241
hsa-miR-31-5p,TEP1,0,18.9,0.22129681706428528
hsa-miR-31-5p,ATL3,0,,0.1792004406452179
hsa-miR-31-5p,TTI2,0,25.9,0.29206690192222595
hsa-miR-31-5p,PIANP,0,,0.08640222996473312
hsa-miR-31-5p,NEMF,0,22.9,0.5150920152664185
hsa-miR-31-5p,ARHGAP15,0,24.0,0.14227095246315002
hsa-miR-31-5p,GTF2A2,0,23.8,0.24151696264743805
hsa-miR-31-5p,GK,0,17.9,0.1050882339477539
hsa-miR-31-5p,TAL1,0,,0.14095860719680786
hsa-miR-31-5p,CXCL12,1,27.3,0.49308955669403076
hsa-miR-31-5p,TTLL1,0,,0.19216220080852509
hsa-miR-31-5p,SHISA6,0,,0.2297680675983429
hsa-miR-31-5p,KLC1,0,30.3,0.23210355639457703
hsa-miR-31-5p,DHCR24,0,,0.11429846286773682
hsa-miR-31-5p,FAM83A,0,27.7,0.18717257678508759
hsa-miR-31-5p,NCDN,0,27.2,0.19623444974422455
hsa-miR-31-5p,RBM8A,0,,0.13572658598423004
hsa-miR-31-5p,NFAT5,1,,0.15829260647296906
hsa-miR-31-5p,DHRS13,0,28.0,0.18759316205978394
hsa-miR-31-5p,SLC35E2,0,23.6,0.1372767984867096
hsa-miR-31-5p,FAM227B,0,26.1,0.43515121936798096
hsa-miR-31-5p,CNTLN,0,23.9,0.17337119579315186
hsa-miR-31-5p,FLVCR2,0,26.4,0.26645851135253906
hsa-miR-31-5p,DMRTA2,0,25.8,0.25438493490219116
hsa-miR-31-5p,PPP2R2A,1,,0.3386380970478058
hsa-miR-31-5p,GAD2,0,22.0,0.2984800338745117
hsa-miR-31-5p,FZD3,1,,0.16846346855163574
hsa-miR-31-5p,MDM4,0,23.8,0.14472071826457977
hsa-miR-31-5p,TRPC4,0,,0.2695311903953552
hsa-miR-31-5p,C3orf17,0,,0.20411092042922974
hsa-miR-31-5p,PDZD4,0,25.0,0.2633105218410492
hsa-miR-31-5p,ABCG4,0,28.1,0.15086984634399414
hsa-miR-31-5p,C17orf102,0,,0.14319437742233276
hsa-miR-31-5p,MAPK4,0,26.5,0.17760884761810303
hsa-miR-31-5p,SERPINB8,0,22.4,0.40059012174606323
hsa-miR-31-5p,CPSF3L,0,24.9,0.2952877879142761
hsa-miR-31-5p,TRIP13,0,,0.2581145167350769
hsa-miR-31-5p,RNF150,0,22.0,0.1348169445991516
hsa-miR-31-5p,ARID1A,1,25.9,0.32349759340286255
hsa-miR-31-5p,HOXC13,1,28.4,0.2534360885620117
hsa-miR-31-5p,ABHD12B,0,24.9,0.2982521653175354
hsa-miR-31-5p,FAM217B,0,,0.29586127400398254
hsa-miR-31-5p,MMP16,1,,0.22710156440734863
hsa-miR-31-5p,EEF1G,0,24.6,0.6198120713233948
hsa-miR-31-5p,KCNN3,0,,0.14103762805461884
hsa-miR-31-5p,HTR1D,0,23.1,0.15746593475341797
hsa-miR-31-5p,JAZF1,1,,0.40517064929008484
hsa-miR-31-5p,FAM173B,0,,0.09870010614395142
hsa-miR-31-5p,SP7,1,29.1,0.24558494985103607
hsa-miR-31-5p,PRND,0,,0.22081264853477478
hsa-miR-31-5p,DSCR3,0,,0.23852179944515228
hsa-miR-31-5p,STK40,1,,0.3431836664676666
hsa-miR-31-5p,KLF13,1,,0.16109409928321838
hsa-miR-31-5p,EIF2B1,0,25.6,0.1868472397327423
hsa-miR-31-5p,ABCB9,1,30.1,0.32566946744918823
hsa-miR-31-5p,ATP12A,0,25.5,0.14332057535648346
hsa-miR-31-5p,AC102948.2,0,22.4,0.413415789604187
hsa-miR-31-5p,CACNB3,0,27.5,0.16863757371902466
hsa-miR-31-5p,SLMO2,0,26.5,0.2211770862340927
hsa-miR-31-5p,NUMB,1,24.8,0.45641738176345825
hsa-miR-31-5p,ITGA5,1,25.1,0.23289115726947784
hsa-miR-31-5p,RAB27A,1,,0.2895815372467041
hsa-miR-31-5p,CCDC88C,0,27.5,0.0979856550693512
hsa-miR-31-5p,MET,1,24.0,0.5309368371963501
hsa-miR-31-5p,RHOBTB1,1,,0.3947100043296814
hsa-miR-31-5p,FAM160B2,0,26.4,0.21156197786331177
hsa-miR-31-5p,HHLA1,0,20.2,0.19671735167503357
hsa-miR-31-5p,CREG1,1,24.0,0.45509061217308044
hsa-miR-31-5p,CCNE2,0,24.9,0.3148064911365509
hsa-miR-31-5p,LATS2,1,28.2,0.41102471947669983
hsa-miR-31-5p,DIDO1,0,26.7,0.24311208724975586
hsa-miR-31-5p,ZNF45,0,,0.39901527762413025
hsa-miR-31-5p,WASF3,1,,0.09519774466753006
hsa-miR-31-5p,ERC1,0,,0.07896886020898819
hsa-miR-31-5p,SRC,1,,0.2058858871459961
hsa-miR-31-5p,VPS41,0,,0.1398613452911377
hsa-miR-31-5p,CDK1,1,,0.562793493270874
hsa-miR-31-5p,MIA3,0,,0.24523121118545532
hsa-miR-31-5p,CELF6,0,25.8,0.19711115956306458
hsa-miR-31-5p,CPE,0,,0.09763326495885849
hsa-miR-31-5p,SATB2,1,,0.2769942879676819
hsa-miR-31-5p,CMSS1,0,,0.18009260296821594
hsa-miR-31-5p,SNN,0,,0.11048083007335663
hsa-miR-31-5p,RBM28,0,,0.16020567715168
hsa-miR-31-5p,PVRL1,0,22.9,0.04746544733643532
hsa-miR-31-5p,DMD,1,28.0,0.23079413175582886
hsa-miR-31-5p,RBFOX1,0,25.6,0.331424355506897
hsa-miR-31-5p,MMADHC,0,,0.17904263734817505
hsa-miR-31-5p,TBXA2R,1,24.3,0.5031478404998779
hsa-miR-31-5p,PRKCE,1,20.7,0.4086000323295593
hsa-miR-31-5p,MKI67,0,,0.17116901278495789
hsa-miR-31-5p,CDCA2,0,,0.21731896698474884
hsa-miR-31-5p,GNAQ,0,,0.17444497346878052
hsa-miR-320a,DNAJC8,0,29.9,0.07922551035881042
hsa-miR-320a,STAT1,0,27.0,0.08436061441898346
hsa-miR-320a,GNAI1,1,24.4,0.2765522599220276
hsa-miR-320a,ITGB3,1,23.5,0.03925686329603195
hsa-miR-320a,AQP1,1,29.7,0.046148061752319336
hsa-miR-320a,HELZ,0,,0.12997162342071533
hsa-miR-320a,NUDCD3,0,,0.03116561844944954
hsa-miR-320a,CHURC1,0,,0.06585058569908142
hsa-miR-320a,MARCH3,0,26.8,0.33705881237983704
hsa-miR-320a,AQP4,1,,0.07284875214099884
hsa-miR-320a,MCL1,1,,0.08788274228572845
hsa-miR-320a,RNF4,0,24.5,0.04547547921538353
hsa-miR-320a,NEK6,0,,0.029817014932632446
hsa-miR-320a,GOLGA8H,0,,0.054109010845422745
hsa-miR-320a,JAK2,0,,0.1435726433992386
hsa-miR-320a,ADAM12,0,26.6,0.04514278843998909
hsa-miR-320a,SIK2,0,,0.015781551599502563
hsa-miR-320a,HYKK,0,29.2,0.11906959861516953
hsa-miR-320a,HSPB6,1,29.6,0.06336483359336853
hsa-miR-320a,ATP2A2,0,24.3,0.04948527365922928
hsa-miR-320a,WHSC1L1,0,28.2,0.092679463326931
hsa-miR-320a,IWS1,0,24.8,0.05165892094373703
hsa-miR-320a,BSCL2,0,24.4,0.07972671091556549
hsa-miR-320a,ARF1,1,30.9,0.15158766508102417
hsa-miR-320a,UAP1,0,24.7,0.08064289391040802
hsa-miR-320a,AHSA1,0,28.6,0.2407369613647461
hsa-miR-320a,BST1,0,,0.01762518286705017
hsa-miR-320a,LPGAT1,0,,0.06918597221374512
hsa-miR-320a,CCNI2,0,29.7,0.08009465783834457
hsa-miR-320a,HDAC9,0,12.0,0.0829690545797348
hsa-miR-320a,KIAA1429,0,26.0,0.13935115933418274
hsa-miR-320a,ENDOD1,0,,0.01229029893875122
hsa-miR-320a,AMHR2,0,29.5,0.20213262736797333
hsa-miR-320a,CD248,0,,0.04325812682509422
hsa-miR-320a,RIPPLY3,0,,0.08776102215051651
hsa-miR-320a,KIAA0368,0,26.5,0.18500040471553802
hsa-miR-320a,PANX1,0,,0.14676696062088013
hsa-miR-320a,NRP1,1,29.8,0.07232418656349182
hsa-miR-320a,KCNB1,0,,0.02417704463005066
hsa-miR-320a,LYRM4,0,30.3,-0.0
hsa-miR-320a,TCERG1,0,,0.1936655342578888
hsa-miR-320a,SGK1,0,26.3,0.20398998260498047
hsa-miR-320a,MAPK1,1,,0.05014660581946373
hsa-miR-320a,TFRC,1,,0.055637240409851074
hsa-miR-320a,ZNF724P,0,27.4,0.05219337344169617
hsa-miR-335-5p,CBR4,0,17.3,0.16921785473823547
hsa-miR-335-5p,ZNF773,0,14.7,0.07324128597974777
hsa-miR-335-5p,ASH2L,0,,0.18175701797008514
hsa-miR-335-5p,UBE2F,1,,0.149519145488739
hsa-miR-335-5p,ZEB2,1,,0.24708005785942078
hsa-miR-335-5p,SLC15A1,0,19.6,0.1405656635761261
hsa-miR-335-5p,ROCK1,1,,0.21425431966781616
hsa-miR-335-5p,RB1,1,18.8,0.22699740529060364
hsa-miR-335-5p,GRHPR,0,19.6,0.13953769207000732
hsa-miR-335-5p,STAU2,0,18.1,0.27104049921035767
hsa-miR-335-5p,RASA1,1,,0.19521258771419525
hsa-miR-335-5p,PATE2,0,,0.07154037058353424
hsa-miR-335-5p,BCL2L2,1,,0.06461627781391144
hsa-miR-335-5p,RASSF4,0,,0.0936979427933693
hsa-miR-335-5p,ILDR2,0,15.3,0.10433239489793777
hsa-miR-335-5p,COQ10A,0,18.5,0.210824117064476
hsa-miR-335-5p,CEP68,0,13.5,0.1345643848180771
hsa-miR-335-5p,LRG1,1,14.9,0.10614559799432755
hsa-miR-335-5p,SOX17,1,,0.10241662710905075
hsa-miR-335-5p,GAN,0,,0.12247887998819351
hsa-miR-335-5p,HIATL2,0,,0.04736778140068054
hsa-miR-335-5p,IGF1R,1,,0.1422119438648224
hsa-miR-335-5p,ID4,1,,0.15451616048812866
hsa-miR-335-5p,EPC1,0,18.0,0.18420767784118652
hsa-miR-335-5p,FOXI2,0,,0.059425000101327896
hsa-miR-335-5p,EMP2,0,,0.07296787947416306
hsa-miR-335-5p,MED1,0,18.6,0.12708669900894165
hsa-miR-335-5p,TTC4,0,18.8,0.09488242119550705
hsa-miR-335-5p,STIL,0,18.9,0.13453930616378784
hsa-miR-335-5p,C4orf29,0,18.0,0.2108204960823059
hsa-miR-335-5p,PIANP,0,,0.08494022488594055
hsa-miR-335-5p,ABCB8,0,15.3,0.036869704723358154
hsa-miR-335-5p,ZNF140,0,16.5,0.11201459914445877
hsa-miR-335-5p,SP1,1,,0.10635751485824585
hsa-miR-335-5p,PARP8,0,16.1,0.1920609176158905
hsa-miR-335-5p,SHISA6,0,,0.06596887111663818
hsa-miR-335-5p,MESDC1,0,,0.20163020491600037
hsa-miR-335-5p,CPSF2,0,,0.08177866041660309
hsa-miR-335-5p,NIT1,0,16.9,0.12812556326389313
hsa-miR-335-5p,RUNX2,1,,0.08912964910268784
hsa-miR-335-5p,MX2,0,16.3,0.0745503157377243
hsa-miR-335-5p,EPN2,1,,0.1124720424413681
hsa-miR-335-5p,SLC2A8,0,16.9,0.06369262933731079
hsa-miR-335-5p,ZRANB3,0,,0.16496771574020386
hsa-miR-335-5p,HNF4A,0,,0.1471622884273529
hsa-miR-335-5p,SLC25A40,0,,0.17654487490653992
hsa-miR-335-5p,NSUN4,0,,0.060525115579366684
hsa-miR-335-5p,BIRC5,1,21.2,0.1728925108909607
hsa-miR-335-5p,MPZL3,0,,0.07731230556964874
hsa-miR-335-5p,SPRTN,0,20.7,0.12188535928726196
hsa-miR-335-5p,ADAMDEC1,0,23.0,0.47966325283050537
hsa-miR-335-5p,TYSND1,0,19.6,0.13500511646270752
hsa-miR-335-5p,GGCX,0,,0.11998237669467926
hsa-miR-335-5p,IGHMBP2,0,22.4,0.08516767621040344
hsa-miR-335-5p,SLC13A5,0,18.7,0.2057400941848755
hsa-miR-335-5p,ARPC5L,1,19.4,0.2321292757987976
hsa-miR-335-5p,DNA2,0,17.5,0.1944316327571869
hsa-miR-335-5p,COX8C,0,,0.19631217420101166
hsa-miR-335-5p,MAPK1,1,,0.05257359519600868
hsa-miR-34a-5p,AXIN2,1,30.0,0.3675112724304199
hsa-miR-34a-5p,LDHA,1,,0.3849538564682007
hsa-miR-34a-5p,AC007040.11,0,,0.26428210735321045
hsa-miR-34a-5p,FAM227A,0,,0.26087236404418945
hsa-miR-34a-5p,CCND1,1,29.8,0.2721555829048157
hsa-miR-34a-5p,EPOR,0,29.2,0.33020418882369995
hsa-miR-34a-5p,APOLD1,0,,0.23375257849693298
hsa-miR-34a-5p,MANEA,0,,0.38753145933151245
hsa-miR-34a-5p,ZBTB16,0,,0.10136021673679352
hsa-miR-34a-5p,ACSL1,1,28.5,0.30101990699768066
hsa-miR-34a-5p,MAL,0,26.9,0.36025428771972656
hsa-miR-34a-5p,PRR19,0,25.7,0.29367828369140625
hsa-miR-34a-5p,SMIM14,0,,0.3246723413467407
hsa-miR-34a-5p,PDGFRB,1,28.1,0.20387227833271027
hsa-miR-34a-5p,DCAF5,0,25.7,0.1696193814277649
hsa-miR-34a-5p,RABL5,0,,0.28198370337486267
hsa-miR-34a-5p,PPP1R10,1,26.6,0.2647846043109894
hsa-miR-34a-5p,C17orf74,0,33.5,0.4145914316177368
hsa-miR-34a-5p,SYT1,1,,0.4558016359806061
hsa-miR-34a-5p,KREMEN1,0,28.8,0.1596679389476776
hsa-miR-34a-5p,WNT1,1,25.3,0.23490503430366516
hsa-miR-34a-5p,L1CAM,1,29.5,0.16293320059776306
hsa-miR-34a-5p,ULBP2,1,26.0,0.4421164393424988
hsa-miR-34a-5p,FOSL1,1,30.6,0.4709608554840088
hsa-miR-34a-5p,MEGF9,0,,0.2806916832923889
hsa-miR-34a-5p,HECTD3,0,,0.23602700233459473
hsa-miR-34a-5p,INHBB,1,28.3,0.36487433314323425
hsa-miR-34a-5p,FOXP1,1,7.9,0.3072425425052643
hsa-miR-34a-5p,FUT8,1,26.4,0.5939209461212158
hsa-miR-34a-5p,TTC19,0,26.8,0.5507624745368958
hsa-miR-34a-5p,LIMA1,0,24.8,0.3214959502220154
hsa-miR-34a-5p,ZBTB8B,0,,0.23117291927337646
hsa-miR-34a-5p,GPR143,0,23.7,0.3493754267692566
hsa-miR-34a-5p,MYCN,1,26.5,0.6104666590690613
hsa-miR-34a-5p,ZNF584,0,23.8,0.1531779170036316
hsa-miR-34a-5p,MEA1,0,28.8,0.34387508034706116
hsa-miR-34a-5p,KCNQ4,0,27.9,0.1642117202281952
hsa-miR-34a-5p,MEI4,0,,0.24087239801883698
hsa-miR-34a-5p,ACVR1B,0,22.4,0.1433841735124588
hsa-miR-34a-5p,SMAP1,0,24.6,0.34593427181243896
hsa-miR-34a-5p,SLC4A5,0,,0.18688330054283142
hsa-miR-34a-5p,MRGBP,0,,0.24635018408298492
hsa-miR-34a-5p,SCO1,0,,0.14676468074321747
hsa-miR-34a-5p,MAP2K1,1,28.9,0.3537214398384094
hsa-miR-34a-5p,C12orf68,0,27.4,0.30029159784317017
hsa-miR-34a-5p,SOCS6,0,,0.3233834505081177
hsa-miR-34a-5p,SIRT1,1,37.5,0.36780866980552673
hsa-miR-34a-5p,MDM4,1,27.6,0.4102613925933838
hsa-miR-34a-5p,AK9,0,25.8,0.29608893394470215
hsa-miR-34a-5p,DYRK4,0,26.3,0.3715675175189972
hsa-miR-34a-5p,MTA2,1,27.5,0.4498838186264038
hsa-miR-34a-5p,ABCG4,0,30.0,0.23834840953350067
hsa-miR-34a-5p,MAP4K2,0,,0.19819745421409607
hsa-miR-34a-5p,JAG1,1,30.2,0.3143344521522522
hsa-miR-34a-5p,ZFYVE28,0,21.9,0.2666025757789612
hsa-miR-34a-5p,RALGPS1,0,27.5,0.3090587258338928
hsa-miR-34a-5p,E2F3,1,,0.4357509911060333
hsa-miR-34a-5p,SMPD3,0,,0.1783246546983719
hsa-miR-34a-5p,DGCR6L,0,,0.24926672875881195
hsa-miR-34a-5p,ERCC6L2,0,,0.24665823578834534
hsa-miR-34a-5p,COX10,0,30.2,0.23146356642246246
hsa-miR-34a-5p,WASF1,0,21.5,0.4430367350578308
hsa-miR-34a-5p,OBFC1,0,,0.22978612780570984
hsa-miR-34a-5p,C14orf37,0,,0.15590119361877441
hsa-miR-34a-5p,C7orf49,0,29.2,0.7133042216300964
hsa-miR-34a-5p,ADAM19,0,26.3,0.2692614495754242
hsa-miR-34a-5p,MET,1,23.5,0.444754958152771
hsa-miR-34a-5p,DLL1,1,31.3,0.4113209843635559
hsa-miR-34a-5p,WHSC1L1,0,26.5,0.28726086020469666
hsa-miR-34a-5p,HDAC1,1,28.3,0.379004567861557
hsa-miR-34a-5p,AC079354.2,0,23.0,0.35722047090530396
hsa-miR-34a-5p,CCNE2,1,26.2,0.619836688041687
hsa-miR-34a-5p,HNRNPA1,0,,0.386882483959198
hsa-miR-34a-5p,DIDO1,0,25.0,0.33423107862472534
hsa-miR-34a-5p,YY1,1,,0.319213330745697
hsa-miR-34a-5p,MON2,0,20.7,0.26446443796157837
hsa-miR-34a-5p,TRPV4,0,27.6,0.2620830535888672
hsa-miR-34a-5p,MMP19,0,29.3,0.15698954463005066
hsa-miR-34a-5p,FGFR2,0,25.8,0.24972468614578247
hsa-miR-34a-5p,SRC,1,,0.3108508586883545
hsa-miR-34a-5p,B3GNT6,0,,0.19014880061149597
hsa-miR-34a-5p,DIMT1,0,22.7,0.15997615456581116
hsa-miR-34a-5p,SLC15A2,0,,0.26449671387672424
hsa-miR-34a-5p,C14orf180,0,30.7,0.23634913563728333
hsa-miR-34a-5p,MPV17L2,0,30.7,0.5034498572349548
hsa-miR-34a-5p,CDC42EP1,0,27.6,0.2910763621330261
hsa-miR-34a-5p,TRIO,0,26.7,0.20457762479782104
hsa-miR-34a-5p,NOTCH1,1,29.4,0.4057159423828125
hsa-miR-34a-5p,C2orf69,0,,0.3370084762573242
hsa-miR-34a-5p,ABCA6,0,23.2,0.22624795138835907
hsa-miR-34a-5p,TSKU,0,,0.12571483850479126
hsa-miR-34a-5p,OTOG,0,30.0,0.2425423562526703
hsa-miR-34a-5p,ZNF395,0,,0.2225947231054306
hsa-miR-34a-5p,ZNF614,0,25.2,0.3226824402809143
hsa-miR-34a-5p,SGK1,0,28.5,0.351829469203949
hsa-miR-34a-5p,HPCAL4,0,,0.32696157693862915
hsa-miR-34a-5p,MAGEA6,1,24.1,0.34757867455482483
hsa-miR-34a-5p,SNAI1,1,27.7,0.4670657515525818
hsa-miR-34a-5p,CDK6,1,,0.22700946033000946
hsa-miR-34a-5p,AIPL1,0,31.5,0.1682201623916626
hsa-miR-34a-5p,RRP7A,0,,0.20480075478553772
hsa-miR-34a-5p,H6PD,0,,0.18590900301933289
hsa-miR-34a-5p,SYT11,0,,0.365958034992218
hsa-miR-34a-5p,ZNHIT3,0,26.3,0.31824326515197754
hsa-miR-34a-5p,ANKRD36,0,27.0,0.35156339406967163
hsa-miR-34a-5p,LEF1,1,21.3,0.506186306476593
hsa-miR-34a-5p,RASA4B,0,27.9,0.3612610697746277
hsa-miR-34a-5p,TRIM9,0,24.0,0.2744385004043579
hsa-miR-34a-5p,SNCG,0,26.8,0.3654748797416687
hsa-miR-34a-5p,C10orf53,0,29.8,0.24539640545845032
hsa-miR-34a-5p,NOTCH2,1,,0.2631714940071106
hsa-miR-34a-5p,N4BP1,0,,0.13088303804397583
hsa-miR-34a-5p,VAMP2,1,27.2,0.3552892804145813
hsa-miR-34a-5p,COL4A2,0,29.5,0.26301848888397217
hsa-miR-34a-5p,CYB561D1,0,28.7,0.3280259966850281
hsa-miR-34a-5p,ZNF843,0,29.7,0.314039409160614
hsa-miR-34a-5p,MAGEA2,1,24.8,0.36259520053863525
hsa-miR-34a-5p,AC002472.13,0,,0.2582084834575653
hsa-miR-34a-5p,EFHD1,0,26.2,0.23310309648513794
hsa-miR-34a-5p,PTPRT,0,,0.1453486680984497
hsa-miR-34a-5p,PTPRF,0,,0.14478866755962372
hsa-miR-34a-5p,MYB,1,30.0,0.32590699195861816
hsa-miR-34a-5p,CNTN5,0,20.8,0.3103599548339844
hsa-miR-34a-5p,ELF5,0,30.0,0.31599512696266174
hsa-miR-34a-5p,TAS2R20,0,26.7,0.2938222885131836
hsa-miR-34a-5p,CYFIP1,0,,0.43263235688209534
hsa-miR-34a-5p,CYB561A3,0,31.6,0.4371235966682434
hsa-miR-34a-5p,NTNG2,0,,0.21780958771705627
hsa-miR-34a-5p,SEMA4D,0,30.3,0.26039189100265503
hsa-miR-34a-5p,SLC44A2,0,28.6,0.24993100762367249
hsa-miR-34a-5p,TAF1B,0,,0.1934022307395935
hsa-miR-34a-5p,POP4,0,29.3,0.20002619922161102
hsa-miR-34a-5p,NMT1,0,,0.2616927921772003
hsa-miR-34a-5p,SLC35E4,0,28.9,0.2573417127132416
hsa-miR-34a-5p,ACSL4,1,,0.3213624358177185
hsa-miR-34a-5p,RASGRP4,0,27.4,0.3667584955692291
hsa-miR-34a-5p,MAGEA3,1,24.8,0.36068058013916016
hsa-miR-34a-5p,SRPX2,0,,0.23797354102134705
hsa-miR-34a-5p,CACUL1,0,24.9,0.2118799388408661
hsa-miR-34a-5p,FANCA,0,28.9,0.164625883102417
hsa-miR-34a-5p,ELMSAN1,0,,0.3199780583381653
hsa-miR-34a-5p,CD44,1,25.9,0.24538467824459076
hsa-miR-34a-5p,OPN5,0,22.1,0.2486468255519867
hsa-miR-34a-5p,IMP4,0,,0.16869565844535828
hsa-miR-34a-5p,ADPRH,0,,0.24877586960792542
hsa-miR-34a-5p,KIAA1024,0,,0.26496827602386475
hsa-miR-34a-5p,LLGL1,0,26.5,0.14626353979110718
hsa-miR-34a-5p,CD247,0,26.6,0.2364586591720581
hsa-miR-34a-5p,CD109,0,,0.20513013005256653
hsa-miR-34a-5p,ITM2B,0,24.0,0.26621052622795105
hsa-miR-34a-5p,STX1A,1,31.4,0.3787527084350586
hsa-miR-34a-5p,DEDD2,0,33.9,0.29148954153060913
hsa-miR-34a-5p,POMGNT1,0,29.3,0.41580072045326233
hsa-miR-34a-5p,NYAP2,0,,0.37731945514678955
hsa-miR-34a-5p,LEPROT,0,,0.18946346640586853
hsa-miR-34a-5p,VPS13A,0,22.7,0.36196592450141907
hsa-miR-34a-5p,AGXT,0,26.7,0.28289595246315
hsa-miR-34a-5p,KIFC3,0,32.7,0.21383123099803925
hsa-miR-34a-5p,CCL22,1,,0.3792698085308075
hsa-miR-34a-5p,MRPS23,0,22.6,0.2115975022315979
hsa-miR-34a-5p,RIMS3,0,,0.18327118456363678
hsa-miR-34a-5p,FAM107A,0,,0.31814998388290405
hsa-miR-34a-5p,B3GAT1,0,27.6,0.21220655739307404
hsa-miR-34a-5p,ALDH7A1,0,,0.15813151001930237
hsa-miR-34a-5p,MASP1,0,26.7,0.23314812779426575
hsa-miR-34a-5p,FIGNL1,0,22.8,0.20867817103862762
hsa-miR-34a-5p,PCDHGA6,0,30.5,0.18057242035865784
hsa-miR-34a-5p,UTP23,0,22.8,0.4800311326980591
hsa-miR-34a-5p,HES2,0,29.4,0.11713210493326187
hsa-miR-34a-5p,MAGEA12,1,24.8,0.4072868227958679
hsa-miR-34a-5p,AKIP1,0,29.7,0.8478468060493469
hsa-miR-34a-5p,SH3KBP1,0,24.9,0.27716064453125
hsa-miR-34a-5p,VEGFA,1,28.2,0.12769360840320587
hsa-miR-34a-5p,SARDH,0,29.0,0.34212160110473633
hsa-miR-34a-5p,THBS2,0,,0.19522695243358612
hsa-miR-34a-5p,FAM154B,0,29.0,0.4704500138759613
hsa-miR-34a-5p,GRM7,1,25.0,0.43711984157562256
hsa-miR-34a-5p,HOXB4,0,28.6,0.28522276878356934
hsa-miR-34a-5p,MAP3K9,1,,0.21255050599575043
hsa-miR-34a-5p,RHNO1,0,26.0,0.28159087896347046
hsa-miR-34a-5p,SARM1,0,,0.18960079550743103
hsa-miR-34a-5p,AXL,1,31.8,0.4560379981994629
hsa-miR-34a-5p,RRP36,0,,0.20476998388767242
hsa-miR-34a-5p,SLMO1,0,28.5,0.1488608568906784
hsa-miR-34a-5p,HRH3,0,34.8,0.24272295832633972
hsa-miR-34a-5p,BCL2,1,,0.3091355264186859
hsa-miR-34a-5p,KLF2,0,30.2,0.24758347868919373
hsa-miR-34a-5p,TP53TG3,0,30.1,0.329071044921875
hsa-miR-34a-5p,GSTM2,0,29.9,0.37110885977745056
hsa-miR-34a-5p,USP15,0,26.4,0.30902647972106934
hsa-miR-34a-5p,MCM8,0,,0.21035821735858917
hsa-miR-34a-5p,CMSS1,0,,0.17211338877677917
hsa-miR-34a-5p,SRR,0,26.4,0.3366871178150177
hsa-miR-34a-5p,PDGFRA,1,28.8,0.3585014045238495
hsa-miR-34a-5p,MAPKAPK5,0,18.9,0.26307931542396545
hsa-miR-34a-5p,HNF4A,1,,0.2983870506286621
hsa-miR-34a-5p,KLF4,1,24.4,0.608067512512207
hsa-miR-34a-5p,PCDHGA3,0,30.5,0.18057242035865784
hsa-miR-34a-5p,RAB6B,0,21.6,0.17381194233894348
hsa-miR-34a-5p,CX3CR1,0,27.0,0.22659054398536682
hsa-miR-34a-5p,ISL2,0,,0.17765529453754425
hsa-miR-34a-5p,GNAQ,0,,0.29657962918281555
hsa-miR-34a-5p,GREM2,0,,0.4460133910179138
hsa-miR-375,LRIT3,0,24.0,0.16688555479049683
hsa-miR-375,COL4A3,0,,0.21347177028656006
hsa-miR-375,SH2D4A,0,,0.0929679274559021
hsa-miR-375,IYD,0,24.9,0.04059498384594917
hsa-miR-375,RASD1,1,29.1,0.3706674575805664
hsa-miR-375,KCNRG,0,23.8,0.1984836459159851
hsa-miR-375,AC091801.1,0,25.2,0.28874775767326355
hsa-miR-375,MCF2L,0,27.3,0.15165728330612183
hsa-miR-375,ARHGDIA,0,28.0,0.14660406112670898
hsa-miR-375,TADA2A,0,10.1,0.1076541393995285
hsa-miR-375,HPSE2,0,,0.09853770583868027
hsa-miR-375,RFX4,0,21.6,0.14259549975395203
hsa-miR-375,IGF1R,1,,0.038984451442956924
hsa-miR-375,RORB,0,,0.1250191032886505
hsa-miR-375,PLAG1,1,,0.06286484003067017
hsa-miR-375,MTDH,1,,0.23586677014827728
hsa-miR-375,JAK2,1,,0.19921565055847168
hsa-miR-375,LDLRAD4,0,,0.11385339498519897
hsa-miR-375,GATSL2,0,,0.08326184749603271
hsa-miR-375,USP1,1,,0.10566367208957672
hsa-miR-375,ZNF684,0,22.4,0.2243509292602539
hsa-miR-375,GTPBP1,0,,0.11149086803197861
hsa-miR-375,NDUFB9,0,23.7,0.3727370500564575
hsa-miR-375,PTPRE,0,22.0,0.19026200473308563
hsa-miR-375,SRD5A3,0,,0.07964947074651718
hsa-miR-375,CXCR2,0,24.9,0.1039540097117424
hsa-miR-375,C16orf46,0,21.3,0.24056294560432434
hsa-miR-375,TIMM8A,1,,0.1383489966392517
hsa-miR-375,SNAP91,0,22.3,0.2296319603919983
hsa-miR-375,SLC44A1,0,24.0,0.043682776391506195
hsa-miR-375,CLNS1A,0,20.6,0.1590687334537506
hsa-miR-375,MTPN,1,,0.18106700479984283
hsa-miR-375,SHISA9,0,,0.1138019785284996
hsa-miR-375,SP1,1,,0.10235191881656647
hsa-miR-375,ARHGAP29,0,21.2,0.5675686001777649
hsa-miR-375,LDHB,1,21.0,0.3265223801136017
hsa-miR-375,AGPAT4,0,23.9,0.12457811832427979
hsa-miR-375,TRIM52,0,,0.17412912845611572
hsa-miR-375,EMB,0,,0.2049291729927063
hsa-miR-375,YWHAZ,1,,0.13455164432525635
hsa-miR-375,ERBB2,1,25.4,0.09311119467020035
hsa-miR-375,ELAVL4,1,,0.41265085339546204
hsa-miR-375,YAP1,1,,0.18634861707687378
hsa-miR-375,C8orf46,0,20.1,0.06784958392381668
hsa-miR-375,MED22,0,,0.10911425203084946
hsa-miR-375,NKAPL,0,,0.13979065418243408
hsa-miR-375,ADIPOR2,1,,0.24386824667453766
hsa-miR-375,RPP30,0,23.3,0.09073659032583237
hsa-miR-375,C1QBP,1,22.6,0.1923518180847168
hsa-miR-375,WDR37,0,25.5,0.0634448230266571
hsa-miR-375,PDK1,1,22.1,0.10409349948167801
hsa-miR-375,FZD8,1,,0.14396505057811737
hsa-miR-375,PMPCA,0,22.3,0.05621130019426346
hsa-miR-375,THADA,0,18.6,0.13650746643543243
hsa-miR-375,CX3CR1,0,27.1,0.1660643219947815
hsa-miR-375,PHF21B,0,28.1,0.13044965267181396
hsa-miR-375,HPGDS,0,20.6,0.2166198194026947
hsa-miR-375,MGAT5,0,,0.12364917248487473
hsa-miR-378a-3p,CDK6,1,,0.14956516027450562
hsa-miR-378a-3p,KSR1,1,,0.07939274609088898
hsa-miR-378a-3p,KCNMA1,0,23.2,0.10599703341722488
hsa-miR-378a-3p,GRB2,1,25.2,0.26958227157592773
hsa-miR-378a-3p,PLEKHB1,0,28.1,0.09516098350286484
hsa-miR-378a-3p,SUFU,1,27.0,0.1390601545572281
hsa-miR-378a-3p,ILDR2,0,25.8,0.046861276030540466
hsa-miR-378a-3p,C14orf132,0,,0.05888550356030464
hsa-miR-378a-3p,DCAF8L1,0,24.5,0.22410842776298523
hsa-miR-378a-3p,ALDH3A2,0,,0.24118119478225708
hsa-miR-378a-3p,IGF1R,1,,0.15347646176815033
hsa-miR-378a-3p,TMEM196,0,21.7,0.15382489562034607
hsa-miR-378a-3p,CASC5,0,,0.12963980436325073
hsa-miR-378a-3p,NUMA1,0,28.1,0.1384844183921814
hsa-miR-378a-3p,MRRF,0,,0.045468222349882126
hsa-miR-378a-3p,GABARAPL1,0,23.9,0.09668261557817459
hsa-miR-378a-3p,CYB561A3,0,30.1,0.05506354570388794
hsa-miR-378a-3p,NFKBIA,0,26.7,0.41641849279403687
hsa-miR-378a-3p,TTC4,0,24.8,0.12773838639259338
hsa-miR-378a-3p,LYPD8,0,27.8,0.1933288872241974
hsa-miR-378a-3p,AGGF1,0,21.9,0.3203619122505188
hsa-miR-378a-3p,PAK2,0,,0.18915672600269318
hsa-miR-378a-3p,LOH12CR1,0,,0.1840263158082962
hsa-miR-378a-3p,SRC,0,,0.044115789234638214
hsa-miR-378a-3p,KRT24,0,24.9,0.5935289263725281
hsa-miR-378a-3p,MYC,1,26.7,0.1642248034477234
hsa-miR-378a-3p,TOB2,1,,0.2656027674674988
hsa-miR-378a-3p,CCDC102A,0,28.1,0.39349889755249023
hsa-miR-378a-3p,CHST11,0,22.0,0.10326086729764938
hsa-miR-378a-3p,ADPRH,0,,0.06576012074947357
hsa-miR-378a-3p,MROH8,0,27.3,0.3689135015010834
hsa-miR-378a-3p,BAZ2A,0,,0.13958889245986938
hsa-miR-378a-3p,AMIGO3,0,27.1,0.0782293751835823
hsa-miR-378a-3p,MAPK1,1,,0.23564192652702332
hsa-miR-378a-3p,UBE2L6,0,26.3,0.1489390730857849
hsa-miR-378a-3p,IFNLR1,0,20.2,0.06649500876665115
hsa-miR-424-5p,ANLN,1,24.4,0.297885000705719
hsa-miR-424-5p,CDK6,1,,0.09487840533256531
hsa-miR-424-5p,CCND1,1,19.8,0.37358275055885315
hsa-miR-424-5p,MPZL1,0,,0.14441967010498047
hsa-miR-424-5p,CCNE1,1,21.6,0.635666012763977
hsa-miR-424-5p,DCPS,0,,0.04872606694698334
hsa-miR-424-5p,FGF2,1,,0.4655754566192627
hsa-miR-424-5p,ENDOV,0,21.6,0.24051500856876373
hsa-miR-424-5p,ATP11A,0,,0.08403698354959488
hsa-miR-424-5p,LANCL3,0,21.0,0.11024787276983261
hsa-miR-424-5p,UBE3C,0,27.3,0.1342354118824005
hsa-miR-424-5p,SLC22A18AS,0,23.7,0.12772513926029205
hsa-miR-424-5p,NEURL,0,,0.11899625509977341
hsa-miR-424-5p,TSPYL2,0,23.6,0.4374489188194275
hsa-miR-424-5p,TYW5,0,,0.08908968418836594
hsa-miR-424-5p,TMPPE,0,,0.10445478558540344
hsa-miR-424-5p,RBFA,0,,0.12785419821739197
hsa-miR-424-5p,TNK2,0,20.3,0.17791512608528137
hsa-miR-424-5p,KIF23,1,18.3,0.6926540732383728
hsa-miR-424-5p,ITIH1,0,23.2,0.2712821364402771
hsa-miR-424-5p,CYB561D1,0,19.8,0.24386286735534668
hsa-miR-424-5p,FASN,1,,0.3381165862083435
hsa-miR-424-5p,PLAG1,1,,0.5048726797103882
hsa-miR-424-5p,LIMS1,0,18.6,0.20591746270656586
hsa-miR-424-5p,MAP2K3,0,24.0,0.16017302870750427
hsa-miR-424-5p,DNAL4,0,21.3,0.10500620305538177
hsa-miR-424-5p,UCP3,0,23.0,0.24067670106887817
hsa-miR-424-5p,ANKRD49,0,10.7,0.07219640910625458
hsa-miR-424-5p,TSNARE1,0,20.1,0.08025345951318741
hsa-miR-424-5p,MYB,1,23.1,0.5783436298370361
hsa-miR-424-5p,GPN2,0,,0.11486930400133133
hsa-miR-424-5p,NDUFS1,0,,0.14864306151866913
hsa-miR-424-5p,ZBTB7A,0,,0.09211554378271103
hsa-miR-424-5p,PIAS1,1,,0.18213805556297302
hsa-miR-424-5p,TMEM105,0,,0.07192320376634598
hsa-miR-424-5p,DAB2IP,0,22.2,0.12940800189971924
hsa-miR-424-5p,CCDC178,0,23.0,0.27805203199386597
hsa-miR-424-5p,CDC14A,1,19.0,0.427602082490921
hsa-miR-424-5p,EZH2,0,25.4,0.26739612221717834
hsa-miR-424-5p,FAM43B,0,20.2,0.14438390731811523
hsa-miR-424-5p,RPGRIP1L,0,19.9,0.18308895826339722
hsa-miR-424-5p,SDCBP2,0,27.1,0.1454017460346222
hsa-miR-424-5p,CCND3,1,23.1,0.2339063584804535
hsa-miR-424-5p,TAB1,0,19.7,0.056163277477025986
hsa-miR-424-5p,NKAPL,0,,0.26120811700820923
hsa-miR-424-5p,MAP2K1,1,27.5,0.4232400059700012
hsa-miR-424-5p,SOCS6,1,,0.33907103538513184
hsa-miR-424-5p,CCNF,1,20.7,0.14690609276294708
hsa-miR-424-5p,RP11-701P16.2,0,18.6,0.24968303740024567
hsa-miR-424-5p,CHEK1,1,17.2,0.5079678297042847
hsa-miR-424-5p,SFXN3,0,19.8,0.1846773475408554
hsa-miR-424-5p,TAL2,0,,0.0851869061589241
hsa-miR-424-5p,WDR12,0,,0.09145120531320572
hsa-miR-424-5p,NHLRC2,0,,0.43098852038383484
hsa-miR-424-5p,PTCH1,1,16.3,0.24967506527900696
hsa-miR-424-5p,RENBP,0,22.4,0.27731555700302124
hsa-miR-424-5p,FAM172A,0,,0.09338094294071198
hsa-miR-424-5p,GDNF,0,,0.112385094165802
hsa-miR-424-5p,KCNN3,0,,0.14906923472881317
hsa-miR-424-5p,IRAK1BP1,0,,0.1729535162448883
hsa-miR-424-5p,ZER1,0,23.6,0.07711505144834518
hsa-miR-424-5p,PIGZ,0,23.7,0.23708832263946533
hsa-miR-424-5p,WEE1,1,,0.4519522488117218
hsa-miR-424-5p,TMCC3,0,,0.10585024952888489
hsa-miR-424-5p,C10orf76,0,7.7,0.13549186289310455
hsa-miR-424-5p,RGL2,0,22.3,0.23878352344036102
hsa-miR-424-5p,F2RL3,0,21.9,0.21303629875183105
hsa-miR-424-5p,WT1,0,,0.2583756148815155
hsa-miR-424-5p,ASCC3,0,22.9,0.3220073878765106
hsa-miR-424-5p,CDH19,0,,0.14174653589725494
hsa-miR-424-5p,NBEA,0,21.8,0.27931874990463257
hsa-miR-424-5p,QKI,0,,0.34895414113998413
hsa-miR-424-5p,CUL2,1,24.9,0.3091883659362793
hsa-miR-424-5p,TBC1D8,0,21.5,0.242084801197052
hsa-miR-424-5p,ASPH,0,20.0,0.17862197756767273
hsa-miR-424-5p,CDKN2AIP,0,16.5,0.23586124181747437
hsa-miR-424-5p,WBSCR22,0,16.7,0.12060163915157318
hsa-miR-424-5p,SIAH1,1,25.6,0.27483007311820984
hsa-miR-424-5p,CCDC50,0,,0.26387152075767517
hsa-miR-424-5p,VTCN1,0,20.6,0.20584651827812195
hsa-miR-424-5p,NEDD4L,0,,0.0932343602180481
hsa-miR-424-5p,CNTF,0,,0.17821426689624786
hsa-miR-424-5p,RPL37A,0,17.5,0.22345273196697235
hsa-miR-424-5p,MTRR,0,24.1,0.2640608549118042
hsa-miR-424-5p,HMGCR,0,,0.09261661767959595
hsa-miR-424-5p,AADAT,0,19.9,0.42590680718421936
hsa-miR-424-5p,EFNB1,0,23.9,0.13652095198631287
hsa-miR-424-5p,AC010536.1,0,25.6,0.10811833292245865
hsa-miR-424-5p,GRIK3,0,16.5,0.10573811084032059
hsa-miR-424-5p,FGFR1,1,,0.2516937851905823
hsa-miR-424-5p,C15orf53,0,24.5,0.18504203855991364
hsa-miR-424-5p,ATF6,1,,0.3533557057380676
hsa-miR-424-5p,MED11,0,21.5,0.2494610846042633
hsa-miR-424-5p,ITPR1,1,23.8,0.2831663489341736
hsa-miR-424-5p,FBXO31,0,,0.21115925908088684
hsa-miR-424-5p,CDX2,1,,0.17326632142066956
hsa-miR-424-5p,LRRK1,0,21.8,0.3395784795284271
hsa-miR-424-5p,UBE2K,0,,0.3267397880554199
hsa-miR-424-5p,CDC25A,1,23.2,0.20080143213272095
hsa-miR-424-5p,HGSNAT,0,,0.20745059847831726
hsa-miR-424-5p,KIAA0408,0,,0.23824530839920044
hsa-miR-424-5p,NOMO1,0,22.3,0.19693583250045776
hsa-miR-424-5p,IL17RE,0,24.9,0.09366592764854431
hsa-miR-429,CDR2L,0,22.0,0.1790483444929123
hsa-miR-429,LPCAT2,0,,0.24937714636325836
hsa-miR-429,ZEB2,1,,0.26862409710884094
hsa-miR-429,SHC1,1,20.4,0.24210618436336517
hsa-miR-429,PTPRD,1,17.0,0.2926437258720398
hsa-miR-429,SNRPD3,0,20.7,0.16111283004283905
hsa-miR-429,GOLGA6C,0,,0.18198585510253906
hsa-miR-429,SOX2,1,20.4,0.241780087351799
hsa-miR-429,TBCEL,0,,0.15739122033119202
hsa-miR-429,BAP1,1,20.7,0.26132628321647644
hsa-miR-429,MFF,0,,0.1785781979560852
hsa-miR-429,RBBP4,1,18.6,0.10438104718923569
hsa-miR-429,KHDRBS1,0,23.9,0.2824796736240387
hsa-miR-429,GTF2H5,0,,0.10985104739665985
hsa-miR-429,RASSF6,0,,0.11708430200815201
hsa-miR-429,XIAP,1,,0.20840613543987274
hsa-miR-429,ZDBF2,0,,0.2058086097240448
hsa-miR-429,RNF115,0,,0.01477087289094925
hsa-miR-429,MGST3,0,19.9,0.11539081484079361
hsa-miR-429,MYB,1,18.7,0.2099660336971283
hsa-miR-429,DIS3,0,,0.16033700108528137
hsa-miR-429,MYC,1,21.0,0.20300237834453583
hsa-miR-429,RFPL1,0,18.1,0.28276288509368896
hsa-miR-429,IMP4,0,,0.16952630877494812
hsa-miR-429,NUPL1,0,,0.14129091799259186
hsa-miR-429,PTPN22,0,16.4,0.245282381772995
hsa-miR-429,CDH7,0,19.7,0.295043408870697
hsa-miR-429,KCND3,0,,0.11297119408845901
hsa-miR-429,CHRFAM7A,0,,0.1669754832983017
hsa-miR-429,NXPH1,0,21.4,0.16994750499725342
hsa-miR-429,LINS,0,19.0,0.17969739437103271
hsa-miR-429,LNPEP,0,,0.04764106497168541
hsa-miR-429,NADK2,0,,0.12538671493530273
hsa-miR-429,PLEKHG4B,0,,0.10058202594518661
hsa-miR-429,FBXL2,0,,0.17128756642341614
hsa-miR-429,EIF1B,0,21.6,0.29341834783554077
hsa-miR-429,EIF5B,0,25.1,0.18400035798549652
hsa-miR-429,EHD3,0,,0.09589731693267822
hsa-miR-429,SLC26A4,0,,0.10715000331401825
hsa-miR-429,RIF1,0,17.7,0.22192180156707764
hsa-miR-429,BPY2C,0,19.2,0.46214166283607483
hsa-miR-429,ZEB1,1,,0.26627618074417114
hsa-miR-429,WASF3,1,,0.23338913917541504
hsa-miR-429,ZFPM2,1,24.1,0.19069904088974
hsa-miR-429,ELMO2,1,20.2,0.08239486068487167
hsa-miR-429,BCL2,1,,0.040911924093961716
hsa-miR-429,KLF11,1,,0.05865640193223953
hsa-miR-429,CHM,0,,0.2325611710548401
hsa-miR-429,UBE2K,0,,0.04818698763847351
hsa-miR-429,UBE2T,0,,0.1291484385728836
hsa-miR-429,MYPN,0,20.3,0.11031235754489899
hsa-miR-429,HOXD4,0,,0.2069619745016098
hsa-miR-429,WDR37,1,18.5,0.10539048910140991
hsa-miR-429,SOX6,0,,0.07863275706768036
hsa-miR-494-3p,ARRB1,0,,0.009048320353031158
hsa-miR-494-3p,CFTR,1,22.5,0.21621796488761902
hsa-miR-494-3p,CDK6,1,,0.08541978895664215
hsa-miR-494-3p,MTMR2,0,,0.09636478126049042
hsa-miR-494-3p,RAD23B,1,,0.11654528975486755
hsa-miR-494-3p,FAM217B,0,,0.054779767990112305
hsa-miR-494-3p,PROS1,1,21.8,0.30449092388153076
hsa-miR-494-3p,PTEN,1,,0.06699599325656891
hsa-miR-494-3p,ARPP19,0,,0.045187998563051224
hsa-miR-494-3p,SYNCRIP,1,21.5,0.09855474531650543
hsa-miR-494-3p,SLC25A25,0,21.0,0.06216639652848244
hsa-miR-494-3p,MDM1,0,17.3,0.08114789426326752
hsa-miR-494-3p,FAM173B,0,,0.00899902731180191
hsa-miR-494-3p,LAMB1,0,17.1,0.17568033933639526
hsa-miR-494-3p,KATNBL1,0,,0.06814241409301758
hsa-miR-494-3p,CECR1,0,,0.02511100471019745
hsa-miR-494-3p,RAD50,0,,0.07820208370685577
hsa-miR-494-3p,SYNE3,0,18.3,0.03267693892121315
hsa-miR-494-3p,MTHFD2L,0,19.8,0.16455401480197906
hsa-miR-494-3p,RWDD4,0,20.4,0.21877047419548035
hsa-miR-494-3p,ZNF638,0,,0.0726923868060112
hsa-miR-494-3p,CYP3A4,0,19.4,0.055830880999565125
hsa-miR-494-3p,SDC1,1,22.7,0.166422039270401
hsa-miR-494-3p,BMI1,1,,0.1257503181695938
hsa-miR-494-3p,BCL2L11,1,26.5,0.04008941352367401
hsa-miR-494-3p,NRSN1,0,22.0,0.044991329312324524
hsa-miR-494-3p,PDHA1,0,15.0,0.09220055490732193
hsa-miR-494-3p,ACTL6B,0,18.2,0.19672444462776184
hsa-miR-494-3p,RP11-422N16.3,0,,0.07127207517623901
hsa-miR-494-3p,HNRNPA3,1,,0.08801554888486862
hsa-miR-494-3p,RFX7,0,15.9,0.09669330716133118
hsa-miR-494-3p,ATP8B2,0,21.9,0.08031005412340164
hsa-miR-494-3p,GOLGA8N,0,,0.09475631266832352
hsa-miR-494-3p,BAG1,1,,0.07221711426973343
hsa-miR-494-3p,TRPV3,0,20.7,0.024547815322875977
hsa-miR-494-3p,CLU,0,,0.08575872331857681
hsa-miR-494-3p,ZEB1,1,,0.033992405980825424
hsa-miR-494-3p,PDIA3,1,,0.04943407326936722
hsa-miR-494-3p,MID1,0,,0.024778597056865692
hsa-miR-494-3p,C17orf104,0,20.2,0.13692457973957062
hsa-miR-494-3p,USP6,0,,0.20716390013694763
hsa-miR-494-3p,PTGER3,0,21.7,0.1757221519947052
hsa-miR-494-3p,ARNTL,1,18.1,0.23299121856689453
hsa-miR-494-3p,INSC,0,20.2,0.30572086572647095
hsa-miR-494-3p,TFAM,1,,0.04366397485136986
hsa-miR-494-3p,RBM47,0,,0.07199849933385849
hsa-miR-494-3p,CWC15,0,22.9,0.10463899374008179
hsa-miR-494-3p,MYC,1,19.9,0.14609183371067047
hsa-miR-494-3p,DCUN1D2,0,,0.027474135160446167
hsa-miR-494-3p,TRIM6-TRIM34,0,20.4,0.1970546543598175
hsa-miR-494-3p,AIG1,0,17.3,0.034242723137140274
hsa-miR-494-3p,FOXJ3,1,,0.05626477673649788
hsa-miR-494-3p,KIAA0226L,0,20.5,0.2411802113056183
hsa-miR-494-3p,FAM3C,0,,0.10748841613531113
hsa-miR-494-3p,TMX1,0,,0.09154447168111801
hsa-miR-494-3p,LAMTOR3,0,,0.042770225554704666
hsa-miR-494-3p,RAD51,0,,0.0590769425034523
hsa-miR-494-3p,POTEE,0,19.6,0.21364572644233704
hsa-miR-494-3p,PALM2,0,,0.014711566269397736
hsa-miR-494-3p,SLC6A2,0,23.8,0.15742380917072296
hsa-miR-494-3p,CXCR4,1,21.9,0.17167192697525024
hsa-miR-494-3p,CTIF,0,,0.047451552003622055
hsa-miR-494-3p,MED20,0,23.0,0.061605412513017654
hsa-miR-494-3p,CMYA5,0,16.3,0.16248419880867004
hsa-miR-494-3p,DDX24,0,22.3,0.13315562903881073
hsa-miR-503-5p,MAN2B2,0,,0.2213100790977478
hsa-miR-503-5p,ANLN,1,26.5,0.3301311135292053
hsa-miR-503-5p,KLHL26,0,25.6,0.34614378213882446
hsa-miR-503-5p,SIPA1L2,0,28.2,0.2687300741672516
hsa-miR-503-5p,CCND1,1,26.0,0.3090724050998688
hsa-miR-503-5p,NDNL2,0,21.5,0.38176044821739197
hsa-miR-503-5p,TMEM74B,0,29.7,0.4104034900665283
hsa-miR-503-5p,CCNE1,1,30.2,0.4259965419769287
hsa-miR-503-5p,SDHAF2,0,22.0,0.196815624833107
hsa-miR-503-5p,FGF2,1,,0.30660808086395264
hsa-miR-503-5p,BTLA,0,,0.15400630235671997
hsa-miR-503-5p,IKBKB,1,31.1,0.35368916392326355
hsa-miR-503-5p,WEE1,1,,0.3400176167488098
hsa-miR-503-5p,PIK3R1,1,,0.19503554701805115
hsa-miR-503-5p,SAMD15,0,25.6,0.23056478798389435
hsa-miR-503-5p,RHBDD1,0,23.8,0.2749178409576416
hsa-miR-503-5p,MOK,0,27.3,0.38352808356285095
hsa-miR-503-5p,FGF8,1,29.6,0.2675042748451233
hsa-miR-503-5p,FBXW7,1,25.2,0.3478941023349762
hsa-miR-503-5p,VEGFA,1,25.8,0.3246135711669922
hsa-miR-503-5p,FECH,0,,0.19818904995918274
hsa-miR-503-5p,PLXNB1,0,,0.20628497004508972
hsa-miR-503-5p,CUTA,0,28.0,0.47538885474205017
hsa-miR-503-5p,ETV7,0,22.2,0.16409903764724731
hsa-miR-503-5p,CCNE2,1,23.9,0.34852999448776245
hsa-miR-503-5p,PAK2,0,,0.21106837689876556
hsa-miR-503-5p,SLC6A8,0,30.1,0.20769795775413513
hsa-miR-503-5p,SLMO1,0,31.9,0.16627340018749237
hsa-miR-503-5p,MICA,0,,0.1355571448802948
hsa-miR-503-5p,CCDC19,0,26.5,0.537788450717926
hsa-miR-503-5p,ADAMTS3,0,,0.30418193340301514
hsa-miR-503-5p,PLCG2,0,,0.20063164830207825
hsa-miR-503-5p,FGFR1,1,,0.1997627317905426
hsa-miR-503-5p,ADAMTS12,0,20.8,0.191886305809021
hsa-miR-503-5p,CDC14A,1,25.2,0.3317401111125946
hsa-miR-503-5p,ATF6,1,,0.25974804162979126
hsa-miR-503-5p,YWHAZ,0,,0.2824910879135132
hsa-miR-503-5p,FANCA,1,32.6,0.20791830122470856
hsa-miR-503-5p,C17orf97,0,23.1,0.16132763028144836
hsa-miR-503-5p,DIEXF,0,,0.2557849586009979
hsa-miR-503-5p,XRCC5,0,,0.2629062533378601
hsa-miR-503-5p,CDC25A,1,31.7,0.1434841752052307
hsa-miR-503-5p,RND2,0,,0.10391269624233246
hsa-miR-503-5p,SLC19A2,0,,0.25094038248062134
hsa-miR-503-5p,CHEK1,1,20.8,0.32176128029823303
hsa-miR-503-5p,AGO1,1,,0.17895382642745972
hsa-miR-503-5p,MCM3AP,0,,0.16626697778701782
hsa-miR-503-5p,CPXM2,0,27.0,0.3293088972568512
hsa-miR-7-5p,MARK4,0,,0.3076689541339874
hsa-miR-7-5p,IRS2,1,,0.37724778056144714
hsa-miR-7-5p,PAK1,1,25.3,0.4256255030632019
hsa-miR-7-5p,LRRC15,0,,0.24584795534610748
hsa-miR-7-5p,GPM6B,0,,0.33860889077186584
hsa-miR-7-5p,ASH2L,0,,0.24049046635627747
hsa-miR-7-5p,PDCD11,0,22.2,0.24014918506145477
hsa-miR-7-5p,DLG3,0,,0.28743577003479004
hsa-miR-7-5p,RRN3,0,13.0,0.3765474557876587
hsa-miR-7-5p,SCAMP5,0,,0.25495755672454834
hsa-miR-7-5p,CHCHD2,0,25.5,0.5416731238365173
hsa-miR-7-5p,TTC30A,0,,0.38905274868011475
hsa-miR-7-5p,TCTA,0,26.1,0.31912314891815186
hsa-miR-7-5p,SMG1,0,21.4,0.24609294533729553
hsa-miR-7-5p,EGFR,1,23.6,0.4115362763404846
hsa-miR-7-5p,ITGB8,0,,0.4148818254470825
hsa-miR-7-5p,PRICKLE2,0,,0.21884550154209137
hsa-miR-7-5p,SKP2,1,9.6,0.3230069875717163
hsa-miR-7-5p,IGF1R,1,,0.32263702154159546
hsa-miR-7-5p,PSME3,1,,0.5566419363021851
hsa-miR-7-5p,SEC23A,0,21.9,0.6254867315292358
hsa-miR-7-5p,STX16,0,,0.2726697325706482
hsa-miR-7-5p,FAM154B,0,28.3,0.5356589555740356
hsa-miR-7-5p,RNF130,0,19.3,0.17764721810817719
hsa-miR-7-5p,PIK3R3,1,,0.34395867586135864
hsa-miR-7-5p,HOXD11,0,,0.3574216961860657
hsa-miR-7-5p,MC2R,0,,0.17368590831756592
hsa-miR-7-5p,CAMK2A,0,,0.22769133746623993
hsa-miR-7-5p,TACR2,0,22.1,0.7319673299789429
hsa-miR-7-5p,YY1,1,,0.3539758622646332
hsa-miR-7-5p,RGS8,0,21.1,0.33830755949020386
hsa-miR-7-5p,KIAA1598,0,21.4,0.29740944504737854
hsa-miR-7-5p,KCNQ2,0,13.1,0.21264532208442688
hsa-miR-7-5p,HOXB3,1,24.8,0.44718635082244873
hsa-miR-7-5p,MTPN,0,,0.19833676517009735
hsa-miR-7-5p,RFX2,0,25.1,0.487467885017395
hsa-miR-7-5p,SRSF1,1,,0.3078688383102417
hsa-miR-7-5p,ARHGAP29,0,18.8,0.2212664783000946
hsa-miR-7-5p,NXPH3,0,28.0,0.1407271921634674
hsa-miR-7-5p,ITGAL,0,22.0,0.22701436281204224
hsa-miR-7-5p,BCL2,1,,0.2958541810512543
hsa-miR-7-5p,C9orf114,0,,0.28240692615509033
hsa-miR-7-5p,EGLN1,0,,0.30659234523773193
hsa-miR-7-5p,HOXB5,1,21.9,0.2578662633895874
hsa-miR-7-5p,PAPD4,0,,0.6160213351249695
hsa-miR-7-5p,AK2,0,22.5,0.4207536280155182
hsa-miR-7-5p,RBMS2,0,,0.18557175993919373
hsa-miR-7-5p,EPHX3,0,21.8,0.3003777861595154
hsa-miR-7-5p,SCO1,0,,0.2280024290084839
hsa-miR-7-5p,TMCC2,0,20.5,0.17392896115779877
hsa-miR-7-5p,ZNF33A,0,,0.45687928795814514
hsa-miR-7-5p,RAF1,1,21.7,0.46007606387138367
hsa-miR-7-5p,TADA2B,0,,0.25010356307029724
hsa-miR-7-5p,SNCA,1,17.0,0.4084518253803253
hsa-miR-7-5p,SNX2,0,,0.28172945976257324
hsa-miR-7-5p,HELLS,1,,0.4461703300476074
hsa-miR-7-5p,EBF2,0,,0.6518683433532715
hsa-miR-7-5p,PRMT3,0,,0.2707322835922241
hsa-miR-7-5p,RPS6KL1,0,21.9,0.27666670083999634
hsa-miR-7-5p,PANX1,0,,0.11782485246658325
hsa-miR-7-5p,KLF4,1,22.9,0.393497109413147
hsa-miR-7-5p,C11orf68,0,19.4,0.3020867705345154
hsa-miR-7-5p,PIK3CD,1,19.9,0.5236003398895264
hsa-miR-7-5p,FAM71E1,0,21.9,0.7610036134719849
hsa-miR-7-5p,B3GALTL,0,,0.5172232389450073
hsa-miR-7-5p,HSPG2,0,23.4,0.2302730530500412
hsa-miR-7-5p,XRCC2,1,,0.17927661538124084
hsa-miR-7-5p,ABL1,0,,0.2386719435453415
hsa-miR-7-5p,ABCC1,1,26.6,0.37853461503982544
hsa-miR-9-5p,LDHA,0,,0.13241589069366455
hsa-miR-9-5p,ITFG2,0,23.1,0.18229849636554718
hsa-miR-9-5p,NR2E1,1,25.9,0.18722787499427795
hsa-miR-9-5p,TWIST1,0,,0.29244816303253174
hsa-miR-9-5p,RABIF,0,,0.1922958940267563
hsa-miR-9-5p,CNPY1,0,19.6,0.15942731499671936
hsa-miR-9-5p,C17orf72,0,,0.048310548067092896
hsa-miR-9-5p,PCYOX1,0,,0.18837136030197144
hsa-miR-9-5p,ONECUT2,1,,0.24900485575199127
hsa-miR-9-5p,KALRN,0,21.5,0.18227970600128174
hsa-miR-9-5p,GLUL,0,,0.15952414274215698
hsa-miR-9-5p,TMEM260,0,20.2,0.32008346915245056
hsa-miR-9-5p,NT5DC3,0,,0.07254883646965027
hsa-miR-9-5p,TGFBR1,0,,0.18435564637184143
hsa-miR-9-5p,SOCS5,1,,0.25594237446784973
hsa-miR-9-5p,TMEM196,0,23.0,0.3188226819038391
hsa-miR-9-5p,PRDM1,1,,0.2038879096508026
hsa-miR-9-5p,MDGA1,0,15.2,0.2115454375743866
hsa-miR-9-5p,BCL2L11,1,20.8,0.17043063044548035
hsa-miR-9-5p,ACE2,0,20.6,0.23643918335437775
hsa-miR-9-5p,RANBP2,0,22.8,0.22422577440738678
hsa-miR-9-5p,PCDH10,0,,0.2728970944881439
hsa-miR-9-5p,CREBZF,0,,0.1916179358959198
hsa-miR-9-5p,SNX13,0,,0.23486818373203278
hsa-miR-9-5p,P2RY14,0,23.1,0.24214324355125427
hsa-miR-9-5p,FOXP1,1,8.1,0.32097917795181274
hsa-miR-9-5p,SLC46A3,0,22.2,0.2824179530143738
hsa-miR-9-5p,PAK2,0,,0.11615385115146637
hsa-miR-9-5p,DCTN6,0,25.1,0.08380034565925598
hsa-miR-9-5p,FBXO40,0,,0.11676588654518127
hsa-miR-9-5p,ADAM33,0,22.5,0.23674964904785156
hsa-miR-9-5p,FOXO1,1,,0.1703571081161499
hsa-miR-9-5p,ELAVL1,1,19.9,0.1735534518957138
hsa-miR-9-5p,PXMP4,0,,0.16466286778450012
hsa-miR-9-5p,FAM102B,0,18.7,0.16399908065795898
hsa-miR-9-5p,SRF,1,,0.13506433367729187
hsa-miR-9-5p,AP3B1,1,,0.4068930447101593
hsa-miR-9-5p,VANGL1,0,,0.21145081520080566
hsa-miR-9-5p,SIX5,0,22.1,0.36602407693862915
hsa-miR-9-5p,NTAN1,0,19.8,0.7573225498199463
hsa-miR-9-5p,NTRK3,1,23.4,0.07963025569915771
hsa-miR-9-5p,GAD2,0,21.6,0.21346911787986755
hsa-miR-9-5p,SIRT1,1,25.9,0.3406378924846649
hsa-miR-9-5p,PRKG2,0,,0.2227185219526291
hsa-miR-9-5p,PPARGC1B,0,,0.25134310126304626
hsa-miR-9-5p,G6PC,0,,0.11996343731880188
hsa-miR-9-5p,CLLU1OS,0,24.0,0.3086734414100647
hsa-miR-9-5p,UBE2D3,0,,0.13556036353111267
hsa-miR-9-5p,ZNF367,0,,0.245462566614151
hsa-miR-9-5p,PPARA,1,24.7,0.12348802387714386
hsa-miR-9-5p,ARRB1,0,,0.19252070784568787
hsa-miR-9-5p,ARHGAP42,0,,0.14789527654647827
hsa-miR-9-5p,EXOC6B,0,,0.2835105061531067
hsa-miR-9-5p,PLK2,0,23.3,0.3332623243331909
hsa-miR-9-5p,LGALSL,0,,0.23973439633846283
hsa-miR-9-5p,SUPT7L,0,,0.2097833752632141
hsa-miR-9-5p,SHROOM4,0,24.7,0.5001006126403809
hsa-miR-9-5p,EPT1,0,,0.08770540356636047
hsa-miR-9-5p,UBE3A,0,26.5,0.1944602131843567
hsa-miR-9-5p,CYP1B1,0,,0.21072277426719666
hsa-miR-9-5p,ANKRD29,0,20.5,0.3310703933238983
hsa-miR-9-5p,ZDHHC2,0,,0.19755908846855164
hsa-miR-9-5p,RAN,0,,0.2228664606809616
hsa-miR-9-5p,FOXO3,1,,0.0996343344449997
hsa-miR-9-5p,TMEM168,0,,0.15655842423439026
hsa-miR-9-5p,TGFBI,1,25.7,0.3964530825614929
hsa-miR-9-5p,SNX1,0,,0.03892720118165016
hsa-miR-9-5p,ZNF101,0,20.2,0.27648425102233887
hsa-miR-9-5p,PADI2,0,22.8,0.1883305311203003
hsa-miR-9-5p,KLHL24,0,21.1,0.2040340155363083
hsa-miR-9-5p,ASCL4,0,21.2,0.5358104705810547
hsa-miR-9-5p,ZNF705A,0,,0.38172775506973267
hsa-miR-9-5p,REST,1,,0.17093342542648315
hsa-miR-9-5p,ARCN1,0,22.8,0.1928236186504364
hsa-miR-9-5p,PRTG,1,20.3,0.26505833864212036
hsa-miR-9-5p,GLOD4,0,20.5,0.2243175506591797
hsa-miR-9-5p,SLC16A7,0,15.7,0.11916552484035492
hsa-miR-9-5p,RERE,0,,0.14095374941825867
hsa-miR-9-5p,BCL6,1,20.2,0.3028125464916229
hsa-miR-9-5p,POU2F2,1,17.7,0.27420663833618164
hsa-miR-9-5p,DICER1,1,,0.17445963621139526
hsa-miR-9-5p,CCNG1,1,,0.37564247846603394
hsa-miR-9-5p,APOA4,0,20.0,0.3094486594200134
hsa-miR-9-5p,MGST1,0,21.7,0.3165825605392456
hsa-miR-9-5p,SVIP,0,,0.11375683546066284
hsa-miR-9-5p,SCNM1,0,21.4,0.12674662470817566
hsa-miR-9-5p,RP11-47I22.3,0,21.5,0.4303671717643738
hsa-miR-9-5p,NEDD9,0,21.4,0.16038784384727478
hsa-miR-9-5p,NFKB1,1,19.9,0.2894256114959717
hsa-miR-9-5p,BACE1,1,,0.14804524183273315
hsa-miR-9-5p,CREB1,1,23.6,0.07018374651670456
hsa-miR-9-5p,STMN1,1,23.6,0.3037880063056946
hsa-miR-9-5p,GRK6,0,20.1,0.07424725592136383
hsa-miR-9-5p,AP4E1,0,,0.2874271869659424
hsa-miR-9-5p,PIFO,0,25.1,0.1703193187713623
hsa-miR-9-5p,NUDT4,0,,0.14750036597251892
hsa-miR-9-5p,RNF144A,0,,0.16591328382492065
hsa-miR-9-5p,CELF6,0,22.1,0.23477968573570251
hsa-miR-9-5p,LMOD2,0,21.3,0.2940306067466736
hsa-miR-9-5p,CSRNP3,0,,0.11288927495479584
hsa-miR-9-5p,AKAP11,0,,0.1383594125509262
hsa-miR-9-5p,PIP4K2C,0,24.8,0.22930175065994263
hsa-miR-9-5p,SESN1,0,20.7,0.15491333603858948
hsa-miR-9-5p,CAMSAP1,0,,0.13931307196617126
hsa-miR-9-5p,PITPNM2,0,18.3,0.10012909770011902
hsa-miR-9-5p,LL22NC03-63E9.3,0,,0.13345783948898315
hsa-miR-9-5p,COPZ2,0,19.3,0.22452890872955322
hsa-miR-9-5p,ACTN2,0,,0.23315981030464172
hsa-miR-9-5p,MLF1IP,0,20.9,0.2613605856895447
hsa-miR-9-5p,CDH1,1,,0.1120162084698677
hsa-miR-9-5p,CDX2,1,,0.19141052663326263
hsa-miR-9-5p,IMPAD1,0,,0.14745095372200012
hsa-miR-9-5p,SRD5A1,0,,0.18704141676425934
hsa-miR-9-5p,HELLS,0,,0.2045792043209076
hsa-miR-9-5p,MMADHC,0,,0.2318236231803894
hsa-miR-9-5p,TSC22D2,0,,0.20149637758731842
hsa-miR-9-5p,HNRNPUL2,0,,0.1552184671163559
hsa-miR-9-5p,PTPMT1,0,26.0,0.2831233739852905
hsa-miR-9-5p,RPL10,0,23.4,0.1873573213815689
hsa-miR-9-5p,CFHR2,0,,0.18750739097595215
hsa-miR-9-5p,CXCR4,1,20.6,0.29790130257606506
hsa-miR-9-5p,FOXN1,0,25.0,0.11591538786888123
hsa-miR-9-5p,LRRC3DN,0,,0.12039739638566971
hsa-miR-9-5p,RAB34,1,19.6,0.49942368268966675
hsa-miR-9-5p,ETS1,1,,0.2206360399723053
hsa-miR-9-5p,MMP13,1,23.8,0.30559325218200684
hsa-miR-92a-3p,GPR22,0,,0.301486998796463
hsa-miR-92a-3p,MYLIP,1,27.3,0.30735379457473755
hsa-miR-92a-3p,CRTAM,0,25.0,0.24133078753948212
hsa-miR-92a-3p,EMCN,0,,0.18456104397773743
hsa-miR-92a-3p,HIPK3,1,,0.2616208493709564
hsa-miR-92a-3p,PPIAL4B,0,18.6,0.3488781154155731
hsa-miR-92a-3p,ZNF699,0,,0.10580435395240784
hsa-miR-92a-3p,OSBPL2,1,,0.07207159698009491
hsa-miR-92a-3p,ARMC10,0,,0.2255251705646515
hsa-miR-92a-3p,NDUFS2,0,29.2,0.19842028617858887
hsa-miR-92a-3p,CPEB2,1,,0.20300713181495667
hsa-miR-92a-3p,TADA2A,0,9.7,0.10657008737325668
hsa-miR-92a-3p,TRIP11,0,,0.2904171347618103
hsa-miR-92a-3p,DCTN3,0,25.5,0.11174169182777405
hsa-miR-92a-3p,PSG9,0,30.0,0.3045062720775604
hsa-miR-92a-3p,CSF1,0,22.3,0.30252450704574585
hsa-miR-92a-3p,GOLGA6L10,0,,0.2008969783782959
hsa-miR-92a-3p,SYT5,0,,0.08331985771656036
hsa-miR-92a-3p,SOCS5,1,,0.19745194911956787
hsa-miR-92a-3p,GATA2,0,28.5,0.27418071031570435
hsa-miR-92a-3p,KCTD13,0,23.5,0.05849696695804596
hsa-miR-92a-3p,CEBPA,0,27.9,0.08331121504306793
hsa-miR-92a-3p,BCL2L11,1,31.1,0.30793651938438416
hsa-miR-92a-3p,BMPR2,1,,0.30427396297454834
hsa-miR-92a-3p,LEPREL2,0,29.2,0.5713752508163452
hsa-miR-92a-3p,MCPH1,0,31.6,0.08457919955253601
hsa-miR-92a-3p,KAT2B,1,22.4,0.4187043309211731
hsa-miR-92a-3p,PRRT2,0,32.1,0.14200180768966675
hsa-miR-92a-3p,ICOSLG,0,11.3,0.04010587930679321
hsa-miR-92a-3p,CTD-2140B24.4,0,,0.14320354163646698
hsa-miR-92a-3p,GIGYF2,0,27.2,0.17619310319423676
hsa-miR-92a-3p,DLGAP2,0,,0.21318623423576355
hsa-miR-92a-3p,EN2,0,,0.24033492803573608
hsa-miR-92a-3p,PRDX5,0,25.4,0.3392535150051117
hsa-miR-92a-3p,LPHN3,0,22.0,0.11659985035657883
hsa-miR-92a-3p,MEIS3,0,32.6,0.2524588108062744
hsa-miR-92a-3p,HCN1,0,,0.028715044260025024
hsa-miR-92a-3p,TFDP2,0,,0.16852670907974243
hsa-miR-92a-3p,PPAP2B,0,,0.20223498344421387
hsa-miR-92a-3p,BCO2,0,27.1,0.20240476727485657
hsa-miR-92a-3p,DCAF8,0,31.0,0.2066563069820404
hsa-miR-92a-3p,FAM160A2,0,32.0,0.3279229998588562
hsa-miR-92a-3p,TACR3,0,,0.2632508873939514
hsa-miR-92a-3p,KIAA1875,0,,0.07776512950658798
hsa-miR-92a-3p,RGS7BP,0,,0.15344198048114777
hsa-miR-92a-3p,PTEN,1,,0.3040834367275238
hsa-miR-92a-3p,FNBP1L,0,,0.13633210957050323
hsa-miR-92a-3p,MPL,0,28.7,0.07507507503032684
hsa-miR-92a-3p,OSBPL8,1,,0.21295428276062012
hsa-miR-92a-3p,LILRA2,0,,0.1428034007549286
hsa-miR-92a-3p,HIPK1,1,13.3,0.20028993487358093
hsa-miR-92a-3p,HEBP1,0,27.1,0.19911834597587585
hsa-miR-92a-3p,ASB4,0,23.9,0.1613575518131256
hsa-miR-92a-3p,ESR2,1,36.7,0.24019810557365417
hsa-miR-92a-3p,NAA50,0,,0.13547658920288086
hsa-miR-92a-3p,CCNJL,0,28.3,0.2916174530982971
hsa-miR-92a-3p,ITGA5,1,27.6,0.447701096534729
hsa-miR-92a-3p,HAPLN1,0,19.9,0.10883098840713501
hsa-miR-92a-3p,IL5RA,0,25.8,0.05781638249754906
hsa-miR-92a-3p,SLC9A4,0,25.5,0.28454703092575073
hsa-miR-92a-3p,TP63,1,27.6,0.2539359927177429
hsa-miR-92a-3p,NTRK2,0,,0.18558789789676666
hsa-miR-92a-3p,ZNF470,0,26.4,0.22561511397361755
hsa-miR-92a-3p,ZNF383,0,,0.08148646354675293
hsa-miR-92a-3p,PTK6,0,,0.19307121634483337
hsa-miR-92a-3p,KLF2,1,31.0,0.5158261060714722
hsa-miR-92a-3p,MPP6,0,,0.12957534193992615
hsa-miR-92a-3p,SLC16A1,0,30.7,0.12518832087516785
hsa-miR-92a-3p,MAGEE2,0,24.3,0.3746676743030548
hsa-miR-92a-3p,CDH1,1,,0.07278867065906525
hsa-miR-92a-3p,RFFL,1,,0.15225479006767273
hsa-miR-92a-3p,ZNF19,0,26.7,0.053273528814315796
hsa-miR-92a-3p,STXBP4,0,30.7,0.21966493129730225
hsa-miR-92a-3p,RIMS2,0,,0.17980360984802246
hsa-miR-92a-3p,LAMTOR3,0,,0.17707234621047974
hsa-miR-92a-3p,SYN3,0,32.6,0.1869743913412094
hsa-miR-92a-3p,PCGF5,1,23.1,0.1166566014289856
hsa-miR-92a-3p,APOBEC3F,0,26.0,0.16597980260849
hsa-miR-92a-3p,NUDCD2,0,,0.19047819077968597
hsa-miR-92a-3p,ZNF8,0,,0.03969088941812515
hsa-miR-92a-3p,SEC14L6,0,,0.38819190859794617
hsa-miR-93-5p,PPARD,0,31.5,0.1249115914106369
hsa-miR-93-5p,UGGT1,0,,0.021702975034713745
hsa-miR-93-5p,BDH1,0,,0.2016010284423828
hsa-miR-93-5p,SF3B1,0,27.8,0.18001863360404968
hsa-miR-93-5p,MAPK9,1,27.5,0.17835086584091187
hsa-miR-93-5p,PTEN,1,,0.2157934457063675
hsa-miR-93-5p,KCNN3,0,,0.056982897222042084
hsa-miR-93-5p,PAN2,0,28.5,0.06443731486797333
hsa-miR-93-5p,ZKSCAN1,0,,0.012088477611541748
hsa-miR-93-5p,PRR16,0,24.7,0.2823912501335144
hsa-miR-93-5p,LAMA4,0,19.4,0.059107739478349686
hsa-miR-93-5p,PIK3C3,0,25.5,0.27814266085624695
hsa-miR-93-5p,MOSPD1,0,22.0,0.22645246982574463
hsa-miR-93-5p,ADAL,0,22.0,0.07242906093597412
hsa-miR-93-5p,TGFBR2,1,,0.30400514602661133
hsa-miR-93-5p,NRXN3,0,,0.11815682053565979
hsa-miR-93-5p,PHF5A,0,,0.058992430567741394
hsa-miR-93-5p,ITGB8,1,,0.2783924639225006
hsa-miR-93-5p,N4BP2,0,,0.023799031972885132
hsa-miR-93-5p,SYNE2,0,27.4,0.18358471989631653
hsa-miR-93-5p,STAC,0,25.0,0.18533501029014587
hsa-miR-93-5p,SMAD7,1,25.3,0.2452964037656784
hsa-miR-93-5p,DAB2,1,22.8,0.2468109279870987
hsa-miR-93-5p,BCAS2,0,,0.14752764999866486
hsa-miR-93-5p,KLHL2,0,27.7,0.2942659556865692
hsa-miR-93-5p,VEGFA,1,29.0,0.042101673781871796
hsa-miR-93-5p,ZNF565,0,32.9,0.11812032759189606
hsa-miR-93-5p,NLN,0,,0.10668652504682541
hsa-miR-93-5p,TRPM3,0,22.5,0.217116117477417
hsa-miR-93-5p,ZNF713,0,,0.05126897618174553
hsa-miR-93-5p,SLC2A4,1,26.5,0.30030161142349243
hsa-miR-93-5p,NUF2,0,,0.2200040966272354
hsa-miR-93-5p,FAM83F,0,,0.019407033920288086
hsa-miR-93-5p,DENND4C,0,31.9,0.058627013117074966
hsa-miR-93-5p,TP53INP1,1,,0.1684112548828125
hsa-miR-93-5p,CYB561A3,0,25.8,0.014025568962097168
hsa-miR-93-5p,PKHD1,0,28.7,0.14536431431770325
hsa-miR-93-5p,KAT2B,1,23.1,0.3072187900543213
hsa-miR-93-5p,XYLB,0,31.8,0.0796293392777443
hsa-miR-93-5p,TCHH,0,25.6,0.2623554468154907
hsa-miR-93-5p,SP110,0,19.5,0.06549001485109329
hsa-miR-93-5p,RGP1,0,,0.06890265643596649
hsa-miR-93-5p,ILDR1,0,33.3,0.23689377307891846
hsa-miR-93-5p,ICK,0,,0.2019231617450714
hsa-miR-93-5p,MRPS7,0,32.2,0.14276084303855896
hsa-miR-93-5p,MED7,0,,0.19447197020053864
hsa-miR-93-5p,ZNF283,0,31.5,0.21965672075748444
hsa-miR-93-5p,SORT1,0,,0.1953486055135727
hsa-miR-93-5p,PRMT2,0,26.4,0.152034193277359
hsa-miR-93-5p,LALBA,0,28.3,0.2872978746891022
hsa-miR-93-5p,E2F1,1,26.4,0.19563844799995422
hsa-miR-93-5p,NUDT5,0,23.5,0.3034675717353821
hsa-miR-93-5p,STXBP4,0,25.9,0.068192258477211
hsa-miR-93-5p,TUSC2,1,28.7,0.23504142463207245
hsa-miR-93-5p,CDKN1A,1,26.5,0.14443475008010864
hsa-miR-93-5p,PRMT3,0,,0.1091892346739769
hsa-miR-93-5p,DGKH,0,,0.14656680822372437
hsa-miR-93-5p,TRIM71,0,,0.054259590804576874
hsa-miR-93-5p,TTC37,0,,0.1336173415184021
hsa-miR-93-5p,ZBTB4,1,,0.23803898692131042
hsa-miR-93-5p,CTSK,0,25.1,0.3376191258430481
hsa-miR-93-5p,MKI67,0,,0.18617719411849976
hsa-miR-93-5p,C17orf102,0,,0.13182422518730164
hsa-miR-93-5p,OSTF1,0,,0.014907479286193848
hsa-miR-96-5p,MFAP3L,0,19.6,0.24179190397262573
hsa-miR-96-5p,AAGAB,0,,0.2964039444923401
hsa-miR-96-5p,SLC6A6,1,20.0,0.2171028107404709
hsa-miR-96-5p,RPA3-AS1,0,24.9,0.335323691368103
hsa-miR-96-5p,PROS1,0,21.3,0.29547905921936035
hsa-miR-96-5p,SHC1,0,24.7,0.24644415080547333
hsa-miR-96-5p,GSK3B,1,,0.10346312075853348
hsa-miR-96-5p,RDH10,0,,0.3126673698425293
hsa-miR-96-5p,CLYBL,0,19.5,0.13841745257377625
hsa-miR-96-5p,FOXO3,1,,0.2766537070274353
hsa-miR-96-5p,SIK1,0,,0.32350489497184753
hsa-miR-96-5p,DSN1,0,,0.13959065079689026
hsa-miR-96-5p,FAM184B,0,,0.2628207802772522
hsa-miR-96-5p,SLC1A1,1,25.3,0.6451109647750854
hsa-miR-96-5p,PPIP5K2,0,,0.22024933993816376
hsa-miR-96-5p,UNC13C,0,24.0,0.6300780773162842
hsa-miR-96-5p,AL161915.1,0,,0.19375720620155334
hsa-miR-96-5p,DMP1,0,22.9,0.226980522274971
hsa-miR-96-5p,SUPT20H,0,21.3,0.8181694149971008
hsa-miR-96-5p,IQCE,0,,0.20341412723064423
hsa-miR-96-5p,CLDN20,0,24.9,0.788392186164856
hsa-miR-96-5p,C6orf211,0,,0.2192072719335556
hsa-miR-96-5p,TMEM138,0,23.0,0.30080273747444153
hsa-miR-96-5p,IL4R,0,23.4,0.2100025713443756
hsa-miR-96-5p,KRAS,1,20.7,0.24423374235630035
hsa-miR-96-5p,TMEM154,0,20.0,0.20730029046535492
hsa-miR-96-5p,MITF,1,,0.22016185522079468
hsa-miR-96-5p,PLEKHS1,0,22.5,0.2353508025407791
hsa-miR-96-5p,ZEB1,1,,0.31329235434532166
hsa-miR-96-5p,REV1,1,21.2,0.7746708989143372
hsa-miR-96-5p,SNAI2,1,22.0,0.33679330348968506
hsa-miR-96-5p,NEK7,0,9.8,0.38331976532936096
hsa-miR-96-5p,GNPNAT1,0,,0.2811189889907837
hsa-miR-96-5p,FOXO1,1,,0.4827391505241394
hsa-miR-96-5p,ADCY6,1,,0.47262316942214966
hsa-miR-96-5p,SEPT8,0,24.5,0.2707539200782776
hsa-miR-96-5p,TMEM19,0,25.2,0.279087096452713
hsa-miR-96-5p,POLR2D,0,,0.27471065521240234
hsa-miR-96-5p,ANKRD22,0,,0.2985422611236572
hsa-miR-96-5p,GNL1,0,,0.1722494661808014
hsa-miR-96-5p,DEXI,0,24.5,0.2665708661079407
hsa-miR-96-5p,TOP2A,0,18.7,0.35282769799232483
hsa-miR-96-5p,LRRC55,0,,0.23855437338352203
hsa-miR-96-5p,RAD51,1,,0.32649606466293335
hsa-miR-96-5p,ALK,1,19.5,0.4222222566604614
hsa-miR-96-5p,LZTS1,0,,0.11559107154607773
hsa-miR-96-5p,SCARB1,1,26.9,0.3845879137516022
hsa-miR-96-5p,FMN1,0,23.3,0.16342651844024658
hsa-miR-96-5p,SNW1,0,22.0,0.4307459890842438
hsa-miR-98-5p,NR1I3,0,19.2,0.4248834252357483
hsa-miR-98-5p,E2F2,1,,0.2528473436832428
hsa-miR-98-5p,ATG16L1,0,21.6,0.23980450630187988
hsa-miR-98-5p,PP13439,0,,0.2604617774486542
hsa-miR-98-5p,SLC12A9,0,22.3,0.42323392629623413
hsa-miR-98-5p,NCOA3,1,,0.2763479948043823
hsa-miR-98-5p,PAPOLA,0,,0.4223702847957611
hsa-miR-98-5p,SMAD2,0,19.5,0.2918344736099243
hsa-miR-98-5p,SOCS7,0,,0.158298522233963
hsa-miR-98-5p,NUF2,0,,0.3608384430408478
hsa-miR-98-5p,CHUK,0,17.9,0.329312801361084
hsa-miR-98-5p,SLC31A1,0,20.5,0.3141356110572815
hsa-miR-98-5p,PLGRKT,0,,0.38149815797805786
hsa-miR-98-5p,STX6,0,,0.20644058287143707
hsa-miR-98-5p,RPL37A,0,24.0,0.10434624552726746
hsa-miR-98-5p,MYC,1,23.5,0.35433393716812134
hsa-miR-98-5p,EZH2,1,19.5,0.37028124928474426
hsa-miR-98-5p,CYP19A1,1,19.7,0.3546188175678253
hsa-miR-98-5p,IL13,1,24.6,0.45313072204589844
hsa-miR-98-5p,PGRMC1,1,18.8,0.37312522530555725
hsa-miR-98-5p,TRMT10A,0,,0.324727326631546
hsa-miR-98-5p,NAT6,0,20.8,0.3027036190032959
hsa-miR-98-5p,CCNJ,1,21.3,0.5460854768753052
hsa-miR-98-5p,TUSC2,1,26.3,0.26656728982925415
hsa-miR-98-5p,RBFOX1,0,21.9,0.36844804883003235
hsa-miR-98-5p,KIAA0040,0,,0.1859254091978073
hsa-miR-98-5p,TP53RK,0,,0.11508528888225555
hsa-miR-98-5p,SOCS4,1,,0.2887761890888214
hsa-miR-98-5p,WDFY2,0,,0.28828608989715576
hsa-miR-98-5p,ZNF341,0,28.0,0.6175305247306824
